triage_rank,provider_year_key,cms_provider_number,fiscal_year,provider_name,state_abbr,street_address,city,zip5,triage_priority,provider_volume_score,facility_id,facility_name,address,citytown,state,zip_code,countyparish,cms_hgi_fips,cms_hgi_candidate_fips,cms_hgi_county_name,cms_hgi_address_score,cms_hgi_address_checks,reviewer_decision,cms_hgi_review_issue,prior_osm_fips,prior_osm_county_name,prior_osm_confidence,prior_osm_candidate_issue,retry_candidate_fips,retry_candidate_county_name,retry_match_status,retry_match_type,retry_matched_address,retry_candidate_confidence,cms_hgi_query_url
1,050224__2023,050224,2023,HOAG MEMORIAL HOSPITAL PRESBYTERIAN,CA,ONE HOAG DRIVE,NEWPORT BEACH,92658,P0,1.0,050224,HOAG MEMORIAL HOSPITAL PRESBYTERIAN,ONE HOAG DRIVE,NEWPORT BEACH,CA,92663,ORANGE,06059,06059,"Orange County, California",0.8800,state_match; city_match; cms_zip_available; street_match; cms_county_present,accept,Official CMS HGI Facility ID row provides county/parish and state-supported address evidence.,06059,"Orange County, California",0.64,house_number_not_supported; postcode_not_supported; confidence_below_0_90,06059,"Orange County, California",Match,Non_Exact,"1 HOAG DR, NEWPORT BEACH, CA, 92663",0.76,https://data.cms.gov/provider-data/api/1/datastore/query/xubh-q36u/0?conditions%5B0%5D%5Bproperty%5D=facility_id&conditions%5B0%5D%5Boperator%5D=%3D&conditions%5B0%5D%5Bvalue%5D=050224&limit=5
2,390180__2023,390180,2023,CROZER CHESTER MEDICAL CENTER,PA,ONE MEDICAL CENTER BLVD.,UPLAND,19013,P0,1.0,390180,CROZER CHESTER MEDICAL CENTER,ONE MEDICAL CENTER BOULEVARD,UPLAND,PA,19013,DELAWARE,42045,42045,"Delaware County, Pennsylvania",0.8200,state_match; city_match; zip_match; cms_street_available; cms_county_present,accept,Official CMS HGI Facility ID row provides county/parish and state-supported address evidence.,42045,"Delaware County, Pennsylvania",0.7,house_number_not_supported; confidence_below_0_90,42045,"Delaware County, Pennsylvania",Match,Non_Exact,"1 MEDICAL CENTER BLVD, CHESTER, PA, 19013",0.86,https://data.cms.gov/provider-data/api/1/datastore/query/xubh-q36u/0?conditions%5B0%5D%5Bproperty%5D=facility_id&conditions%5B0%5D%5Boperator%5D=%3D&conditions%5B0%5D%5Bvalue%5D=390180&limit=5
3,220084__2023,220084,2023,EMERSON HOSPITAL,MA,113 ORNC,CONCORD,01742,P0,0.9569,220084,EMERSON HOSPITAL -,133 OLD ROAD TO 9 ACRE CORNER,W CONCORD,MA,01742,MIDDLESEX,25017,25017,"Middlesex County, Massachusetts",0.8200,state_match; city_match; zip_match; cms_street_available; cms_county_present,accept,Official CMS HGI Facility ID row provides county/parish and state-supported address evidence.,25017,"Middlesex County, Massachusetts",0.78,house_number_not_supported; confidence_below_0_90,,,,,,,https://data.cms.gov/provider-data/api/1/datastore/query/xubh-q36u/0?conditions%5B0%5D%5Bproperty%5D=facility_id&conditions%5B0%5D%5Boperator%5D=%3D&conditions%5B0%5D%5Bvalue%5D=220084&limit=5
4,100269__2024,100269,2024,HCA FLORIDA PALMS WEST HOSPITAL,FL,13001 STATE ROAD 80,LOXAHATCHEE,33470,P0,0.8782,100269,HCA FLORIDA PALMS WEST HOSPITAL,13001 SOUTHERN BLVD,LOXAHATCHEE,FL,33470,PALM BEACH,12099,12099,"Palm Beach County, Florida",0.8200,state_match; city_match; zip_match; cms_street_available; cms_county_present,accept,Official CMS HGI Facility ID row provides county/parish and state-supported address evidence.,,,,no_geocoder_result,,,,,,,https://data.cms.gov/provider-data/api/1/datastore/query/xubh-q36u/0?conditions%5B0%5D%5Bproperty%5D=facility_id&conditions%5B0%5D%5Boperator%5D=%3D&conditions%5B0%5D%5Bvalue%5D=100269&limit=5
5,110192__2024,110192,2024,PIEDMONT EASTSIDE MEDICAL CENTER,GA,1700 MEDICAL WAY,SNELLVILLE,30278,P0,0.7441,110192,PIEDMONT EASTSIDE MEDICAL CENTER,1700 MEDICAL WAY,SNELLVILLE,GA,30078,GWINNETT,13135,13135,"Gwinnett County, Georgia",0.8800,state_match; city_match; cms_zip_available; street_match; cms_county_present,accept,Official CMS HGI Facility ID row provides county/parish and state-supported address evidence.,13135,"Gwinnett County, Georgia",0.82,postcode_not_supported; confidence_below_0_90,13135,"Gwinnett County, Georgia",Match,Non_Exact,"1700 MEDICAL WAY, SNELLVILLE, GA, 30078",0.76,https://data.cms.gov/provider-data/api/1/datastore/query/xubh-q36u/0?conditions%5B0%5D%5Bproperty%5D=facility_id&conditions%5B0%5D%5Boperator%5D=%3D&conditions%5B0%5D%5Bvalue%5D=110192&limit=5
6,264010__2024,264010,2024,ST. LOUIS FORENSIC TREATMENT CENTER,MO,500 ARSENAL STREET,ST.LOUIS,63119,P0,0.6048,264010,ST LOUIS FORENSIC TREATMENT CENTER,5400 ARSENAL ST,SAINT LOUIS,MO,63139,ST. LOUIS,29510,29189;29510,"St. Louis city, Missouri",0.5000,state_match; city_differs; cms_zip_available; cms_street_available; cms_county_present,accept,Official CMS HGI Facility ID row provides county/parish and state-supported address evidence.,29510,"St. Louis city, Missouri",0.64,postcode_not_supported; city_not_supported; confidence_below_0_90,29510,"St. Louis city, Missouri",Match,Non_Exact,"500 ARSENAL ST, SAINT LOUIS, MO, 63118",0.76,https://data.cms.gov/provider-data/api/1/datastore/query/xubh-q36u/0?conditions%5B0%5D%5Bproperty%5D=facility_id&conditions%5B0%5D%5Boperator%5D=%3D&conditions%5B0%5D%5Bvalue%5D=264010&limit=5
7,440194__2024,440194,2024,TRISTAR HENDERSONVILLE MEDICAL CENTE,TN,355 NEW SHACKLE ISLAND,HENDERSONVILLE,37215,P0,0.5467,440194,TRISTAR HENDERSONVILLE MEDICAL CENTER,355 NEW SHACKLE ISLAND RD,HENDERSONVILLE,TN,37075,SUMNER,47165,47165,"Sumner County, Tennessee",0.8800,state_match; city_match; cms_zip_available; street_match; cms_county_present,accept,Official CMS HGI Facility ID row provides county/parish and state-supported address evidence.,47165,"Sumner County, Tennessee",0.82,postcode_not_supported; confidence_below_0_90,47165,"Sumner County, Tennessee",Match,Non_Exact,"355 NEW SHACKLE ISLAND RD, HENDERSONVILLE, TN, 37075",0.76,https://data.cms.gov/provider-data/api/1/datastore/query/xubh-q36u/0?conditions%5B0%5D%5Bproperty%5D=facility_id&conditions%5B0%5D%5Boperator%5D=%3D&conditions%5B0%5D%5Bvalue%5D=440194&limit=5
8,140008__2024,140008,2024,GOTTLIEB MEMORIAL HOSPITAL,IL,8700 WEST NORTH AVENUE,MELROSE PARK,60160,P0,0.3827,140008,LOYOLA GOTTLIEB MEMORIAL HOSPITAL,701 WEST NORTH AVE,MELROSE PARK,IL,60160,COOK,17031,17031,"Cook County, Illinois",0.8200,state_match; city_match; zip_match; cms_street_available; cms_county_present,accept,Official CMS HGI Facility ID row provides county/parish and state-supported address evidence.,17031,"Cook County, Illinois",0.78,house_number_not_supported; confidence_below_0_90,,,,,,,https://data.cms.gov/provider-data/api/1/datastore/query/xubh-q36u/0?conditions%5B0%5D%5Bproperty%5D=facility_id&conditions%5B0%5D%5Boperator%5D=%3D&conditions%5B0%5D%5Bvalue%5D=140008&limit=5
9,110023__2023,110023,2023,ADVENTHEALTH GORDON,GA,1035 RED BUD ROAD,CALHOUN,30703,P0,0.3601,110023,ADVENTHEALTH GORDON,1035 RED BUD ROAD,CALHOUN,GA,30701,GORDON,13129,13129,"Gordon County, Georgia",0.8800,state_match; city_match; cms_zip_available; street_match; cms_county_present,accept,Official CMS HGI Facility ID row provides county/parish and state-supported address evidence.,13129,"Gordon County, Georgia",0.82,postcode_not_supported; confidence_below_0_90,13129,"Gordon County, Georgia",Match,Non_Exact,"1035 RED BUD RD NE, CALHOUN, GA, 30701",0.76,https://data.cms.gov/provider-data/api/1/datastore/query/xubh-q36u/0?conditions%5B0%5D%5Bproperty%5D=facility_id&conditions%5B0%5D%5Boperator%5D=%3D&conditions%5B0%5D%5Bvalue%5D=110023&limit=5
10,100320__2024,100320,2024,HCA FLORIDA POINCIANA HOSPITAL,FL,325 CYPRESS PARKWAY,KISSIMMMEE,34758,P0,0.3405,100320,HCA FLORIDA POINCIANA HOSPITAL,325 CYPRESS PKWY,KISSIMMEE,FL,34758,OSCEOLA,12097,12097,"Osceola County, Florida",0.6200,state_match; city_differs; zip_match; cms_street_available; cms_county_present,accept,Official CMS HGI Facility ID row provides county/parish and state-supported address evidence.,,,,no_geocoder_result,,,,,,,https://data.cms.gov/provider-data/api/1/datastore/query/xubh-q36u/0?conditions%5B0%5D%5Bproperty%5D=facility_id&conditions%5B0%5D%5Boperator%5D=%3D&conditions%5B0%5D%5Bvalue%5D=100320&limit=5
11,230193__2023,230193,2023,MCLAREN LAPEER REGION,MI,1375 NORTH MAIN STREET,LAPEER,48436,P0,0.3289,230193,MCLAREN LAPEER REGION,1375 N MAIN ST,LAPEER,MI,48446,LAPEER,26087,26087,"Lapeer County, Michigan",0.7000,state_match; city_match; cms_zip_available; cms_street_available; cms_county_present,accept,Official CMS HGI Facility ID row provides county/parish and state-supported address evidence.,26087,"Lapeer County, Michigan",0.82,postcode_not_supported; confidence_below_0_90,26087,"Lapeer County, Michigan",Match,Non_Exact,"1375 N MAIN ST, LAPEER, MI, 48446",0.76,https://data.cms.gov/provider-data/api/1/datastore/query/xubh-q36u/0?conditions%5B0%5D%5Bproperty%5D=facility_id&conditions%5B0%5D%5Boperator%5D=%3D&conditions%5B0%5D%5Bvalue%5D=230193&limit=5
12,450587__2024,450587,2024,HENDRICK MEDICAL CENTER BROWNWOOD,TX,1501 BURNET DRIVE,BROWNWOOD,76804,P0,0.3149,450587,HENDRICK MEDICAL CENTER BROWNWOOD,1501 BURNET DR,BROWNWOOD,TX,76801,BROWN,48049,48049,"Brown County, Texas",0.8800,state_match; city_match; cms_zip_available; street_match; cms_county_present,accept,Official CMS HGI Facility ID row provides county/parish and state-supported address evidence.,,,,no_geocoder_result,48049,"Brown County, Texas",Match,Non_Exact,"1501 BURNEY DR, BROWNWOOD, TX, 76801",0.76,https://data.cms.gov/provider-data/api/1/datastore/query/xubh-q36u/0?conditions%5B0%5D%5Bproperty%5D=facility_id&conditions%5B0%5D%5Boperator%5D=%3D&conditions%5B0%5D%5Bvalue%5D=450587&limit=5
13,110128__2024,110128,2024,MEADOWS REGIONAL MEDICAL CENTER,GA,1 MEADOWS PARKWAY,VIDALIA,30474,P0,0.3148,110128,MEMORIAL HEALTH MEADOWS HOSPITAL,ONE MEADOWS PARKWAY,VIDALIA,GA,30474,TOOMBS,13279,13279,"Toombs County, Georgia",0.8200,state_match; city_match; zip_match; cms_street_available; cms_county_present,accept,Official CMS HGI Facility ID row provides county/parish and state-supported address evidence.,,,,no_geocoder_result,,,,,,,https://data.cms.gov/provider-data/api/1/datastore/query/xubh-q36u/0?conditions%5B0%5D%5Bproperty%5D=facility_id&conditions%5B0%5D%5Boperator%5D=%3D&conditions%5B0%5D%5Bvalue%5D=110128&limit=5
14,460013__2024,460013,2024,MOUNTAIN VIEW HOSPITAL,UT,1000 EAST 100 NORTH,PAYSON,84651,P0,0.2823,460013,MOUNTAIN VIEW HOSPITAL,1000 EAST 100 NORTH,PAYSON,UT,84651,UTAH,49049,49049,"Utah County, Utah",1.0000,state_match; city_match; zip_match; street_match; cms_county_present,accept,Official CMS HGI Facility ID row provides county/parish and state-supported address evidence.,49049,"Utah County, Utah",0.78,house_number_not_supported; confidence_below_0_90,49049,"Utah County, Utah",Match,Non_Exact,"1000 E 100 S, PAYSON, UT, 84651",0.86,https://data.cms.gov/provider-data/api/1/datastore/query/xubh-q36u/0?conditions%5B0%5D%5Bproperty%5D=facility_id&conditions%5B0%5D%5Boperator%5D=%3D&conditions%5B0%5D%5Bvalue%5D=460013&limit=5
15,190014__2023,190014,2023,OCHSNER ST. MARY,LA,1125 MARGUERITE STREET,MORGAN CITY,70308,P0,0.2491,190014,OCHSNER ST MARY,1125 MARGUERITE STREET,MORGAN CITY,LA,70380,ST. MARY,22101,22101,"St. Mary Parish, Louisiana",0.8800,state_match; city_match; cms_zip_available; street_match; cms_county_present,accept,Official CMS HGI Facility ID row provides county/parish and state-supported address evidence.,22101,"St. Mary Parish, Louisiana",0.78,postcode_not_supported; confidence_below_0_90,22101,"St. Mary Parish, Louisiana",Match,Non_Exact,"1125 MARGUERITE ST, MORGAN CITY, LA, 70380",0.76,https://data.cms.gov/provider-data/api/1/datastore/query/xubh-q36u/0?conditions%5B0%5D%5Bproperty%5D=facility_id&conditions%5B0%5D%5Boperator%5D=%3D&conditions%5B0%5D%5Bvalue%5D=190014&limit=5
16,170006__2024,170006,2024,VIA CHRISTI HOSPITAL PITTSBURG  INC.,KS,1 MT CARMEL WAY,PITTSBURG,66762,P0,0.2489,170006,"MERCY HOSPITAL PITTSBURG, INC",1 MT CARMEL WAY,PITTSBURG,KS,66762,CRAWFORD,20037,20037,"Crawford County, Kansas",1.0000,state_match; city_match; zip_match; street_match; cms_county_present,accept,Official CMS HGI Facility ID row provides county/parish and state-supported address evidence.,,,,no_geocoder_result,,,,,,,https://data.cms.gov/provider-data/api/1/datastore/query/xubh-q36u/0?conditions%5B0%5D%5Bproperty%5D=facility_id&conditions%5B0%5D%5Boperator%5D=%3D&conditions%5B0%5D%5Bvalue%5D=170006&limit=5
17,194114__2023,194114,2023,RIVER PLACE BEHAVIORAL HEALTH,LA,500 RUE DE SANTE,LAPLACE,70068,P0,0.2467,194114,RIVER PLACE BEHAVIORAL HEALTH,500 RUE DE SANTE,LAPLACE,LA,70068,ST. JOHN BAPTIST,22095,22095,"St. John the Baptist Parish, Louisiana",1.0000,state_match; city_match; zip_match; street_match; cms_county_present,accept,Official CMS HGI Facility ID row provides county/parish and state-supported address evidence.,22095,"St. John the Baptist Parish, Louisiana",0.88,confidence_below_0_90,,,,,,,https://data.cms.gov/provider-data/api/1/datastore/query/xubh-q36u/0?conditions%5B0%5D%5Bproperty%5D=facility_id&conditions%5B0%5D%5Boperator%5D=%3D&conditions%5B0%5D%5Bvalue%5D=194114&limit=5
18,241355__2023,241355,2023,GLENCOE REGIONAL HEALTH SERVICES,MN,705 EAST 18TH STREEET,GLENCOE,55336,P0,0.1927,241355,GLENCOE REGIONAL HEALTH,1805 HENNEPIN AVENUE NORTH,GLENCOE,MN,55336,MC LEOD,27085,27085,"McLeod County, Minnesota",0.8200,state_match; city_match; zip_match; cms_street_available; cms_county_present,accept,Official CMS HGI Facility ID row provides county/parish and state-supported address evidence.,27085,"McLeod County, Minnesota",0.78,house_number_not_supported; confidence_below_0_90,,,,,,,https://data.cms.gov/provider-data/api/1/datastore/query/xubh-q36u/0?conditions%5B0%5D%5Bproperty%5D=facility_id&conditions%5B0%5D%5Boperator%5D=%3D&conditions%5B0%5D%5Bvalue%5D=241355&limit=5
19,144028__2024,144028,2024,JOHN J MADDEN MENTAL HEALTH CENTER,IL,1200 S FIRST AVE,HINES,60141,P0,0.1212,144028,MADDEN MENTAL HEALTH CENTER,1200 S FIRST AVE,HINES,IL,60141,COOK,17031,17031,"Cook County, Illinois",1.0000,state_match; city_match; zip_match; street_match; cms_county_present,accept,Official CMS HGI Facility ID row provides county/parish and state-supported address evidence.,,,,no_geocoder_result,,,,,,,https://data.cms.gov/provider-data/api/1/datastore/query/xubh-q36u/0?conditions%5B0%5D%5Bproperty%5D=facility_id&conditions%5B0%5D%5Boperator%5D=%3D&conditions%5B0%5D%5Bvalue%5D=144028&limit=5
20,110236__2024,110236,2024,CHI MEMORIAL HOSPITAL - GEORGIA,GA,101 GROSS CRESCENT CIRCLE,FT OGLETHORPE,30742,P0,0.083,110236,CHI MEMORIAL HOSPITAL- GEORGIA,4710 BATTLEFIELD PARKWAY,RINGGOLD,GA,30736,CATOOSA,13047,13047,"Catoosa County, Georgia",0.5000,state_match; city_differs; cms_zip_available; cms_street_available; cms_county_present,accept,Official CMS HGI Facility ID row provides county/parish and state-supported address evidence.,13047,"Catoosa County, Georgia",0.42,house_number_not_supported; postcode_not_supported; city_not_supported; confidence_below_0_90,,,,,,,https://data.cms.gov/provider-data/api/1/datastore/query/xubh-q36u/0?conditions%5B0%5D%5Bproperty%5D=facility_id&conditions%5B0%5D%5Boperator%5D=%3D&conditions%5B0%5D%5Bvalue%5D=110236&limit=5
21,370178__2024,370178,2024,ADAIR COUNTY  HEALTH CENTER,OK,100 HIGHWAY WEST,STILWELL,74960,P0,0.0712,370178,MEMORIAL HOSPITAL,1401 WEST LOCUST,STILWELL,OK,74960,ADAIR,40001,40001,"Adair County, Oklahoma",0.8200,state_match; city_match; zip_match; cms_street_available; cms_county_present,accept,Official CMS HGI Facility ID row provides county/parish and state-supported address evidence.,,,,no_geocoder_result,,,,,,,https://data.cms.gov/provider-data/api/1/datastore/query/xubh-q36u/0?conditions%5B0%5D%5Bproperty%5D=facility_id&conditions%5B0%5D%5Boperator%5D=%3D&conditions%5B0%5D%5Bvalue%5D=370178&limit=5
22,511310__2024,511310,2024,SUMMERS COUNTY ARH,WV,TERRACE STREET,HINTON,25951,P0,0.0593,511310,SUMMERS COUNTY ARH HOSPITAL,115 SUMMERS HOSPITAL ROAD,HINTON,WV,25951,SUMMERS,54089,54089,"Summers County, West Virginia",0.8200,state_match; city_match; zip_match; cms_street_available; cms_county_present,accept,Official CMS HGI Facility ID row provides county/parish and state-supported address evidence.,54089,"Summers County, West Virginia",0.52,house_number_not_supported; postcode_not_supported; confidence_below_0_90,,,,,,,https://data.cms.gov/provider-data/api/1/datastore/query/xubh-q36u/0?conditions%5B0%5D%5Bproperty%5D=facility_id&conditions%5B0%5D%5Boperator%5D=%3D&conditions%5B0%5D%5Bvalue%5D=511310&limit=5
23,670285__2023,670285,2023,KINGWOOD EMERGENCY HOSPITAL,TX,23330 HIGHWAY 59 N,KINGWOOD,77339,P0,0.0469,670285,ELITE HOSPITAL KINGWOOD,23330 HIGHWAY 59 N,KINGWOOD,TX,77339,HARRIS,48201,48201,"Harris County, Texas",1.0000,state_match; city_match; zip_match; street_match; cms_county_present,accept,Official CMS HGI Facility ID row provides county/parish and state-supported address evidence.,,,,no_geocoder_result,,,,,,,https://data.cms.gov/provider-data/api/1/datastore/query/xubh-q36u/0?conditions%5B0%5D%5Bproperty%5D=facility_id&conditions%5B0%5D%5Boperator%5D=%3D&conditions%5B0%5D%5Bvalue%5D=670285&limit=5
24,453317__2023,453317,2023,COOK CHILDREN CARE,TX,4100 W UNIVERSITY DR,PROSPER,75078,P0,0.0,453317,COOK CHILDRENS MEDICAL CENTER PROSPER,4100 W UNIVERSITY DRIVE,PROSPER,TX,75078,COLLIN,48085,48085,"Collin County, Texas",1.0000,state_match; city_match; zip_match; street_match; cms_county_present,accept,Official CMS HGI Facility ID row provides county/parish and state-supported address evidence.,48085,"Collin County, Texas",0.52,house_number_not_supported; postcode_not_supported; confidence_below_0_90,,,,,,,https://data.cms.gov/provider-data/api/1/datastore/query/xubh-q36u/0?conditions%5B0%5D%5Bproperty%5D=facility_id&conditions%5B0%5D%5Boperator%5D=%3D&conditions%5B0%5D%5Bvalue%5D=453317&limit=5
25,464007__2024,464007,2024,BENCHMARK BEHAVIORAL HEALTH SYSTEM I,UT,592 WEST 1350 SOUTH,WOOD CROSS,84087,P0,0.0,464007,,,,,,,,,,0.0000,state_mismatch; city_differs; cms_zip_missing; cms_street_missing,hold,CMS HGI did not return a row for this Facility ID.,,,,no_geocoder_result,49011,"Davis County, Utah",Match,Non_Exact,"592 W 1350 S, WOODS CROSS, UT, 84010",0.76,https://data.cms.gov/provider-data/api/1/datastore/query/xubh-q36u/0?conditions%5B0%5D%5Bproperty%5D=facility_id&conditions%5B0%5D%5Boperator%5D=%3D&conditions%5B0%5D%5Bvalue%5D=464007&limit=5
