attempt_key,provider_year_key,cms_provider_number,fiscal_year,provider_name,state_abbr,external_manual_lane,attempt_label,attempt_query,status_code,result_count,error,attempted_at
f6e20b5eeed19867e7fa,050224__2023,050224,2023,HOAG MEMORIAL HOSPITAL PRESBYTERIAN,CA,external_geocoder_required_no_local_candidate,address_only,"ONE HOAG DRIVE, NEWPORT BEACH, CA, 92658",200,2,,2026-06-05T03:18:48.244183+00:00
dcffd4ef61426be8400e,050224__2023,050224,2023,HOAG MEMORIAL HOSPITAL PRESBYTERIAN,CA,external_geocoder_required_no_local_candidate,provider_address,"HOAG MEMORIAL HOSPITAL PRESBYTERIAN, ONE HOAG DRIVE, NEWPORT BEACH, CA, 92658",200,0,,2026-06-05T03:18:49.414355+00:00
778d2d36412e1183eb57,050224__2023,050224,2023,HOAG MEMORIAL HOSPITAL PRESBYTERIAN,CA,external_geocoder_required_no_local_candidate,address_no_zip,"ONE HOAG DRIVE, NEWPORT BEACH, CA",200,2,,2026-06-05T03:18:50.590503+00:00
185efa40de99724d18cd,050224__2023,050224,2023,HOAG MEMORIAL HOSPITAL PRESBYTERIAN,CA,external_geocoder_required_no_local_candidate,provider_city_zip,"HOAG MEMORIAL HOSPITAL PRESBYTERIAN, NEWPORT BEACH, CA, 92658",200,1,,2026-06-05T03:18:51.748222+00:00
1bd196695f81d0a250d5,050367__2023,050367,2023,NORTHBAY HOSPITAL GROUP,CA,external_geocoder_required_no_local_candidate,address_only,"1200 B. GALE WILSON BLVD, FAIRFIELD, CA, 94533",200,1,,2026-06-05T03:18:52.983595+00:00
88a324b2f8604e150d6e,390180__2023,390180,2023,CROZER CHESTER MEDICAL CENTER,PA,external_geocoder_required_no_local_candidate,address_only,"ONE MEDICAL CENTER BLVD., UPLAND, PA, 19013",200,1,,2026-06-05T03:18:53.049013+00:00
aed06fab574387675c9c,390180__2023,390180,2023,CROZER CHESTER MEDICAL CENTER,PA,external_geocoder_required_no_local_candidate,provider_address,"CROZER CHESTER MEDICAL CENTER, ONE MEDICAL CENTER BLVD., UPLAND, PA, 19013",200,0,,2026-06-05T03:18:54.217006+00:00
1fff080e5654998fb98e,390180__2023,390180,2023,CROZER CHESTER MEDICAL CENTER,PA,external_geocoder_required_no_local_candidate,address_no_zip,"ONE MEDICAL CENTER BLVD., UPLAND, PA",200,1,,2026-06-05T03:18:55.393443+00:00
2731457a7f1ace5f9f54,390180__2023,390180,2023,CROZER CHESTER MEDICAL CENTER,PA,external_geocoder_required_no_local_candidate,provider_city_zip,"CROZER CHESTER MEDICAL CENTER, UPLAND, PA, 19013",200,0,,2026-06-05T03:18:56.567812+00:00
00cf88b7d4e7e92de61d,250141__2023,250141,2023,BAPTIST MEM HOSPITAL DESOTO,MS,external_geocoder_required_no_local_candidate,address_only,"7601 SOUTHCREST, SOUTHAVEN, MS, 38671",200,2,,2026-06-05T03:18:57.746895+00:00
86be04e949bef8cc6cc5,220084__2023,220084,2023,EMERSON HOSPITAL,MA,external_geocoder_required_no_local_candidate,address_only,"113 ORNC, CONCORD, MA, 01742",200,0,,2026-06-05T03:18:57.821588+00:00
b538ae2c779a5b2766c2,220084__2023,220084,2023,EMERSON HOSPITAL,MA,external_geocoder_required_no_local_candidate,provider_address,"EMERSON HOSPITAL, 113 ORNC, CONCORD, MA, 01742",200,0,,2026-06-05T03:18:58.993203+00:00
6363d321ff72f502ffe0,220084__2023,220084,2023,EMERSON HOSPITAL,MA,external_geocoder_required_no_local_candidate,address_no_zip,"113 ORNC, CONCORD, MA",200,0,,2026-06-05T03:19:00.162485+00:00
c3d4af7f59975b43fcab,220084__2023,220084,2023,EMERSON HOSPITAL,MA,external_geocoder_required_no_local_candidate,provider_city_zip,"EMERSON HOSPITAL, CONCORD, MA, 01742",200,1,,2026-06-05T03:19:01.341460+00:00
88100102f257bdc51dcc,150015__2023,150015,2023,FRANCISCAN HEALTH MICHIGAN CITY,IN,external_geocoder_required_no_local_candidate,address_only,"3500 FRANCISCAN WAY, MICHIGAN CITY, IN, 46360",200,1,,2026-06-05T03:19:02.717066+00:00
72cb0df37ba18d8355b3,140164__2024,140164,2024,MEMORIAL HOSPITAL OF CARBONDALE,IL,external_geocoder_required_no_local_candidate,address_only,"405 W. JACKSON ST., CARBONDALE, IL, 62902",200,1,,2026-06-05T03:19:03.137189+00:00
94eef28b116ae018dd09,100269__2024,100269,2024,HCA FLORIDA PALMS WEST HOSPITAL,FL,external_geocoder_required_no_local_candidate,address_only,"13001 STATE ROAD 80, LOXAHATCHEE, FL, 33470",200,0,,2026-06-05T03:19:03.741100+00:00
a00add33df9384a1f110,100269__2024,100269,2024,HCA FLORIDA PALMS WEST HOSPITAL,FL,external_geocoder_required_no_local_candidate,provider_address,"HCA FLORIDA PALMS WEST HOSPITAL, 13001 STATE ROAD 80, LOXAHATCHEE, FL, 33470",200,0,,2026-06-05T03:19:05.262287+00:00
840f171d72892a6fe0ef,100269__2024,100269,2024,HCA FLORIDA PALMS WEST HOSPITAL,FL,external_geocoder_required_no_local_candidate,address_no_zip,"13001 STATE ROAD 80, LOXAHATCHEE, FL",200,0,,2026-06-05T03:19:06.696222+00:00
3f1c7bd0695b54946840,100269__2024,100269,2024,HCA FLORIDA PALMS WEST HOSPITAL,FL,external_geocoder_required_no_local_candidate,provider_city_zip,"HCA FLORIDA PALMS WEST HOSPITAL, LOXAHATCHEE, FL, 33470",200,0,,2026-06-05T03:19:08.307321+00:00
7e1b91c3390fb20eb3bc,110192__2024,110192,2024,PIEDMONT EASTSIDE MEDICAL CENTER,GA,external_geocoder_required_no_local_candidate,address_only,"1700 MEDICAL WAY, SNELLVILLE, GA, 30278",200,2,,2026-06-05T03:19:09.902724+00:00
a1e410d6fb1e799c3138,110192__2024,110192,2024,PIEDMONT EASTSIDE MEDICAL CENTER,GA,external_geocoder_required_no_local_candidate,provider_address,"PIEDMONT EASTSIDE MEDICAL CENTER, 1700 MEDICAL WAY, SNELLVILLE, GA, 30278",200,1,,2026-06-05T03:19:11.489257+00:00
fbfb9f1ee93be0b2a38a,110192__2024,110192,2024,PIEDMONT EASTSIDE MEDICAL CENTER,GA,external_geocoder_required_no_local_candidate,address_no_zip,"1700 MEDICAL WAY, SNELLVILLE, GA",200,2,,2026-06-05T03:19:13.061123+00:00
f99d0a70b6bcc9b3f962,110192__2024,110192,2024,PIEDMONT EASTSIDE MEDICAL CENTER,GA,external_geocoder_required_no_local_candidate,provider_city_zip,"PIEDMONT EASTSIDE MEDICAL CENTER, SNELLVILLE, GA, 30278",200,1,,2026-06-05T03:19:14.606762+00:00
93e4bc13cb7b809ae2b5,264010__2024,264010,2024,ST. LOUIS FORENSIC TREATMENT CENTER,MO,external_geocoder_required_no_local_candidate,address_only,"500 ARSENAL STREET, ST.LOUIS, MO, 63119",200,1,,2026-06-05T03:19:16.265639+00:00
35fa096e2a33fe37d2b9,264010__2024,264010,2024,ST. LOUIS FORENSIC TREATMENT CENTER,MO,external_geocoder_required_no_local_candidate,provider_address,"ST. LOUIS FORENSIC TREATMENT CENTER, 500 ARSENAL STREET, ST.LOUIS, MO, 63119",200,0,,2026-06-05T03:19:17.983361+00:00
65e3587cda2cb563f494,264010__2024,264010,2024,ST. LOUIS FORENSIC TREATMENT CENTER,MO,external_geocoder_required_no_local_candidate,address_no_zip,"500 ARSENAL STREET, ST.LOUIS, MO",200,1,,2026-06-05T03:19:19.420710+00:00
6660397e3d3bd200f156,264010__2024,264010,2024,ST. LOUIS FORENSIC TREATMENT CENTER,MO,external_geocoder_required_no_local_candidate,provider_city_zip,"ST. LOUIS FORENSIC TREATMENT CENTER, ST.LOUIS, MO, 63119",200,0,,2026-06-05T03:19:21.030646+00:00
a0ea5b6ca066da650b3b,100224__2024,100224,2024,HCA FLORIDA WOODMONT HOSPITAL,FL,external_geocoder_required_no_local_candidate,address_only,"7201 UNIVERSITY DRIVE, TAMARAC, FL, 33321",200,1,,2026-06-05T03:19:22.603538+00:00
4b71c0de274da9331544,440068__2023,440068,2023,ATHENS REGIONAL MEDICAL CENTER,TN,external_geocoder_required_no_local_candidate,address_only,"1114 MADISON AVENUE, ATHENS, TN, 37303",200,2,,2026-06-05T03:19:23.109499+00:00
7812e3ededfdd3c9f58d,440194__2024,440194,2024,TRISTAR HENDERSONVILLE MEDICAL CENTE,TN,external_geocoder_required_no_local_candidate,address_only,"355 NEW SHACKLE ISLAND, HENDERSONVILLE, TN, 37215",200,2,,2026-06-05T03:19:23.744306+00:00
34da0c5a7057281d01e8,440194__2024,440194,2024,TRISTAR HENDERSONVILLE MEDICAL CENTE,TN,external_geocoder_required_no_local_candidate,provider_address,"TRISTAR HENDERSONVILLE MEDICAL CENTE, 355 NEW SHACKLE ISLAND, HENDERSONVILLE, TN, 37215",200,0,,2026-06-05T03:19:25.563015+00:00
6a7c69f3df5ba33965d0,440194__2024,440194,2024,TRISTAR HENDERSONVILLE MEDICAL CENTE,TN,external_geocoder_required_no_local_candidate,address_no_zip,"355 NEW SHACKLE ISLAND, HENDERSONVILLE, TN",200,2,,2026-06-05T03:19:27.108183+00:00
2c582cdec9651095eba5,440194__2024,440194,2024,TRISTAR HENDERSONVILLE MEDICAL CENTE,TN,external_geocoder_required_no_local_candidate,provider_city_zip,"TRISTAR HENDERSONVILLE MEDICAL CENTE, HENDERSONVILLE, TN, 37215",200,0,,2026-06-05T03:19:28.661432+00:00
adc81f5b42bbfb424219,140008__2024,140008,2024,GOTTLIEB MEMORIAL HOSPITAL,IL,external_geocoder_required_no_local_candidate,address_only,"8700 WEST NORTH AVENUE, MELROSE PARK, IL, 60160",200,0,,2026-06-05T03:19:30.359597+00:00
456ff87c45f1a07bba00,140008__2024,140008,2024,GOTTLIEB MEMORIAL HOSPITAL,IL,external_geocoder_required_no_local_candidate,provider_address,"GOTTLIEB MEMORIAL HOSPITAL, 8700 WEST NORTH AVENUE, MELROSE PARK, IL, 60160",200,0,,2026-06-05T03:19:32.024093+00:00
e093745c3fbf5aa85741,140008__2024,140008,2024,GOTTLIEB MEMORIAL HOSPITAL,IL,external_geocoder_required_no_local_candidate,address_no_zip,"8700 WEST NORTH AVENUE, MELROSE PARK, IL",200,0,,2026-06-05T03:19:33.944950+00:00
84adc5d340390a83027e,140008__2024,140008,2024,GOTTLIEB MEMORIAL HOSPITAL,IL,external_geocoder_required_no_local_candidate,provider_city_zip,"GOTTLIEB MEMORIAL HOSPITAL, MELROSE PARK, IL, 60160",200,1,,2026-06-05T03:19:35.360417+00:00
119584a0271ada16db1e,110023__2023,110023,2023,ADVENTHEALTH GORDON,GA,external_geocoder_required_no_local_candidate,address_only,"1035 RED BUD ROAD, CALHOUN, GA, 30703",200,3,,2026-06-05T03:19:36.996207+00:00
a288e69cdfbe58c070b1,110023__2023,110023,2023,ADVENTHEALTH GORDON,GA,external_geocoder_required_no_local_candidate,provider_address,"ADVENTHEALTH GORDON, 1035 RED BUD ROAD, CALHOUN, GA, 30703",200,1,,2026-06-05T03:19:38.613827+00:00
4d0947569188cdf496cd,110023__2023,110023,2023,ADVENTHEALTH GORDON,GA,external_geocoder_required_no_local_candidate,address_no_zip,"1035 RED BUD ROAD, CALHOUN, GA",200,3,,2026-06-05T03:19:41.040766+00:00
7c7d8306dc2a535e505a,110023__2023,110023,2023,ADVENTHEALTH GORDON,GA,external_geocoder_required_no_local_candidate,provider_city_zip,"ADVENTHEALTH GORDON, CALHOUN, GA, 30703",200,2,,2026-06-05T03:19:42.495293+00:00
803fbf031a6e16eed3b1,230193__2023,230193,2023,MCLAREN LAPEER REGION,MI,external_geocoder_required_no_local_candidate,address_only,"1375 NORTH MAIN STREET, LAPEER, MI, 48436",200,2,,2026-06-05T03:19:43.987713+00:00
316a0ba1a78f0a1846d1,230193__2023,230193,2023,MCLAREN LAPEER REGION,MI,external_geocoder_required_no_local_candidate,provider_address,"MCLAREN LAPEER REGION, 1375 NORTH MAIN STREET, LAPEER, MI, 48436",200,1,,2026-06-05T03:19:45.574311+00:00
c81ba6deb4eb2c524f13,230193__2023,230193,2023,MCLAREN LAPEER REGION,MI,external_geocoder_required_no_local_candidate,address_no_zip,"1375 NORTH MAIN STREET, LAPEER, MI",200,2,,2026-06-05T03:19:47.237482+00:00
983bc7346d0829b8b832,230193__2023,230193,2023,MCLAREN LAPEER REGION,MI,external_geocoder_required_no_local_candidate,provider_city_zip,"MCLAREN LAPEER REGION, LAPEER, MI, 48436",200,1,,2026-06-05T03:19:48.723561+00:00
cce7b0ffd5865becc49c,460013__2024,460013,2024,MOUNTAIN VIEW HOSPITAL,UT,external_geocoder_required_no_local_candidate,address_only,"1000 EAST 100 NORTH, PAYSON, UT, 84651",200,1,,2026-06-05T03:19:50.718549+00:00
f3737f9c4a7ae316eee7,460013__2024,460013,2024,MOUNTAIN VIEW HOSPITAL,UT,external_geocoder_required_no_local_candidate,provider_address,"MOUNTAIN VIEW HOSPITAL, 1000 EAST 100 NORTH, PAYSON, UT, 84651",200,0,,2026-06-05T03:19:52.546756+00:00
0353e39bf233ae68d72e,460013__2024,460013,2024,MOUNTAIN VIEW HOSPITAL,UT,external_geocoder_required_no_local_candidate,address_no_zip,"1000 EAST 100 NORTH, PAYSON, UT",200,1,,2026-06-05T03:19:54.360225+00:00
0de55f63bb22fffc27d4,460013__2024,460013,2024,MOUNTAIN VIEW HOSPITAL,UT,external_geocoder_required_no_local_candidate,provider_city_zip,"MOUNTAIN VIEW HOSPITAL, PAYSON, UT, 84651",200,1,,2026-06-05T03:19:55.936961+00:00
3dd5c1e2f9ffde892ede,450587__2024,450587,2024,HENDRICK MEDICAL CENTER BROWNWOOD,TX,external_geocoder_required_no_local_candidate,address_only,"1501 BURNET DRIVE, BROWNWOOD, TX, 76804",200,0,,2026-06-05T03:19:57.682040+00:00
d9be41487c056da461d9,450587__2024,450587,2024,HENDRICK MEDICAL CENTER BROWNWOOD,TX,external_geocoder_required_no_local_candidate,provider_address,"HENDRICK MEDICAL CENTER BROWNWOOD, 1501 BURNET DRIVE, BROWNWOOD, TX, 76804",200,0,,2026-06-05T03:19:59.374425+00:00
2ef1c6eb38e5317f7345,450587__2024,450587,2024,HENDRICK MEDICAL CENTER BROWNWOOD,TX,external_geocoder_required_no_local_candidate,address_no_zip,"1501 BURNET DRIVE, BROWNWOOD, TX",200,0,,2026-06-05T03:20:00.910684+00:00
6f3e5644af9f5c428655,450587__2024,450587,2024,HENDRICK MEDICAL CENTER BROWNWOOD,TX,external_geocoder_required_no_local_candidate,provider_city_zip,"HENDRICK MEDICAL CENTER BROWNWOOD, BROWNWOOD, TX, 76804",200,0,,2026-06-05T03:20:02.354998+00:00
868f30dc231ebb01e108,440065__2024,440065,2024,NORTHCREST MEDICAL CENTER,TN,external_geocoder_required_no_local_candidate,address_only,"100 NORTHCREST DRIVE, SPRINGFIELD, TN, 37172",200,2,,2026-06-05T03:20:03.792455+00:00
2ac65a7d611adb0321b8,061317__2023,061317,2023,GRAND RIVER HOSPITAL DISTRICT,CO,external_geocoder_required_no_local_candidate,address_only,"501 AIRPORT ROAD, RIFLE, CO, 81650",200,3,,2026-06-05T03:20:04.138993+00:00
0ce75a7171b5a61cb67e,100320__2024,100320,2024,HCA FLORIDA POINCIANA HOSPITAL,FL,external_geocoder_required_no_local_candidate,address_only,"325 CYPRESS PARKWAY, KISSIMMMEE, FL, 34758",200,0,,2026-06-05T03:20:04.437038+00:00
c64c7bd01a968d723bef,100320__2024,100320,2024,HCA FLORIDA POINCIANA HOSPITAL,FL,external_geocoder_required_no_local_candidate,provider_address,"HCA FLORIDA POINCIANA HOSPITAL, 325 CYPRESS PARKWAY, KISSIMMMEE, FL, 34758",200,0,,2026-06-05T03:20:05.956159+00:00
adc6cea5b1c014af6fb0,100320__2024,100320,2024,HCA FLORIDA POINCIANA HOSPITAL,FL,external_geocoder_required_no_local_candidate,address_no_zip,"325 CYPRESS PARKWAY, KISSIMMMEE, FL",200,0,,2026-06-05T03:20:07.509264+00:00
d2ad057052efbb005e4d,100320__2024,100320,2024,HCA FLORIDA POINCIANA HOSPITAL,FL,external_geocoder_required_no_local_candidate,provider_city_zip,"HCA FLORIDA POINCIANA HOSPITAL, KISSIMMMEE, FL, 34758",200,0,,2026-06-05T03:20:08.917925+00:00
9d4490dc7887ac0e5a21,190014__2023,190014,2023,OCHSNER ST. MARY,LA,external_geocoder_required_no_local_candidate,address_only,"1125 MARGUERITE STREET, MORGAN CITY, LA, 70308",200,1,,2026-06-05T03:20:10.333640+00:00
03ace62be98a33254266,190014__2023,190014,2023,OCHSNER ST. MARY,LA,external_geocoder_required_no_local_candidate,provider_address,"OCHSNER ST. MARY, 1125 MARGUERITE STREET, MORGAN CITY, LA, 70308",200,0,,2026-06-05T03:20:12.047661+00:00
f3fdff2133b15146f091,190014__2023,190014,2023,OCHSNER ST. MARY,LA,external_geocoder_required_no_local_candidate,address_no_zip,"1125 MARGUERITE STREET, MORGAN CITY, LA",200,1,,2026-06-05T03:20:13.514990+00:00
2c54b467562d2f506ca1,190014__2023,190014,2023,OCHSNER ST. MARY,LA,external_geocoder_required_no_local_candidate,provider_city_zip,"OCHSNER ST. MARY, MORGAN CITY, LA, 70308",200,0,,2026-06-05T03:20:15.178899+00:00
2b7c26e384d1d47bd59e,110128__2024,110128,2024,MEADOWS REGIONAL MEDICAL CENTER,GA,external_geocoder_required_no_local_candidate,address_only,"1 MEADOWS PARKWAY, VIDALIA, GA, 30474",200,0,,2026-06-05T03:20:16.830195+00:00
6ce360f159530d2bb8de,110128__2024,110128,2024,MEADOWS REGIONAL MEDICAL CENTER,GA,external_geocoder_required_no_local_candidate,provider_address,"MEADOWS REGIONAL MEDICAL CENTER, 1 MEADOWS PARKWAY, VIDALIA, GA, 30474",200,0,,2026-06-05T03:20:18.673590+00:00
9bea2cd96e4752db76ad,110128__2024,110128,2024,MEADOWS REGIONAL MEDICAL CENTER,GA,external_geocoder_required_no_local_candidate,address_no_zip,"1 MEADOWS PARKWAY, VIDALIA, GA",200,0,,2026-06-05T03:20:20.281007+00:00
bbfecee8ddc23ee46a93,110128__2024,110128,2024,MEADOWS REGIONAL MEDICAL CENTER,GA,external_geocoder_required_no_local_candidate,provider_city_zip,"MEADOWS REGIONAL MEDICAL CENTER, VIDALIA, GA, 30474",200,0,,2026-06-05T03:20:21.744960+00:00
be091818554abd3eb79f,194114__2023,194114,2023,RIVER PLACE BEHAVIORAL HEALTH,LA,external_geocoder_required_no_local_candidate,address_only,"500 RUE DE SANTE, LAPLACE, LA, 70068",200,2,,2026-06-05T03:20:23.040302+00:00
200085933010bad88407,194114__2023,194114,2023,RIVER PLACE BEHAVIORAL HEALTH,LA,external_geocoder_required_no_local_candidate,provider_address,"RIVER PLACE BEHAVIORAL HEALTH, 500 RUE DE SANTE, LAPLACE, LA, 70068",200,0,,2026-06-05T03:20:24.748368+00:00
809bb87e5668d3c7e6c8,194114__2023,194114,2023,RIVER PLACE BEHAVIORAL HEALTH,LA,external_geocoder_required_no_local_candidate,address_no_zip,"500 RUE DE SANTE, LAPLACE, LA",200,1,,2026-06-05T03:20:26.351864+00:00
98a2ba516becaa78967e,194114__2023,194114,2023,RIVER PLACE BEHAVIORAL HEALTH,LA,external_geocoder_required_no_local_candidate,provider_city_zip,"RIVER PLACE BEHAVIORAL HEALTH, LAPLACE, LA, 70068",200,0,,2026-06-05T03:20:27.874773+00:00
1b614c919943a54d4995,170006__2024,170006,2024,VIA CHRISTI HOSPITAL PITTSBURG INC.,KS,external_geocoder_required_no_local_candidate,address_only,"1 MT CARMEL WAY, PITTSBURG, KS, 66762",200,0,,2026-06-05T03:20:29.471261+00:00
f36ecc7ad55564edc61d,170006__2024,170006,2024,VIA CHRISTI HOSPITAL PITTSBURG INC.,KS,external_geocoder_required_no_local_candidate,provider_address,"VIA CHRISTI HOSPITAL PITTSBURG INC., 1 MT CARMEL WAY, PITTSBURG, KS, 66762",200,0,,2026-06-05T03:20:31.213942+00:00
cba87e0c5a66b31dcbab,170006__2024,170006,2024,VIA CHRISTI HOSPITAL PITTSBURG INC.,KS,external_geocoder_required_no_local_candidate,address_no_zip,"1 MT CARMEL WAY, PITTSBURG, KS",200,0,,2026-06-05T03:20:32.944024+00:00
aa5ab851b7cf01992a86,170006__2024,170006,2024,VIA CHRISTI HOSPITAL PITTSBURG INC.,KS,external_geocoder_required_no_local_candidate,provider_city_zip,"VIA CHRISTI HOSPITAL PITTSBURG INC., PITTSBURG, KS, 66762",200,0,,2026-06-05T03:20:34.461882+00:00
b788339dfd8323e3db08,380071__2023,380071,2023,WILLAMETTE VALLEY MEDICAL CENTER,OR,external_geocoder_required_no_local_candidate,address_only,"2700 SE STRATUS AVENUE, MCMINNVILLE, OR, 97128",200,2,,2026-06-05T03:20:36.067113+00:00
32599db4bd93c2ea607c,230095__2024,230095,2024,MYMICHIGAN MEDICAL CTR WEST BRAN,MI,external_geocoder_required_no_local_candidate,address_only,"2463 S M-30, WEST BRANCH, MI, 48661",200,3,,2026-06-05T03:20:36.477579+00:00
076ddc217c2561adc60d,490143__2023,490143,2023,RIVERSIDE DOCTORS HOSPITAL WILLIAMSB,VA,external_geocoder_required_no_local_candidate,address_only,"1500 COMMONWEALTH AVENUE, WILLIAMSBURG, VA, 23185",200,2,,2026-06-05T03:20:36.982882+00:00
cab9753bb97846415da6,300014__2024,300014,2024,FRISBIE MEMORIAL HOSPITAL,NH,external_geocoder_required_no_local_candidate,address_only,"11 WHITEHALL ROAD, ROCHESTER, NH, 03867",200,2,,2026-06-05T03:20:37.458533+00:00
fc5039a5115e6bb1229f,241355__2023,241355,2023,GLENCOE REGIONAL HEALTH SERVICES,MN,external_geocoder_required_no_local_candidate,address_only,"705 EAST 18TH STREEET, GLENCOE, MN, 55336",200,0,,2026-06-05T03:20:37.947157+00:00
27697fd82559944d8189,241355__2023,241355,2023,GLENCOE REGIONAL HEALTH SERVICES,MN,external_geocoder_required_no_local_candidate,provider_address,"GLENCOE REGIONAL HEALTH SERVICES, 705 EAST 18TH STREEET, GLENCOE, MN, 55336",200,0,,2026-06-05T03:20:39.521258+00:00
fff12afd5ee6b7b32bd8,241355__2023,241355,2023,GLENCOE REGIONAL HEALTH SERVICES,MN,external_geocoder_required_no_local_candidate,address_no_zip,"705 EAST 18TH STREEET, GLENCOE, MN",200,0,,2026-06-05T03:20:41.025081+00:00
c10bf6db208c3f8fcdb2,241355__2023,241355,2023,GLENCOE REGIONAL HEALTH SERVICES,MN,external_geocoder_required_no_local_candidate,provider_city_zip,"GLENCOE REGIONAL HEALTH SERVICES, GLENCOE, MN, 55336",200,2,,2026-06-05T03:20:42.561330+00:00
7ff32a5794ebfc96fad8,370113__2024,370113,2024,INTEGRIS GROVE HOSPITAL,OK,external_geocoder_required_no_local_candidate,address_only,"1001 EAST 18TH STREET, GROVE, OK, 74344",200,1,,2026-06-05T03:20:44.214982+00:00
f4d285ab38c83dc8ec96,010158__2023,010158,2023,RUSSELLVILLE HOSPITAL,AL,external_geocoder_required_no_local_candidate,address_only,"15155 HIGHWAY 43, RUSSELLVILLE, AL, 35653",200,2,,2026-06-05T03:20:44.621353+00:00
cc7f57a1f2fb0752ec0e,010158__2023,010158,2023,RUSSELLVILLE HOSPITAL,AL,external_geocoder_required_no_local_candidate,provider_address,"RUSSELLVILLE HOSPITAL, 15155 HIGHWAY 43, RUSSELLVILLE, AL, 35653",200,0,,2026-06-05T03:20:46.524502+00:00
66f17573ac9f3ac32a30,010158__2023,010158,2023,RUSSELLVILLE HOSPITAL,AL,external_geocoder_required_no_local_candidate,address_no_zip,"15155 HIGHWAY 43, RUSSELLVILLE, AL",200,3,,2026-06-05T03:20:47.964123+00:00
20bf6b44ff912d3ca1db,010158__2023,010158,2023,RUSSELLVILLE HOSPITAL,AL,external_geocoder_required_no_local_candidate,provider_city_zip,"RUSSELLVILLE HOSPITAL, RUSSELLVILLE, AL, 35653",200,2,,2026-06-05T03:20:49.527261+00:00
5af196856239a1c1358c,230100__2024,230100,2024,ASCENSION ST. JOSEPH HOSPITAL,MI,external_geocoder_required_no_local_candidate,address_only,"200 HEMLOCK ST, TAWAS, MI, 48764",200,2,,2026-06-05T03:20:50.075575+00:00
338a39a8d8f8b14418be,144028__2024,144028,2024,JOHN J MADDEN MENTAL HEALTH CENTER,IL,external_geocoder_required_no_local_candidate,address_only,"1200 S FIRST AVE, HINES, IL, 60141",200,0,,2026-06-05T03:20:50.791026+00:00
bcc7a600b139d9335511,144028__2024,144028,2024,JOHN J MADDEN MENTAL HEALTH CENTER,IL,external_geocoder_required_no_local_candidate,provider_address,"JOHN J MADDEN MENTAL HEALTH CENTER, 1200 S FIRST AVE, HINES, IL, 60141",200,0,,2026-06-05T03:20:52.608755+00:00
1bbb9b5434c7d7307d9b,144028__2024,144028,2024,JOHN J MADDEN MENTAL HEALTH CENTER,IL,external_geocoder_required_no_local_candidate,address_no_zip,"1200 S FIRST AVE, HINES, IL",200,0,,2026-06-05T03:20:54.749687+00:00
3f432ff6ad89bd396099,144028__2024,144028,2024,JOHN J MADDEN MENTAL HEALTH CENTER,IL,external_geocoder_required_no_local_candidate,provider_city_zip,"JOHN J MADDEN MENTAL HEALTH CENTER, HINES, IL, 60141",200,0,,2026-06-05T03:20:56.356225+00:00
01fe5dc03cb338da9673,390117__2024,390117,2024,UPMC BEDFORD,PA,external_geocoder_required_no_local_candidate,address_only,"10455 LINCOLN HIGHWAY, EVERETT, PA, 15537",200,2,,2026-06-05T03:20:57.961990+00:00
b3500cac68f3850cb06f,361330__2023,361330,2023,HOCKING VALLEY,OH,external_geocoder_required_no_local_candidate,address_only,"601 STATE ROUTE 664, LOGAN, OH, 43138",200,0,,2026-06-05T03:20:58.776738+00:00
e52f079b6b457cee378b,361330__2023,361330,2023,HOCKING VALLEY,OH,external_geocoder_required_no_local_candidate,provider_address,"HOCKING VALLEY, 601 STATE ROUTE 664, LOGAN, OH, 43138",200,0,,2026-06-05T03:21:00.552345+00:00
e8db911e7b51ff5c64a9,361330__2023,361330,2023,HOCKING VALLEY,OH,external_geocoder_required_no_local_candidate,address_no_zip,"601 STATE ROUTE 664, LOGAN, OH",200,0,,2026-06-05T03:21:02.239984+00:00
da28754761a7f819f913,361330__2023,361330,2023,HOCKING VALLEY,OH,external_geocoder_required_no_local_candidate,provider_city_zip,"HOCKING VALLEY, LOGAN, OH, 43138",200,3,,2026-06-05T03:21:03.858243+00:00
365d9e9f0dc025f0833b,451333__2024,451333,2024,MARTIN COUNTY HOSPITAL,TX,external_geocoder_required_no_local_candidate,address_only,"610 N. SAINT PETER STREET, STANTON, TX, 79782",200,1,,2026-06-05T03:21:04.358683+00:00
57f356813025989b3ceb,673079__2023,673079,2023,ENCOMPASS HEALTH REHABILITATION OF W,TX,external_geocoder_required_no_local_candidate,address_only,"3600 SOUTH LOOP 340, ROBINSON, TX, 76706",200,1,,2026-06-05T03:21:04.923114+00:00
10a2d45b317cd3a19c49,110236__2024,110236,2024,CHI MEMORIAL HOSPITAL - GEORGIA,GA,external_geocoder_required_no_local_candidate,address_only,"101 GROSS CRESCENT CIRCLE, FT OGLETHORPE, GA, 30742",200,0,,2026-06-05T03:21:05.389592+00:00
dc29714c1c7eff6569e4,110236__2024,110236,2024,CHI MEMORIAL HOSPITAL - GEORGIA,GA,external_geocoder_required_no_local_candidate,provider_address,"CHI MEMORIAL HOSPITAL - GEORGIA, 101 GROSS CRESCENT CIRCLE, FT OGLETHORPE, GA, 30742",200,0,,2026-06-05T03:21:07.228131+00:00
2b52141ac3f2928c33e1,110236__2024,110236,2024,CHI MEMORIAL HOSPITAL - GEORGIA,GA,external_geocoder_required_no_local_candidate,address_no_zip,"101 GROSS CRESCENT CIRCLE, FT OGLETHORPE, GA",200,0,,2026-06-05T03:21:09.044868+00:00
9237882fb66542005766,110236__2024,110236,2024,CHI MEMORIAL HOSPITAL - GEORGIA,GA,external_geocoder_required_no_local_candidate,provider_city_zip,"CHI MEMORIAL HOSPITAL - GEORGIA, FT OGLETHORPE, GA, 30742",200,1,,2026-06-05T03:21:10.484204+00:00
b9db1e5b803da37372fb,670131__2024,670131,2024,BAYLOR SCOTT & WHITE - BUDA,TX,external_geocoder_required_no_local_candidate,address_only,"5330 OVERPASS ROAD SUITE 110, BUDA, TX, 78610",200,0,,2026-06-05T03:21:11.986964+00:00
5c2f108859ef7d16ed00,670131__2024,670131,2024,BAYLOR SCOTT & WHITE - BUDA,TX,external_geocoder_required_no_local_candidate,provider_address,"BAYLOR SCOTT & WHITE - BUDA, 5330 OVERPASS ROAD SUITE 110, BUDA, TX, 78610",200,0,,2026-06-05T03:21:13.680529+00:00
81daa522a7d028f9a16a,670131__2024,670131,2024,BAYLOR SCOTT & WHITE - BUDA,TX,external_geocoder_required_no_local_candidate,address_no_zip,"5330 OVERPASS ROAD SUITE 110, BUDA, TX",200,0,,2026-06-05T03:21:15.363574+00:00
73a57ae8fb42ab6eae4a,670131__2024,670131,2024,BAYLOR SCOTT & WHITE - BUDA,TX,external_geocoder_required_no_local_candidate,provider_city_zip,"BAYLOR SCOTT & WHITE - BUDA, BUDA, TX, 78610",200,1,,2026-06-05T03:21:16.959886+00:00
0059edc2f1f0366d305e,370178__2024,370178,2024,ADAIR COUNTY HEALTH CENTER,OK,external_geocoder_required_no_local_candidate,address_only,"100 HIGHWAY WEST, STILWELL, OK, 74960",200,0,,2026-06-05T03:21:17.509617+00:00
5f2d04125b9db94658f8,370178__2024,370178,2024,ADAIR COUNTY HEALTH CENTER,OK,external_geocoder_required_no_local_candidate,provider_address,"ADAIR COUNTY HEALTH CENTER, 100 HIGHWAY WEST, STILWELL, OK, 74960",200,0,,2026-06-05T03:21:19.139901+00:00
5691150af873da427d8f,370178__2024,370178,2024,ADAIR COUNTY HEALTH CENTER,OK,external_geocoder_required_no_local_candidate,address_no_zip,"100 HIGHWAY WEST, STILWELL, OK",200,0,,2026-06-05T03:21:20.712885+00:00
50b94152ff03fd4c0668,370178__2024,370178,2024,ADAIR COUNTY HEALTH CENTER,OK,external_geocoder_required_no_local_candidate,provider_city_zip,"ADAIR COUNTY HEALTH CENTER, STILWELL, OK, 74960",200,0,,2026-06-05T03:21:22.189935+00:00
ddd56411939da11ec1f9,181331__2024,181331,2024,MCDOWELL ARH,KY,external_geocoder_required_no_local_candidate,address_only,"9879 ROUTE 122, MCDOWELL, KY, 41647",200,1,,2026-06-05T03:21:23.691659+00:00
821d88c84d2b4f14d516,181331__2024,181331,2024,MCDOWELL ARH,KY,external_geocoder_required_no_local_candidate,provider_address,"MCDOWELL ARH, 9879 ROUTE 122, MCDOWELL, KY, 41647",200,0,,2026-06-05T03:21:25.136455+00:00
3c7354e8452ddadafafa,181331__2024,181331,2024,MCDOWELL ARH,KY,external_geocoder_required_no_local_candidate,address_no_zip,"9879 ROUTE 122, MCDOWELL, KY",200,1,,2026-06-05T03:21:26.621885+00:00
22ea5fedc1d35be63c05,181331__2024,181331,2024,MCDOWELL ARH,KY,external_geocoder_required_no_local_candidate,provider_city_zip,"MCDOWELL ARH, MCDOWELL, KY, 41647",200,1,,2026-06-05T03:21:28.095474+00:00
cd8138edaaf82bc8b6ae,341317__2023,341317,2023,LIFEBRITE COMM HOSP OF STOKES,NC,external_geocoder_required_no_local_candidate,address_only,"1570 NC 8 & 89 HWY N, DANBURY, NC, 27016",200,0,,2026-06-05T03:21:28.813933+00:00
01fcf5c9dec1886dd284,341317__2023,341317,2023,LIFEBRITE COMM HOSP OF STOKES,NC,external_geocoder_required_no_local_candidate,provider_address,"LIFEBRITE COMM HOSP OF STOKES, 1570 NC 8 & 89 HWY N, DANBURY, NC, 27016",200,0,,2026-06-05T03:21:30.416851+00:00
33d68683dd9b5477628c,341317__2023,341317,2023,LIFEBRITE COMM HOSP OF STOKES,NC,external_geocoder_required_no_local_candidate,address_no_zip,"1570 NC 8 & 89 HWY N, DANBURY, NC",200,0,,2026-06-05T03:21:31.988447+00:00
b898c3d8d67f708dab11,341317__2023,341317,2023,LIFEBRITE COMM HOSP OF STOKES,NC,external_geocoder_required_no_local_candidate,provider_city_zip,"LIFEBRITE COMM HOSP OF STOKES, DANBURY, NC, 27016",200,2,,2026-06-05T03:21:33.536894+00:00
4cb6a6c7512e8b6ede2a,511310__2024,511310,2024,SUMMERS COUNTY ARH,WV,external_geocoder_required_no_local_candidate,address_only,"TERRACE STREET, HINTON, WV, 25951",200,1,,2026-06-05T03:21:34.037929+00:00
c69e726b03fb4ea4848b,511310__2024,511310,2024,SUMMERS COUNTY ARH,WV,external_geocoder_required_no_local_candidate,provider_address,"SUMMERS COUNTY ARH, TERRACE STREET, HINTON, WV, 25951",200,0,,2026-06-05T03:21:35.611066+00:00
5d8ddafbf5f3a3c7c17e,511310__2024,511310,2024,SUMMERS COUNTY ARH,WV,external_geocoder_required_no_local_candidate,address_no_zip,"TERRACE STREET, HINTON, WV",200,1,,2026-06-05T03:21:37.228833+00:00
9726451b16a41434fb66,511310__2024,511310,2024,SUMMERS COUNTY ARH,WV,external_geocoder_required_no_local_candidate,provider_city_zip,"SUMMERS COUNTY ARH, HINTON, WV, 25951",200,0,,2026-06-05T03:21:38.930911+00:00
3e0b291b648f178685e8,390104__2024,390104,2024,UPMC KANE,PA,external_geocoder_required_no_local_candidate,address_only,"4372 ROUTE 6, KANE, PA, 16735",200,0,,2026-06-05T03:21:40.624432+00:00
1720157ee9c30be54b28,390104__2024,390104,2024,UPMC KANE,PA,external_geocoder_required_no_local_candidate,provider_address,"UPMC KANE, 4372 ROUTE 6, KANE, PA, 16735",200,0,,2026-06-05T03:21:42.333056+00:00
edde413ec29b8cad4c14,390104__2024,390104,2024,UPMC KANE,PA,external_geocoder_required_no_local_candidate,address_no_zip,"4372 ROUTE 6, KANE, PA",200,0,,2026-06-05T03:21:44.144871+00:00
813a4d6d4aab9f67fc83,390104__2024,390104,2024,UPMC KANE,PA,external_geocoder_required_no_local_candidate,provider_city_zip,"UPMC KANE, KANE, PA, 16735",200,1,,2026-06-05T03:21:45.659550+00:00
b25e221042c7f4f9cfb5,241301__2024,241301,2024,LAKEWOOD HEALTH CENTER,MN,external_geocoder_required_no_local_candidate,address_only,"600 MAIN AVENUE S, BAUDETTE, MN, 56623",200,1,,2026-06-05T03:21:45.906895+00:00
ba1d758dadbe8d00be11,371331__2023,371331,2023,DRUMRIGHT REGIONAL HOSPITAL,OK,external_geocoder_required_no_local_candidate,address_only,"610 WEST BYPASS, DRUMRIGHT, OK, 74030",200,0,,2026-06-05T03:21:46.470691+00:00
18907708dad127b1cca1,371331__2023,371331,2023,DRUMRIGHT REGIONAL HOSPITAL,OK,external_geocoder_required_no_local_candidate,provider_address,"DRUMRIGHT REGIONAL HOSPITAL, 610 WEST BYPASS, DRUMRIGHT, OK, 74030",200,0,,2026-06-05T03:21:48.187484+00:00
939c37c379af89e8c55b,371331__2023,371331,2023,DRUMRIGHT REGIONAL HOSPITAL,OK,external_geocoder_required_no_local_candidate,address_no_zip,"610 WEST BYPASS, DRUMRIGHT, OK",200,0,,2026-06-05T03:21:49.684979+00:00
28a4a8cfaedd643f7892,371331__2023,371331,2023,DRUMRIGHT REGIONAL HOSPITAL,OK,external_geocoder_required_no_local_candidate,provider_city_zip,"DRUMRIGHT REGIONAL HOSPITAL, DRUMRIGHT, OK, 74030",200,1,,2026-06-05T03:21:51.120586+00:00
1598ef76dca14aaaea65,371303__2024,371303,2024,ROGER MILLS MEMORIAL HOSPITAL,OK,external_geocoder_required_no_local_candidate,address_only,"501 SOUTH LL MALES AVENUE, CHEYENNE, OK, 73628",200,0,,2026-06-05T03:21:51.552705+00:00
c8ce35bbd32b45db7d6b,371303__2024,371303,2024,ROGER MILLS MEMORIAL HOSPITAL,OK,external_geocoder_required_no_local_candidate,provider_address,"ROGER MILLS MEMORIAL HOSPITAL, 501 SOUTH LL MALES AVENUE, CHEYENNE, OK, 73628",200,0,,2026-06-05T03:21:53.371396+00:00
e3df2f79ed7dc794bbcc,371303__2024,371303,2024,ROGER MILLS MEMORIAL HOSPITAL,OK,external_geocoder_required_no_local_candidate,address_no_zip,"501 SOUTH LL MALES AVENUE, CHEYENNE, OK",200,0,,2026-06-05T03:21:55.136183+00:00
f73427ec93e8ace2df27,371303__2024,371303,2024,ROGER MILLS MEMORIAL HOSPITAL,OK,external_geocoder_required_no_local_candidate,provider_city_zip,"ROGER MILLS MEMORIAL HOSPITAL, CHEYENNE, OK, 73628",200,1,,2026-06-05T03:21:56.768645+00:00
148f611986e008b05e2c,670285__2023,670285,2023,KINGWOOD EMERGENCY HOSPITAL,TX,external_geocoder_required_no_local_candidate,address_only,"23330 HIGHWAY 59 N, KINGWOOD, TX, 77339",200,0,,2026-06-05T03:21:57.486234+00:00
c2a974e27cd3cdca6e4b,670285__2023,670285,2023,KINGWOOD EMERGENCY HOSPITAL,TX,external_geocoder_required_no_local_candidate,provider_address,"KINGWOOD EMERGENCY HOSPITAL, 23330 HIGHWAY 59 N, KINGWOOD, TX, 77339",200,0,,2026-06-05T03:21:58.969333+00:00
6ea2a9dfb43eaf45a6b5,670285__2023,670285,2023,KINGWOOD EMERGENCY HOSPITAL,TX,external_geocoder_required_no_local_candidate,address_no_zip,"23330 HIGHWAY 59 N, KINGWOOD, TX",200,0,,2026-06-05T03:22:00.468692+00:00
599b53700dd912c8eda0,670285__2023,670285,2023,KINGWOOD EMERGENCY HOSPITAL,TX,external_geocoder_required_no_local_candidate,provider_city_zip,"KINGWOOD EMERGENCY HOSPITAL, KINGWOOD, TX, 77339",200,0,,2026-06-05T03:22:02.070741+00:00
a99eaf6eca9dee1be9ee,244016__2023,244016,2023,PRAIRIECARE,MN,external_geocoder_required_no_local_candidate,address_only,"9400 ZANE AVE N, BROOKLYN PARK, MN, 55443",200,2,,2026-06-05T03:22:03.675772+00:00
16d4d31437b544b10b73,414003__2023,414003,2023,EMMA P BRADLEY HOSPITAL,RI,external_geocoder_required_no_local_candidate,address_only,"1011 VETERANS MEMORIAL PARKWAY, EAST PROVIDENCE, RI, 02915",200,2,,2026-06-05T03:22:04.287473+00:00
180a5004c771eb789b7d,453317__2023,453317,2023,COOK CHILDREN CARE,TX,external_geocoder_required_no_local_candidate,address_only,"4100 W UNIVERSITY DR, PROSPER, TX, 75078",200,1,,2026-06-05T03:22:04.713270+00:00
351d77840415be3d1168,453317__2023,453317,2023,COOK CHILDREN CARE,TX,external_geocoder_required_no_local_candidate,provider_address,"COOK CHILDREN CARE, 4100 W UNIVERSITY DR, PROSPER, TX, 75078",200,0,,2026-06-05T03:22:06.520696+00:00
832ee2d80219b6bd4100,453317__2023,453317,2023,COOK CHILDREN CARE,TX,external_geocoder_required_no_local_candidate,address_no_zip,"4100 W UNIVERSITY DR, PROSPER, TX",200,3,,2026-06-05T03:22:08.158201+00:00
61019ef69e7795caca49,453317__2023,453317,2023,COOK CHILDREN CARE,TX,external_geocoder_required_no_local_candidate,provider_city_zip,"COOK CHILDREN CARE, PROSPER, TX, 75078",200,0,,2026-06-05T03:22:09.691269+00:00
bbe1700b5f94290d22de,464007__2024,464007,2024,BENCHMARK BEHAVIORAL HEALTH SYSTEM I,UT,external_geocoder_required_no_local_candidate,address_only,"592 WEST 1350 SOUTH, WOOD CROSS, UT, 84087",200,0,,2026-06-05T03:22:11.497245+00:00
df3ae78aaf4ef4d8c496,464007__2024,464007,2024,BENCHMARK BEHAVIORAL HEALTH SYSTEM I,UT,external_geocoder_required_no_local_candidate,provider_address,"BENCHMARK BEHAVIORAL HEALTH SYSTEM I, 592 WEST 1350 SOUTH, WOOD CROSS, UT, 84087",200,0,,2026-06-05T03:22:12.982691+00:00
5232b389cd084e3b1a7a,464007__2024,464007,2024,BENCHMARK BEHAVIORAL HEALTH SYSTEM I,UT,external_geocoder_required_no_local_candidate,address_no_zip,"592 WEST 1350 SOUTH, WOOD CROSS, UT",200,0,,2026-06-05T03:22:14.575425+00:00
e923035e06f75f6e3ae5,464007__2024,464007,2024,BENCHMARK BEHAVIORAL HEALTH SYSTEM I,UT,external_geocoder_required_no_local_candidate,provider_city_zip,"BENCHMARK BEHAVIORAL HEALTH SYSTEM I, WOOD CROSS, UT, 84087",200,0,,2026-06-05T03:22:16.099340+00:00
2282e11988f3510457c6,493300__2024,493300,2024,CUMBERLAND HOSPITAL LLC,VA,external_geocoder_required_no_local_candidate,address_only,"9407 CUMBERLAND RD, NEW KENT, VA, 23124",200,3,,2026-06-05T03:22:17.726487+00:00
582cf94f590bcd9bebc5,514011__2023,514011,2023,HIGHLAND CLARKSBURG HOSPITAL INC,WV,external_geocoder_required_no_local_candidate,address_only,"3 HOSPITAL PLAZA, CLARKSBURG, WV, 26301",200,1,,2026-06-05T03:22:18.061874+00:00
b01a7fc53b68ee3b9df1,400109__2023,400109,2023,HOSPITAL HIMA SAN PABLO BAYAMON,PR,external_geocoder_required_no_local_candidate,address_only,"SANTA CRUZ # 70, BAYAMON, PR, 00959",200,2,,2026-06-05T03:22:18.564306+00:00
c73ac6a3bfa15b6dfa6d,400118__2023,400118,2023,DOCTOR CENTER HOSPITAL MANATI INC.,PR,external_geocoder_required_no_local_candidate,address_only,"CARR. #2, MANATI, PR, 00674",200,1,,2026-06-05T03:22:19.012358+00:00
853cd701085c037637a7,400118__2023,400118,2023,DOCTOR CENTER HOSPITAL MANATI INC.,PR,external_geocoder_required_no_local_candidate,provider_address,"DOCTOR CENTER HOSPITAL MANATI INC., CARR. #2, MANATI, PR, 00674",200,0,,2026-06-05T03:22:20.667980+00:00
ae267201e6af683230ec,400118__2023,400118,2023,DOCTOR CENTER HOSPITAL MANATI INC.,PR,external_geocoder_required_no_local_candidate,address_no_zip,"CARR. #2, MANATI, PR",200,2,,2026-06-05T03:22:22.292066+00:00
bec6e4746df84d925050,400118__2023,400118,2023,DOCTOR CENTER HOSPITAL MANATI INC.,PR,external_geocoder_required_no_local_candidate,provider_city_zip,"DOCTOR CENTER HOSPITAL MANATI INC., MANATI, PR, 00674",200,0,,2026-06-05T03:22:23.797559+00:00
cd4f56b2a7c4a40d93d6,650003__2023,650003,2023,GUAM REGIONAL MEDICAL CITY,GU,external_geocoder_required_no_local_candidate,address_only,"133 ROUTE 3, DEDEDO, GU, 96929",200,0,,2026-06-05T03:22:25.278579+00:00
9faebd20f80b934e918d,650003__2023,650003,2023,GUAM REGIONAL MEDICAL CITY,GU,external_geocoder_required_no_local_candidate,provider_address,"GUAM REGIONAL MEDICAL CITY, 133 ROUTE 3, DEDEDO, GU, 96929",200,0,,2026-06-05T03:22:26.981309+00:00
d9fa66b7307c63a6c2b4,650003__2023,650003,2023,GUAM REGIONAL MEDICAL CITY,GU,external_geocoder_required_no_local_candidate,address_no_zip,"133 ROUTE 3, DEDEDO, GU",200,0,,2026-06-05T03:22:28.594007+00:00
b45f51a9bbff869892e9,650003__2023,650003,2023,GUAM REGIONAL MEDICAL CITY,GU,external_geocoder_required_no_local_candidate,provider_city_zip,"GUAM REGIONAL MEDICAL CITY, DEDEDO, GU, 96929",200,1,,2026-06-05T03:22:30.016553+00:00
1a9ff9bba9d5614ce3af,404004__2023,404004,2023,FIRST HOSPITAL PANAMERICANO,PR,external_geocoder_required_no_local_candidate,address_only,"STATE ROAD #787, CIDRA, PR, 00739",200,0,,2026-06-05T03:22:31.726678+00:00
f149dd96cc6b5552a904,404004__2023,404004,2023,FIRST HOSPITAL PANAMERICANO,PR,external_geocoder_required_no_local_candidate,provider_address,"FIRST HOSPITAL PANAMERICANO, STATE ROAD #787, CIDRA, PR, 00739",200,0,,2026-06-05T03:22:33.332622+00:00
7ead6861a2585cc6c9a3,404004__2023,404004,2023,FIRST HOSPITAL PANAMERICANO,PR,external_geocoder_required_no_local_candidate,address_no_zip,"STATE ROAD #787, CIDRA, PR",200,0,,2026-06-05T03:22:34.864023+00:00
9056dba3c95798342309,404004__2023,404004,2023,FIRST HOSPITAL PANAMERICANO,PR,external_geocoder_required_no_local_candidate,provider_city_zip,"FIRST HOSPITAL PANAMERICANO, CIDRA, PR, 00739",200,1,,2026-06-05T03:22:36.252979+00:00
38d25f0e9480b522792e,400112__2024,400112,2024,HOSPITAL UPR,PR,external_geocoder_required_no_local_candidate,address_only,"STREET 3 KM 8.3 65 INFANTERIA AVE., CAROLINA, PR, 00984",200,0,,2026-06-05T03:22:37.797442+00:00
9a9739729c6d66ef01f5,400112__2024,400112,2024,HOSPITAL UPR,PR,external_geocoder_required_no_local_candidate,provider_address,"HOSPITAL UPR, STREET 3 KM 8.3 65 INFANTERIA AVE., CAROLINA, PR, 00984",200,0,,2026-06-05T03:22:39.454449+00:00
20cb2be8f9c0a72cb751,400112__2024,400112,2024,HOSPITAL UPR,PR,external_geocoder_required_no_local_candidate,address_no_zip,"STREET 3 KM 8.3 65 INFANTERIA AVE., CAROLINA, PR",200,0,,2026-06-05T03:22:41.099846+00:00
0a401980384564f3674d,400112__2024,400112,2024,HOSPITAL UPR,PR,external_geocoder_required_no_local_candidate,provider_city_zip,"HOSPITAL UPR, CAROLINA, PR, 00984",200,1,,2026-06-05T03:22:43.025284+00:00
0e61a50036ab9e9b3167,400032__2023,400032,2023,BAYAMON MEDICAL CENTER,PR,external_geocoder_required_no_local_candidate,address_only,"CARR. #2 KM. 11.7, BAYAMON, PR, 00960",200,0,,2026-06-05T03:22:44.943352+00:00
661fea97afe6663f4ecb,400032__2023,400032,2023,BAYAMON MEDICAL CENTER,PR,external_geocoder_required_no_local_candidate,provider_address,"BAYAMON MEDICAL CENTER, CARR. #2 KM. 11.7, BAYAMON, PR, 00960",200,0,,2026-06-05T03:22:46.474045+00:00
2efe350f0e85e957afd9,400032__2023,400032,2023,BAYAMON MEDICAL CENTER,PR,external_geocoder_required_no_local_candidate,address_no_zip,"CARR. #2 KM. 11.7, BAYAMON, PR",200,0,,2026-06-05T03:22:48.375942+00:00
90f33f04337b443d056d,400032__2023,400032,2023,BAYAMON MEDICAL CENTER,PR,external_geocoder_required_no_local_candidate,provider_city_zip,"BAYAMON MEDICAL CENTER, BAYAMON, PR, 00960",200,1,,2026-06-05T03:22:49.817466+00:00
dd6e249a1bb05ae24283,650001__2023,650001,2023,GUAM MEMORIAL HOSPITAL,GU,external_geocoder_required_no_local_candidate,address_only,"850 GOVERNOR CARLOS G CAMACHO RD, OKA TAMUNING, GU, 96911",200,0,,2026-06-05T03:22:51.367924+00:00
319f912f730f9b8f8f47,650001__2023,650001,2023,GUAM MEMORIAL HOSPITAL,GU,external_geocoder_required_no_local_candidate,provider_address,"GUAM MEMORIAL HOSPITAL, 850 GOVERNOR CARLOS G CAMACHO RD, OKA TAMUNING, GU, 96911",200,0,,2026-06-05T03:22:53.185348+00:00
f6f2e5de9730647938dd,650001__2023,650001,2023,GUAM MEMORIAL HOSPITAL,GU,external_geocoder_required_no_local_candidate,address_no_zip,"850 GOVERNOR CARLOS G CAMACHO RD, OKA TAMUNING, GU",200,0,,2026-06-05T03:22:54.718821+00:00
87227345f1a254f1a13d,650001__2023,650001,2023,GUAM MEMORIAL HOSPITAL,GU,external_geocoder_required_no_local_candidate,provider_city_zip,"GUAM MEMORIAL HOSPITAL, OKA TAMUNING, GU, 96911",200,0,,2026-06-05T03:22:56.368581+00:00
c9e96a01ab47f343e6b3,390156__2024,390156,2024,MERCY CATHOLIC MEDICAL CENTER,PA,external_geocoder_required_no_local_candidate,address_only,"LANSDOWNE AVE & BAILEY RD., DARBY, PA, 19023",200,0,,2026-06-05T03:22:57.933828+00:00
2ad4bbcbe9205e9647fc,390156__2024,390156,2024,MERCY CATHOLIC MEDICAL CENTER,PA,external_geocoder_required_no_local_candidate,provider_address,"MERCY CATHOLIC MEDICAL CENTER, LANSDOWNE AVE & BAILEY RD., DARBY, PA, 19023",200,0,,2026-06-05T03:22:59.556000+00:00
317fb88011011b7fb022,390156__2024,390156,2024,MERCY CATHOLIC MEDICAL CENTER,PA,external_geocoder_required_no_local_candidate,address_no_zip,"LANSDOWNE AVE & BAILEY RD., DARBY, PA",200,0,,2026-06-05T03:23:01.215691+00:00
139191d1d5ef0c8ef9c4,390156__2024,390156,2024,MERCY CATHOLIC MEDICAL CENTER,PA,external_geocoder_required_no_local_candidate,provider_city_zip,"MERCY CATHOLIC MEDICAL CENTER, DARBY, PA, 19023",200,0,,2026-06-05T03:23:02.854700+00:00
89214586b1034302c2e4,400019__2023,400019,2023,HOSPITAL PAVIA SANTURCE,PR,external_geocoder_required_no_local_candidate,address_only,"ASIA STREET, SANTURCE, PR, 00910",200,0,,2026-06-05T03:23:04.246153+00:00
0f6d326ac8252e48cf72,400019__2023,400019,2023,HOSPITAL PAVIA SANTURCE,PR,external_geocoder_required_no_local_candidate,provider_address,"HOSPITAL PAVIA SANTURCE, ASIA STREET, SANTURCE, PR, 00910",200,0,,2026-06-05T03:23:05.945259+00:00
aa5b98f44915a0711c9e,400019__2023,400019,2023,HOSPITAL PAVIA SANTURCE,PR,external_geocoder_required_no_local_candidate,address_no_zip,"ASIA STREET, SANTURCE, PR",200,0,,2026-06-05T03:23:07.452084+00:00
be97dbcf3d9afb12f0a7,400019__2023,400019,2023,HOSPITAL PAVIA SANTURCE,PR,external_geocoder_required_no_local_candidate,provider_city_zip,"HOSPITAL PAVIA SANTURCE, SANTURCE, PR, 00910",200,1,,2026-06-05T03:23:09.018222+00:00
37c03421bc9daab62c68,480001__2023,480001,2023,ROY L SCHNEIDER HOSPITAL,VI,external_geocoder_required_no_local_candidate,address_only,"9048 SUGAR ESTATE, ST. THOMAS, VI, 00801",200,0,,2026-06-05T03:23:10.943019+00:00
4daa1d1a00d6fd933320,480001__2023,480001,2023,ROY L SCHNEIDER HOSPITAL,VI,external_geocoder_required_no_local_candidate,provider_address,"ROY L SCHNEIDER HOSPITAL, 9048 SUGAR ESTATE, ST. THOMAS, VI, 00801",200,0,,2026-06-05T03:23:12.494430+00:00
e6a06a079b10959db713,480001__2023,480001,2023,ROY L SCHNEIDER HOSPITAL,VI,external_geocoder_required_no_local_candidate,address_no_zip,"9048 SUGAR ESTATE, ST. THOMAS, VI",200,0,,2026-06-05T03:23:14.309496+00:00
0b3c8ce903ad48349487,480001__2023,480001,2023,ROY L SCHNEIDER HOSPITAL,VI,external_geocoder_required_no_local_candidate,provider_city_zip,"ROY L SCHNEIDER HOSPITAL, ST. THOMAS, VI, 00801",200,0,,2026-06-05T03:23:16.127043+00:00
2cab1d11af8e4bce5577,400048__2024,400048,2024,HOSPITAL MENONITA GUAYAMA,PR,external_geocoder_required_no_local_candidate,address_only,"AVE PEDRO ALBIZU CAMPOS, GUAYAMA, PR, 00785",200,0,,2026-06-05T03:23:17.670232+00:00
20e835e18085a11a104d,400048__2024,400048,2024,HOSPITAL MENONITA GUAYAMA,PR,external_geocoder_required_no_local_candidate,provider_address,"HOSPITAL MENONITA GUAYAMA, AVE PEDRO ALBIZU CAMPOS, GUAYAMA, PR, 00785",200,0,,2026-06-05T03:23:19.277744+00:00
b3e7579c760121ea18f3,400048__2024,400048,2024,HOSPITAL MENONITA GUAYAMA,PR,external_geocoder_required_no_local_candidate,address_no_zip,"AVE PEDRO ALBIZU CAMPOS, GUAYAMA, PR",200,0,,2026-06-05T03:23:20.860818+00:00
eb5d149928f5165831cc,400048__2024,400048,2024,HOSPITAL MENONITA GUAYAMA,PR,external_geocoder_required_no_local_candidate,provider_city_zip,"HOSPITAL MENONITA GUAYAMA, GUAYAMA, PR, 00785",200,1,,2026-06-05T03:23:22.253404+00:00
46630fe48dacfcf853e7,400102__2023,400102,2023,DOCTORS CENTER HOSPITAL BAYAMON,PR,external_geocoder_required_no_local_candidate,address_only,"STREET J-9 EXT. HERMANAS DAVILA, BAYAMON, PR, 00956",200,0,,2026-06-05T03:23:24.067050+00:00
94688a9d69c1d115250c,400102__2023,400102,2023,DOCTORS CENTER HOSPITAL BAYAMON,PR,external_geocoder_required_no_local_candidate,provider_address,"DOCTORS CENTER HOSPITAL BAYAMON, STREET J-9 EXT. HERMANAS DAVILA, BAYAMON, PR, 00956",200,0,,2026-06-05T03:23:25.770303+00:00
53e90ec59b6610e2d92f,400102__2023,400102,2023,DOCTORS CENTER HOSPITAL BAYAMON,PR,external_geocoder_required_no_local_candidate,address_no_zip,"STREET J-9 EXT. HERMANAS DAVILA, BAYAMON, PR",200,0,,2026-06-05T03:23:27.452477+00:00
b789298ce50d59f624e3,400102__2023,400102,2023,DOCTORS CENTER HOSPITAL BAYAMON,PR,external_geocoder_required_no_local_candidate,provider_city_zip,"DOCTORS CENTER HOSPITAL BAYAMON, BAYAMON, PR, 00956",200,2,,2026-06-05T03:23:28.992096+00:00
1e9d6194e73dab7f06c5,394056__2024,394056,2024,TOWER BEHAVIORAL HEALTH,PA,external_geocoder_required_no_local_candidate,address_only,"201 WELLNESS WAY, READING, PA, 19605",200,0,,2026-06-05T03:23:30.692276+00:00
cd56ad9efeabd5302fde,394056__2024,394056,2024,TOWER BEHAVIORAL HEALTH,PA,external_geocoder_required_no_local_candidate,provider_address,"TOWER BEHAVIORAL HEALTH, 201 WELLNESS WAY, READING, PA, 19605",200,0,,2026-06-05T03:23:32.414543+00:00
cd3c7155c66d1b4735c6,394056__2024,394056,2024,TOWER BEHAVIORAL HEALTH,PA,external_geocoder_required_no_local_candidate,address_no_zip,"201 WELLNESS WAY, READING, PA",200,0,,2026-06-05T03:23:34.150513+00:00
6334e38596f87751b6a3,394056__2024,394056,2024,TOWER BEHAVIORAL HEALTH,PA,external_geocoder_required_no_local_candidate,provider_city_zip,"TOWER BEHAVIORAL HEALTH, READING, PA, 19605",200,0,,2026-06-05T03:23:35.620851+00:00
2ea1c26836cbc1be1e03,400004__2024,400004,2024,ASOCIACION HOSPITAL DEL MAESTRO,PR,external_geocoder_required_no_local_candidate,address_only,"SERGIO CUEVAS BUSTAMTE, SANJUAN, PR, 00969",200,0,,2026-06-05T03:23:37.156756+00:00
8706e8303571f84d1b33,400004__2024,400004,2024,ASOCIACION HOSPITAL DEL MAESTRO,PR,external_geocoder_required_no_local_candidate,provider_address,"ASOCIACION HOSPITAL DEL MAESTRO, SERGIO CUEVAS BUSTAMTE, SANJUAN, PR, 00969",200,0,,2026-06-05T03:23:38.552963+00:00
3b7140d86cf0ac4858be,400004__2024,400004,2024,ASOCIACION HOSPITAL DEL MAESTRO,PR,external_geocoder_required_no_local_candidate,address_no_zip,"SERGIO CUEVAS BUSTAMTE, SANJUAN, PR",200,0,,2026-06-05T03:23:40.065631+00:00
3c4dd71ae5e4bc7acdc0,400004__2024,400004,2024,ASOCIACION HOSPITAL DEL MAESTRO,PR,external_geocoder_required_no_local_candidate,provider_city_zip,"ASOCIACION HOSPITAL DEL MAESTRO, SANJUAN, PR, 00969",200,0,,2026-06-05T03:23:41.443921+00:00
87510491eb113e0149ae,394040__2024,394040,2024,THE MEADOWS HOSPITAL,PA,external_geocoder_required_no_local_candidate,address_only,"1 EARLYSTOWN RD, CENTRE HALL, PA, 16828",200,1,,2026-06-05T03:23:43.002545+00:00
db7ed54c0eba214f5e15,394040__2024,394040,2024,THE MEADOWS HOSPITAL,PA,external_geocoder_required_no_local_candidate,provider_address,"THE MEADOWS HOSPITAL, 1 EARLYSTOWN RD, CENTRE HALL, PA, 16828",200,0,,2026-06-05T03:23:44.653527+00:00
b35da4d5e96059d64921,394040__2024,394040,2024,THE MEADOWS HOSPITAL,PA,external_geocoder_required_no_local_candidate,address_no_zip,"1 EARLYSTOWN RD, CENTRE HALL, PA",200,1,,2026-06-05T03:23:46.226166+00:00
e2bfce1373f5f68304a0,394040__2024,394040,2024,THE MEADOWS HOSPITAL,PA,external_geocoder_required_no_local_candidate,provider_city_zip,"THE MEADOWS HOSPITAL, CENTRE HALL, PA, 16828",200,1,,2026-06-05T03:23:47.917408+00:00
2c8761913577e376dd28,400138__2023,400138,2023,PUERTO RICO WOMEN AND CHILDRENS HOSP,PR,external_geocoder_required_no_local_candidate,address_only,"CARR. PR-2 KM 11.6 (INTERIOR), BAYAMON, PR, 00959",200,0,,2026-06-05T03:23:49.736970+00:00
937754b9f9873309c12d,400138__2023,400138,2023,PUERTO RICO WOMEN AND CHILDRENS HOSP,PR,external_geocoder_required_no_local_candidate,provider_address,"PUERTO RICO WOMEN AND CHILDRENS HOSP, CARR. PR-2 KM 11.6 (INTERIOR), BAYAMON, PR, 00959",200,0,,2026-06-05T03:23:51.315553+00:00
6450f24d014d14442467,400138__2023,400138,2023,PUERTO RICO WOMEN AND CHILDRENS HOSP,PR,external_geocoder_required_no_local_candidate,address_no_zip,"CARR. PR-2 KM 11.6 (INTERIOR), BAYAMON, PR",200,0,,2026-06-05T03:23:52.956688+00:00
6bf2c4309c68dd3d5e57,400138__2023,400138,2023,PUERTO RICO WOMEN AND CHILDRENS HOSP,PR,external_geocoder_required_no_local_candidate,provider_city_zip,"PUERTO RICO WOMEN AND CHILDRENS HOSP, BAYAMON, PR, 00959",200,0,,2026-06-05T03:23:54.533463+00:00
5af2dee823274866bb1e,400115__2023,400115,2023,HOSPITAL WILMA N VAZQUEZ,PR,external_geocoder_required_no_local_candidate,address_only,"#2 KM 39.5, VEGA BAJA, PR, 00693",200,0,,2026-06-05T03:23:56.369032+00:00
409eb21f0264b19b90bd,400115__2023,400115,2023,HOSPITAL WILMA N VAZQUEZ,PR,external_geocoder_required_no_local_candidate,provider_address,"HOSPITAL WILMA N VAZQUEZ, #2 KM 39.5, VEGA BAJA, PR, 00693",200,0,,2026-06-05T03:23:57.934360+00:00
03e827042f96e4a358d9,400115__2023,400115,2023,HOSPITAL WILMA N VAZQUEZ,PR,external_geocoder_required_no_local_candidate,address_no_zip,"#2 KM 39.5, VEGA BAJA, PR",200,0,,2026-06-05T03:23:59.870901+00:00
b1ef5112ec5e4aa39407,400115__2023,400115,2023,HOSPITAL WILMA N VAZQUEZ,PR,external_geocoder_required_no_local_candidate,provider_city_zip,"HOSPITAL WILMA N VAZQUEZ, VEGA BAJA, PR, 00693",200,1,,2026-06-05T03:24:01.425290+00:00
2d17317b21dc491ac112,660001__2023,660001,2023,COMMONWEALTH HEALTH CENTER,MP,external_geocoder_required_no_local_candidate,address_only,"LOWER NAVY HILL RD, SAIPAN, MP, 96950",200,0,,2026-06-05T03:24:03.036469+00:00
559a697d66ac3ff56ecb,660001__2023,660001,2023,COMMONWEALTH HEALTH CENTER,MP,external_geocoder_required_no_local_candidate,provider_address,"COMMONWEALTH HEALTH CENTER, LOWER NAVY HILL RD, SAIPAN, MP, 96950",200,0,,2026-06-05T03:24:04.695733+00:00
d23de6584b303f585ca3,660001__2023,660001,2023,COMMONWEALTH HEALTH CENTER,MP,external_geocoder_required_no_local_candidate,address_no_zip,"LOWER NAVY HILL RD, SAIPAN, MP",200,0,,2026-06-05T03:24:06.227097+00:00
87c104d1c82f27bddb72,660001__2023,660001,2023,COMMONWEALTH HEALTH CENTER,MP,external_geocoder_required_no_local_candidate,provider_city_zip,"COMMONWEALTH HEALTH CENTER, SAIPAN, MP, 96950",200,1,,2026-06-05T03:24:07.661122+00:00
68bf4d18399aca73b3da,400105__2024,400105,2024,BAYAMON REGIONAL HOSPITAL,PR,external_geocoder_required_no_local_candidate,address_only,"LAUREL #100, BAYAMON, PR, 00956",200,1,,2026-06-05T03:24:09.241203+00:00
d6e37947a40d8dba0f8b,400105__2024,400105,2024,BAYAMON REGIONAL HOSPITAL,PR,external_geocoder_required_no_local_candidate,provider_address,"BAYAMON REGIONAL HOSPITAL, LAUREL #100, BAYAMON, PR, 00956",200,0,,2026-06-05T03:24:10.948365+00:00
952abe543dc743f471ba,400105__2024,400105,2024,BAYAMON REGIONAL HOSPITAL,PR,external_geocoder_required_no_local_candidate,address_no_zip,"LAUREL #100, BAYAMON, PR",200,1,,2026-06-05T03:24:12.619380+00:00
ff389b625b88e950eec0,400105__2024,400105,2024,BAYAMON REGIONAL HOSPITAL,PR,external_geocoder_required_no_local_candidate,provider_city_zip,"BAYAMON REGIONAL HOSPITAL, BAYAMON, PR, 00956",200,1,,2026-06-05T03:24:14.208964+00:00
472811d6875254529f2e,480002__2023,480002,2023,GOV. JUAN F. LUIS HOSPITAL,VI,external_geocoder_required_no_local_candidate,address_only,"4007 EAST DIAMOND RUBY, CHRISTIANSTED, VI, 00820",200,0,,2026-06-05T03:24:15.874729+00:00
102672a608c5e5ca14e9,480002__2023,480002,2023,GOV. JUAN F. LUIS HOSPITAL,VI,external_geocoder_required_no_local_candidate,provider_address,"GOV. JUAN F. LUIS HOSPITAL, 4007 EAST DIAMOND RUBY, CHRISTIANSTED, VI, 00820",200,0,,2026-06-05T03:24:17.373405+00:00
010002fa3c7bc6e07623,480002__2023,480002,2023,GOV. JUAN F. LUIS HOSPITAL,VI,external_geocoder_required_no_local_candidate,address_no_zip,"4007 EAST DIAMOND RUBY, CHRISTIANSTED, VI",200,0,,2026-06-05T03:24:18.924637+00:00
6bde5bd6a2e83392b8a8,480002__2023,480002,2023,GOV. JUAN F. LUIS HOSPITAL,VI,external_geocoder_required_no_local_candidate,provider_city_zip,"GOV. JUAN F. LUIS HOSPITAL, CHRISTIANSTED, VI, 00820",200,1,,2026-06-05T03:24:20.566226+00:00
dde99673017e817f98c7,224039__2023,224039,2023,HAVERHILL PAVILION,MA,external_geocoder_required_no_local_candidate,address_only,"76 SUMMER STREED, HAVERHILL, MA, 01832",200,0,,2026-06-05T03:24:22.265581+00:00
824f23fa9d347698081a,224039__2023,224039,2023,HAVERHILL PAVILION,MA,external_geocoder_required_no_local_candidate,provider_address,"HAVERHILL PAVILION, 76 SUMMER STREED, HAVERHILL, MA, 01832",200,0,,2026-06-05T03:24:23.834812+00:00
b0b211422052b8a6844a,224039__2023,224039,2023,HAVERHILL PAVILION,MA,external_geocoder_required_no_local_candidate,address_no_zip,"76 SUMMER STREED, HAVERHILL, MA",200,0,,2026-06-05T03:24:26.078988+00:00
6252a920df4954d18c78,224039__2023,224039,2023,HAVERHILL PAVILION,MA,external_geocoder_required_no_local_candidate,provider_city_zip,"HAVERHILL PAVILION, HAVERHILL, MA, 01832",200,0,,2026-06-05T03:24:27.701283+00:00
32364572c87bc112478a,403027__2023,403027,2023,MULTY MEDICAL FACILITIES,PR,external_geocoder_required_no_local_candidate,address_only,"MUNOZ RIVERA AVENUE #402, SAN JUAN PR 00918, PR, 00918",200,0,,2026-06-05T03:24:29.323991+00:00
fe2b8bdc3fd8920e18fb,403027__2023,403027,2023,MULTY MEDICAL FACILITIES,PR,external_geocoder_required_no_local_candidate,provider_address,"MULTY MEDICAL FACILITIES, MUNOZ RIVERA AVENUE #402, SAN JUAN PR 00918, PR, 00918",200,0,,2026-06-05T03:24:30.990162+00:00
3969e6bda302f60e95e0,403027__2023,403027,2023,MULTY MEDICAL FACILITIES,PR,external_geocoder_required_no_local_candidate,address_no_zip,"MUNOZ RIVERA AVENUE #402, SAN JUAN PR 00918, PR",200,1,,2026-06-05T03:24:32.471225+00:00
f437364e4e7ffa1f35c3,403027__2023,403027,2023,MULTY MEDICAL FACILITIES,PR,external_geocoder_required_no_local_candidate,provider_city_zip,"MULTY MEDICAL FACILITIES, SAN JUAN PR 00918, PR, 00918",200,0,,2026-06-05T03:24:33.977058+00:00
e87a94134861ceb239ab,400137__2023,400137,2023,DOCTORS CENTER HOSPITAL OH-DORADO,PR,external_geocoder_required_no_local_candidate,address_only,"RD 696 INTERSEC EFRON AVE BO HIGUI, DORADO, PR, 00646",200,0,,2026-06-05T03:24:35.791341+00:00
394205d770e4c089bbb7,400137__2023,400137,2023,DOCTORS CENTER HOSPITAL OH-DORADO,PR,external_geocoder_required_no_local_candidate,provider_address,"DOCTORS CENTER HOSPITAL OH-DORADO, RD 696 INTERSEC EFRON AVE BO HIGUI, DORADO, PR, 00646",200,0,,2026-06-05T03:24:37.436389+00:00
e48f327b4b16b3fbeec7,400137__2023,400137,2023,DOCTORS CENTER HOSPITAL OH-DORADO,PR,external_geocoder_required_no_local_candidate,address_no_zip,"RD 696 INTERSEC EFRON AVE BO HIGUI, DORADO, PR",200,0,,2026-06-05T03:24:38.909159+00:00
7a2cfa630a15483570f2,400137__2023,400137,2023,DOCTORS CENTER HOSPITAL OH-DORADO,PR,external_geocoder_required_no_local_candidate,provider_city_zip,"DOCTORS CENTER HOSPITAL OH-DORADO, DORADO, PR, 00646",200,0,,2026-06-05T03:24:40.432931+00:00
c535aea9518f9b947087,400122__2024,400122,2024,PROFESSIONAL HOSPITAL,PR,external_geocoder_required_no_local_candidate,address_only,"AVE LAS CUMBRES, GUAYNABO, PR, 00970",200,0,,2026-06-05T03:24:42.028557+00:00
8ea8f94fa9d97bb2b914,400122__2024,400122,2024,PROFESSIONAL HOSPITAL,PR,external_geocoder_required_no_local_candidate,provider_address,"PROFESSIONAL HOSPITAL, AVE LAS CUMBRES, GUAYNABO, PR, 00970",200,0,,2026-06-05T03:24:43.693886+00:00
a8eced085f0ea8149784,400122__2024,400122,2024,PROFESSIONAL HOSPITAL,PR,external_geocoder_required_no_local_candidate,address_no_zip,"AVE LAS CUMBRES, GUAYNABO, PR",200,0,,2026-06-05T03:24:45.509115+00:00
6ce9b3b49d150bdbb5ee,400122__2024,400122,2024,PROFESSIONAL HOSPITAL,PR,external_geocoder_required_no_local_candidate,provider_city_zip,"PROFESSIONAL HOSPITAL, GUAYNABO, PR, 00970",200,1,,2026-06-05T03:24:46.959257+00:00
047bcabc91aca3db594e,400012__2024,400012,2024,HOSPITAL I GONZALEZ MARTINEZ,PR,external_geocoder_required_no_local_candidate,address_only,"CENTRO MEDICO, PO BOX 191811 SAN JUAN, PR, 00919",200,0,,2026-06-05T03:24:48.579115+00:00
091f45485f341d448ac5,400012__2024,400012,2024,HOSPITAL I GONZALEZ MARTINEZ,PR,external_geocoder_required_no_local_candidate,provider_address,"HOSPITAL I GONZALEZ MARTINEZ, CENTRO MEDICO, PO BOX 191811 SAN JUAN, PR, 00919",200,0,,2026-06-05T03:24:50.173752+00:00
026027335faa721f1fd7,400012__2024,400012,2024,HOSPITAL I GONZALEZ MARTINEZ,PR,external_geocoder_required_no_local_candidate,address_no_zip,"CENTRO MEDICO, PO BOX 191811 SAN JUAN, PR",200,0,,2026-06-05T03:24:51.845995+00:00
070bac00bf59e72cef19,400012__2024,400012,2024,HOSPITAL I GONZALEZ MARTINEZ,PR,external_geocoder_required_no_local_candidate,provider_city_zip,"HOSPITAL I GONZALEZ MARTINEZ, PO BOX 191811 SAN JUAN, PR, 00919",200,0,,2026-06-05T03:24:53.485467+00:00
c480a84dcde485b72009,241347__2023,241347,2023,SANFORD HOSPITAL CANBY,MN,external_geocoder_required_no_local_candidate,address_only,"112 SAINT OLAF AVENUE, CANBY, MN, 56220",200,2,,2026-06-05T03:24:54.853238+00:00
6760888cdc90f429a6bb,371307__2023,371307,2023,CIMARRON MEMORIAL HOSPITAL,OK,external_geocoder_required_no_local_candidate,address_only,"100 SOUTH ELLIS, BOISE CITY, OK, 73933",200,1,,2026-06-05T03:24:55.252698+00:00
041822deaea66ba33a26,400010__2023,400010,2023,CASTANER HOSPITAL,PR,external_geocoder_required_no_local_candidate,address_only,"PO BOX 1003, CASTANER, PR, 00631",200,0,,2026-06-05T03:24:56.577530+00:00
ba0753fabb6ca2e63e52,400010__2023,400010,2023,CASTANER HOSPITAL,PR,external_geocoder_required_no_local_candidate,provider_address,"CASTANER HOSPITAL, PO BOX 1003, CASTANER, PR, 00631",200,0,,2026-06-05T03:24:58.263606+00:00
825f71057f7696ae490f,400010__2023,400010,2023,CASTANER HOSPITAL,PR,external_geocoder_required_no_local_candidate,address_no_zip,"PO BOX 1003, CASTANER, PR",200,1,,2026-06-05T03:24:59.929863+00:00
df48b26a33e89f4e227f,400010__2023,400010,2023,CASTANER HOSPITAL,PR,external_geocoder_required_no_local_candidate,provider_city_zip,"CASTANER HOSPITAL, CASTANER, PR, 00631",200,1,,2026-06-05T03:25:01.341438+00:00
