triage_rank,external_manual_rank,packet_rank,cms_provider_number,provider_name,state_abbr,street_address,city,zip5,raw_county,fiscal_year,review_issue,review_priority,suggested_fips,suggested_county_name,supporting_matched_provider_rows,candidate_method,candidate_confidence,review_recommendation,source_operator_review_status,beds_total,discharges_total,total_costs_usd,net_patient_revenue_usd,closeout_action,closeout_note,provider_volume_score,provider_year_key,same_city_review_action,same_city_review_note,census_candidate_fips,census_candidate_county_name,census_match_status,census_match_type,census_matched_address,census_candidate_score,census_candidate_confidence,census_attempt_label,conflicting_census_candidate_fips,census_candidate_status,census_candidate_note,external_manual_lane,recommended_resolution_method,external_manual_note,geocoder_query,prior_osm_batch,prior_osm_decision,prior_osm_fips,prior_osm_county_name,prior_osm_confidence,prior_osm_geocoder_name,prior_osm_display_name,prior_osm_attempt_label,prior_osm_attempt_query,prior_osm_candidate_issue,retry_candidate_fips,retry_candidate_county_name,retry_match_status,retry_match_type,retry_matched_address,retry_candidate_score,retry_candidate_confidence,retry_attempt_label,retry_conflicting_candidate_fips,retry_candidate_status,retry_candidate_note,context_reviewer_decision,context_manual_fips,context_manual_county_name,context_manual_geocode_confidence,context_manual_review_note,triage_lane,blocker_reason,recommended_next_action,triage_priority
1,2,5,370093,OU MEDICAL CENTER,OK,1200 CHILDRENS AVE,OKLAHOMA CITY,73104,,2024,cms_county_blank,high,40109,"Oklahoma County, Oklahoma",24,same_state_city_unique_matched_cms_rows,0.76,operator_review_city_match_before_assigning,cms_county_missing_provider_geocode_review_required,842.0,42672.0,1731174557.0,1965959449.0,spot_check_same_city_candidate_before_assignment,Same state+city maps to one already matched CMS county; review address/ZIP before applying.,1.0,370093__2024,external_or_manual_geocode_required,No usable Census county context; route through approved provider geocoder or manual address review.,,,,,,,,,,unresolved_after_census_batch,No Census geographies address match for provider street/city/state/ZIP.,same_city_unresolved_after_census_external_geocoder,approved_external_provider_geocoder,Same-city heuristic survived local review but official Census evidence did not support a conservative assignment.,"1200 CHILDRENS AVE, OKLAHOMA CITY, OK, 73104",same_city_osm,hold,40109,"Oklahoma County, Oklahoma",0.78,OU Medical Center,"OU Medical Center, 700, Northeast 13th Street, Oklahoma City, Oklahoma County, Oklahoma, 73104, United States",provider_city_zip,"OU MEDICAL CENTER, OKLAHOMA CITY, OK, 73104",house_number_not_supported; confidence_below_0_90,,,,,,,,,,unresolved_after_residual_census_retry,No Census geographies match from residual retry variants.,,,,,,same_city_held_manual_review,"Same-city heuristic survived local review, but OSM held the row: house_number_not_supported; confidence_below_0_90.","Reserve for manual/source-backed review for Oklahoma County, Oklahoma; do not accept the same-city heuristic alone.",P1
2,3,6,290041,SUMMERLIN HOSPITAL MEDICAL CENTER,NV,657 TOWN CENTER DRIVE,LAS VEGAS,89114,,2023,cms_county_blank,high,32003,"Clark County, Nevada",23,same_state_city_unique_matched_cms_rows,0.76,operator_review_city_match_before_assigning,cms_county_missing_provider_geocode_review_required,416.0,23214.0,362460482.0,443399845.0,spot_check_same_city_candidate_before_assignment,Same state+city maps to one already matched CMS county; review address/ZIP before applying.,0.9598,290041__2023,external_or_manual_geocode_required,No usable Census county context; route through approved provider geocoder or manual address review.,,,,,,,,,,unresolved_after_census_batch,No Census geographies address match for provider street/city/state/ZIP.,same_city_unresolved_after_census_external_geocoder,approved_external_provider_geocoder,Same-city heuristic survived local review but official Census evidence did not support a conservative assignment.,"657 TOWN CENTER DRIVE, LAS VEGAS, NV, 89114",same_city_osm,hold,32003,"Clark County, Nevada",0.82,Summerlin Hospital,"Summerlin Hospital, 657, North Town Center Drive, The Crossing, Summerlin North, Summerlin, Las Vegas, Clark County, Nevada, 89144, United States",address_only,"657 TOWN CENTER DRIVE, LAS VEGAS, NV, 89114",postcode_not_supported; confidence_below_0_90,,,,,,,,,,unresolved_after_residual_census_retry,No Census geographies match from residual retry variants.,,,,,,same_city_held_manual_review,"Same-city heuristic survived local review, but OSM held the row: postcode_not_supported; confidence_below_0_90.","Reserve for manual/source-backed review for Clark County, Nevada; do not accept the same-city heuristic alone.",P1
3,4,7,370056,COMANCHE COUNTY MEMORIAL HOSPITAL,OK,3401 W GORE,LAWTON,73502,,2024,cms_county_blank,high,40031,"Comanche County, Oklahoma",3,same_state_city_unique_matched_cms_rows,0.76,operator_review_city_match_before_assigning,cms_county_missing_provider_geocode_review_required,183.0,10649.0,224314285.0,339847745.0,spot_check_same_city_candidate_before_assignment,Same state+city maps to one already matched CMS county; review address/ZIP before applying.,0.5705,370056__2024,external_or_manual_geocode_required,No usable Census county context; route through approved provider geocoder or manual address review.,,,,,,,,,,unresolved_after_census_batch,No Census geographies address match for provider street/city/state/ZIP.,same_city_unresolved_after_census_external_geocoder,approved_external_provider_geocoder,Same-city heuristic survived local review but official Census evidence did not support a conservative assignment.,"3401 W GORE, LAWTON, OK, 73502",same_city_osm,hold,40031,"Comanche County, Oklahoma",0.82,Comanche County Memorial Hospital,"Comanche County Memorial Hospital, 3401, Southwest Gore Boulevard, Lawton, Comanche County, Oklahoma, 73505, United States",provider_city_zip,"COMANCHE COUNTY MEMORIAL HOSPITAL, LAWTON, OK, 73502",postcode_not_supported; confidence_below_0_90,40031,"Comanche County, Oklahoma",Match,Non_Exact,"3401 W GORE BLVD, LAWTON, OK, 73505",0.75,0.76,street_token_expanded,,residual_census_context_only,Residual Census retry produced context but not enough evidence for automatic acceptance.,hold,40031,"Comanche County, Oklahoma",0.76,Held by strict residual Census context spot-check: not_provider_original_attempt; retry_score_below_0_88; retry_confidence_below_0_86; matched_address_missing_provider_zip5.,same_city_held_manual_review,"Same-city heuristic survived local review, but OSM held the row: postcode_not_supported; confidence_below_0_90.","Reserve for manual/source-backed review for Comanche County, Oklahoma; do not accept the same-city heuristic alone.",P1
4,5,9,190054,IBERIA MEDICAL CENTER,LA,2315 W MAIN STREET,NEW IBERIA,70562,,2023,cms_county_blank,high,22045,"Iberia Parish, Louisiana",1,same_state_city_unique_matched_cms_rows,0.76,operator_review_city_match_before_assigning,cms_county_missing_provider_geocode_review_required,133.0,3965.0,90825525.0,106319014.0,spot_check_same_city_candidate_before_assignment,Same state+city maps to one already matched CMS county; review address/ZIP before applying.,0.263,190054__2023,external_or_manual_geocode_required,No usable Census county context; route through approved provider geocoder or manual address review.,,,,,,,,,,unresolved_after_census_batch,No Census geographies address match for provider street/city/state/ZIP.,same_city_unresolved_after_census_external_geocoder,approved_external_provider_geocoder,Same-city heuristic survived local review but official Census evidence did not support a conservative assignment.,"2315 W MAIN STREET, NEW IBERIA, LA, 70562",same_city_osm,hold,22045,"Iberia Parish, Louisiana",0.82,Iberia Medical Center,"Iberia Medical Center, 2315, East Main Street, Berard, New Iberia, Iberia Parish, Louisiana, 70560, United States",provider_city_zip,"IBERIA MEDICAL CENTER, NEW IBERIA, LA, 70562",postcode_not_supported; confidence_below_0_90,,,,,,,,,,unresolved_after_residual_census_retry,No Census geographies match from residual retry variants.,,,,,,same_city_held_manual_review,"Same-city heuristic survived local review, but OSM held the row: postcode_not_supported; confidence_below_0_90.","Reserve for manual/source-backed review for Iberia Parish, Louisiana; do not accept the same-city heuristic alone.",P1
5,6,10,474001,BRATTLEBORO RETREAT,VT,ANNA MARSH LANE,BRATTLEBORO,05302,,2023,cms_county_blank,high,50025,"Windham County, Vermont",1,same_state_city_unique_matched_cms_rows,0.76,operator_review_city_match_before_assigning,cms_county_missing_provider_geocode_review_required,113.0,1759.0,72243402.0,96398345.0,spot_check_same_city_candidate_before_assignment,Same state+city maps to one already matched CMS county; review address/ZIP before applying.,0.2235,474001__2023,external_or_manual_geocode_required,No usable Census county context; route through approved provider geocoder or manual address review.,,,,,,,,,,unresolved_after_census_batch,No Census geographies address match for provider street/city/state/ZIP.,same_city_unresolved_after_census_external_geocoder,approved_external_provider_geocoder,Same-city heuristic survived local review but official Census evidence did not support a conservative assignment.,"ANNA MARSH LANE, BRATTLEBORO, VT, 05302",same_city_osm,hold,50025,"Windham County, Vermont",0.82,Brattleboro Retreat,"Brattleboro Retreat, Anna Marsh Lane, Brattleboro, Windham County, Vermont, 05302, United States",provider_address,"BRATTLEBORO RETREAT, ANNA MARSH LANE, BRATTLEBORO, VT, 05302",house_number_not_supported; confidence_below_0_90,,,,,,,,,,unresolved_after_residual_census_retry,No Census geographies match from residual retry variants.,,,,,,same_city_held_manual_review,"Same-city heuristic survived local review, but OSM held the row: house_number_not_supported; confidence_below_0_90.","Reserve for manual/source-backed review for Windham County, Vermont; do not accept the same-city heuristic alone.",P1
6,7,11,514009,MILDRED MITCHELL-BATEMAN HOSPITAL,WV,1530 NORWAY AVENUE,HUNTINGTON,25706,,2024,cms_county_blank,high,54011,"Cabell County, West Virginia",6,same_state_city_unique_matched_cms_rows,0.76,operator_review_city_match_before_assigning,cms_county_missing_provider_geocode_review_required,110.0,409.0,51287750.0,16735784.0,spot_check_same_city_candidate_before_assignment,Same state+city maps to one already matched CMS county; review address/ZIP before applying.,0.2175,514009__2024,external_or_manual_geocode_required,No usable Census county context; route through approved provider geocoder or manual address review.,,,,,,,,,,unresolved_after_census_batch,No Census geographies address match for provider street/city/state/ZIP.,same_city_unresolved_after_census_external_geocoder,approved_external_provider_geocoder,Same-city heuristic survived local review but official Census evidence did not support a conservative assignment.,"1530 NORWAY AVENUE, HUNTINGTON, WV, 25706",same_city_osm,hold,54011,"Cabell County, West Virginia",0.82,Mildred Mitchell-Bateman Hospital,"Mildred Mitchell-Bateman Hospital, 1530, Norway Avenue, Huntington, Cabell County, West Virginia, 25705, United States",address_only,"1530 NORWAY AVENUE, HUNTINGTON, WV, 25706",postcode_not_supported; confidence_below_0_90,,,,,,,,,,unresolved_after_residual_census_retry,No Census geographies match from residual retry variants.,,,,,,same_city_held_manual_review,"Same-city heuristic survived local review, but OSM held the row: postcode_not_supported; confidence_below_0_90.","Reserve for manual/source-backed review for Cabell County, West Virginia; do not accept the same-city heuristic alone.",P1
7,8,12,212002,WESTERN MARYLAND HOSPITAL CENTER,MD,1500 PENNSYLVANIA AVENUE,HAGERSTOWN,21740,,2024,cms_county_blank,high,24043,"Washington County, Maryland",2,same_state_city_unique_matched_cms_rows,0.76,operator_review_city_match_before_assigning,cms_county_missing_provider_geocode_review_required,60.0,14.0,23465963.0,,spot_check_same_city_candidate_before_assignment,Same state+city maps to one already matched CMS county; review address/ZIP before applying.,0.1186,212002__2024,external_or_manual_geocode_required,No usable Census county context; route through approved provider geocoder or manual address review.,,,,,,,,,,unresolved_after_census_batch,No Census geographies address match for provider street/city/state/ZIP.,same_city_unresolved_after_census_external_geocoder,approved_external_provider_geocoder,Same-city heuristic survived local review but official Census evidence did not support a conservative assignment.,"1500 PENNSYLVANIA AVENUE, HAGERSTOWN, MD, 21740",same_city_osm,hold,24043,"Washington County, Maryland",0.82,Western Maryland Hospital Center,"Western Maryland Hospital Center, 1500, Pennsylvania Avenue, Hagerstown, Washington County, Maryland, 21742, United States",address_only,"1500 PENNSYLVANIA AVENUE, HAGERSTOWN, MD, 21740",postcode_not_supported; confidence_below_0_90,,,,,,,,,,unresolved_after_residual_census_retry,No Census geographies match from residual retry variants.,,,,,,same_city_held_manual_review,"Same-city heuristic survived local review, but OSM held the row: postcode_not_supported; confidence_below_0_90.","Reserve for manual/source-backed review for Washington County, Maryland; do not accept the same-city heuristic alone.",P1
8,9,13,190044,ACADIA GENERAL HOSPITAL,LA,190044,CROWLEY,70526,,2023,cms_county_blank,high,22001,"Acadia Parish, Louisiana",1,same_state_city_unique_matched_cms_rows,0.76,operator_review_city_match_before_assigning,cms_county_missing_provider_geocode_review_required,54.0,1564.0,50363732.0,53325390.0,spot_check_same_city_candidate_before_assignment,Same state+city maps to one already matched CMS county; review address/ZIP before applying.,0.1169,190044__2023,external_or_manual_geocode_required,No usable Census county context; route through approved provider geocoder or manual address review.,,,,,,,,,,unresolved_after_census_batch,No Census geographies address match for provider street/city/state/ZIP.,same_city_unresolved_after_census_external_geocoder,approved_external_provider_geocoder,Same-city heuristic survived local review but official Census evidence did not support a conservative assignment.,"190044, CROWLEY, LA, 70526",same_city_osm,hold,22001,"Acadia Parish, Louisiana",0.6,Acadia General Hospital,"Acadia General Hospital, 1305, Crowley Rayne Highway, Crowley, Acadia Parish, Louisiana, 70546, United States",provider_city_zip,"ACADIA GENERAL HOSPITAL, CROWLEY, LA, 70526",house_number_not_supported; postcode_not_supported; confidence_below_0_90,,,,,,,,,,unresolved_after_residual_census_retry,No Census geographies match from residual retry variants.,,,,,,same_city_held_manual_review,"Same-city heuristic survived local review, but OSM held the row: house_number_not_supported; postcode_not_supported; confidence_below_0_90.","Reserve for manual/source-backed review for Acadia Parish, Louisiana; do not accept the same-city heuristic alone.",P1
9,10,14,670265,LEGENT ORTHOPEDIC HOSPITAL CARROLLTO,TX,1401 EAST TRINITY MILLS ROAD,CARROLLTON,75007,,2024,cms_county_blank,high,48121,"Denton County, Texas",2,same_state_city_unique_matched_cms_rows,0.76,operator_review_city_match_before_assigning,cms_county_missing_provider_geocode_review_required,22.0,629.0,45132104.0,36285783.0,spot_check_same_city_candidate_before_assignment,Same state+city maps to one already matched CMS county; review address/ZIP before applying.,0.1047,670265__2024,external_or_manual_geocode_required,No usable Census county context; route through approved provider geocoder or manual address review.,,,,,,,,,,unresolved_after_census_batch,No Census geographies address match for provider street/city/state/ZIP.,same_city_unresolved_after_census_external_geocoder,approved_external_provider_geocoder,Same-city heuristic survived local review but official Census evidence did not support a conservative assignment.,"1401 EAST TRINITY MILLS ROAD, CARROLLTON, TX, 75007",same_city_osm,hold,48113,"Dallas County, Texas",0.82,Legent Orthopedic Hospital,"Legent Orthopedic Hospital, 1401, East Trinity Mills Road, New Koreatown, Carrollton, Dallas County, Texas, 75006, United States",address_only,"1401 EAST TRINITY MILLS ROAD, CARROLLTON, TX, 75007",postcode_not_supported; confidence_below_0_90,,,,,,,,,,unresolved_after_residual_census_retry,No Census geographies match from residual retry variants.,,,,,,same_city_held_manual_review,"Same-city heuristic survived local review, but OSM held the row: postcode_not_supported; confidence_below_0_90.","Reserve for manual/source-backed review for Denton County, Texas; do not accept the same-city heuristic alone.",P1
10,11,15,103052,ENCOMPASS HEALTH REHABILITATION HOSP,FL,11595 BURNT MILL ROAD,JACKSONVILLE,32256,,2023,cms_county_blank,high,12031,"Duval County, Florida",10,same_state_city_unique_matched_cms_rows,0.76,operator_review_city_match_before_assigning,cms_county_missing_provider_geocode_review_required,50.0,798.0,17626662.0,16719427.0,spot_check_same_city_candidate_before_assignment,Same state+city maps to one already matched CMS county; review address/ZIP before applying.,0.0989,103052__2023,external_or_manual_geocode_required,No usable Census county context; route through approved provider geocoder or manual address review.,,,,,,,,,,unresolved_after_census_batch,No Census geographies address match for provider street/city/state/ZIP.,same_city_unresolved_after_census_external_geocoder,approved_external_provider_geocoder,Same-city heuristic survived local review but official Census evidence did not support a conservative assignment.,"11595 BURNT MILL ROAD, JACKSONVILLE, FL, 32256",same_city_osm,hold,12031,"Duval County, Florida",0.7,Burnt Mill Road,"Burnt Mill Road, Jacksonville, Duval County, Florida, 32256, United States",address_only,"11595 BURNT MILL ROAD, JACKSONVILLE, FL, 32256",house_number_not_supported; confidence_below_0_90,,,,,,,,,,unresolved_after_residual_census_retry,No Census geographies match from residual retry variants.,,,,,,same_city_held_manual_review,"Same-city heuristic survived local review, but OSM held the row: house_number_not_supported; confidence_below_0_90.","Reserve for manual/source-backed review for Duval County, Florida; do not accept the same-city heuristic alone.",P1
11,12,16,054149,WILLOW ROCK CENTER,CA,22050 FAIRMONT DRIVE,SAN LEANDRO,94578,,2024,cms_county_blank,high,06001,"Alameda County, California",2,same_state_city_unique_matched_cms_rows,0.76,operator_review_city_match_before_assigning,cms_county_missing_provider_geocode_review_required,,,,,spot_check_same_city_candidate_before_assignment,Same state+city maps to one already matched CMS county; review address/ZIP before applying.,0.0,054149__2024,external_or_manual_geocode_required,No usable Census county context; route through approved provider geocoder or manual address review.,,,,,,,,,,unresolved_after_census_batch,No Census geographies address match for provider street/city/state/ZIP.,same_city_unresolved_after_census_external_geocoder,approved_external_provider_geocoder,Same-city heuristic survived local review but official Census evidence did not support a conservative assignment.,"22050 FAIRMONT DRIVE, SAN LEANDRO, CA, 94578",same_city_osm,hold,06001,"Alameda County, California",0.7,Fairmont Drive,"Fairmont Drive, San Leandro, Alameda County, California, 94578, United States",address_only,"22050 FAIRMONT DRIVE, SAN LEANDRO, CA, 94578",house_number_not_supported; confidence_below_0_90,,,,,,,,,,unresolved_after_residual_census_retry,No Census geographies match from residual retry variants.,,,,,,same_city_held_manual_review,"Same-city heuristic survived local review, but OSM held the row: house_number_not_supported; confidence_below_0_90.","Reserve for manual/source-backed review for Alameda County, California; do not accept the same-city heuristic alone.",P1
12,13,17,400061,UNIVERSITY DISCTRICT HOSPITAL,PR,BO. MONACILLO,SAN JUAN,00922,PUERTO RICO,2024,county_text_unmatched,medium,72127,San Juan Muno,5,same_state_city_unique_matched_cms_rows,0.76,operator_review_city_match_before_assigning,county_fips_unmatched_review_required,204.0,7413.0,129171912.0,108313813.0,spot_check_same_city_candidate_before_assignment,Same state+city maps to one already matched CMS county; review address/ZIP before applying.,0.4034,400061__2024,external_or_manual_geocode_required,No usable Census county context; route through approved provider geocoder or manual address review.,,,,,,,,,,unresolved_after_census_batch,No Census geographies address match for provider street/city/state/ZIP.,same_city_unresolved_after_census_external_geocoder,approved_external_provider_geocoder,Same-city heuristic survived local review but official Census evidence did not support a conservative assignment.,"BO. MONACILLO, SAN JUAN, PR, 00922",same_city_osm,hold,72127,San Juan Muno,0.48,Monacillo,"Monacillo, Río Piedras, San Juan, Puerto Rico, 00826, United States",address_only,"BO. MONACILLO, SAN JUAN, PR, 00922",house_number_not_supported; postcode_not_supported; result_type_name_or_road_not_supported; confidence_below_0_90,,,,,,,,,,unresolved_after_residual_census_retry,No Census geographies match from residual retry variants.,,,,,,same_city_held_manual_review,"Same-city heuristic survived local review, but OSM held the row: house_number_not_supported; postcode_not_supported; result_type_name_or_road_not_supported; confidence_below_0_90.",Reserve for manual/source-backed review for San Juan Muno; do not accept the same-city heuristic alone.,P2
13,14,18,400127,ADMIN DE SERVICIOS MEDICOS DE PR,PR,CENTRO MEDICO,SAN JUAN,00922,,2024,cms_county_blank,medium,72127,San Juan Muno,5,same_state_city_unique_matched_cms_rows,0.76,operator_review_city_match_before_assigning,cms_county_missing_provider_geocode_review_required,65.0,1632.0,143190592.0,234252304.0,spot_check_same_city_candidate_before_assignment,Same state+city maps to one already matched CMS county; review address/ZIP before applying.,0.3933,400127__2024,external_or_manual_geocode_required,No usable Census county context; route through approved provider geocoder or manual address review.,,,,,,,,,,unresolved_after_census_batch,No Census geographies address match for provider street/city/state/ZIP.,same_city_unresolved_after_census_external_geocoder,approved_external_provider_geocoder,Same-city heuristic survived local review but official Census evidence did not support a conservative assignment.,"CENTRO MEDICO, SAN JUAN, PR, 00922",same_city_osm,hold,72127,San Juan Muno,0.48,Centro Médico,"Centro Médico, Calle 9 Sureste, Puerto Nuevo, Río Piedras, San Juan, Puerto Rico, 00927, United States",address_only,"CENTRO MEDICO, SAN JUAN, PR, 00922",house_number_not_supported; postcode_not_supported; result_type_name_or_road_not_supported; confidence_below_0_90,,,,,,,,,,unresolved_after_residual_census_retry,No Census geographies match from residual retry variants.,,,,,,same_city_held_manual_review,"Same-city heuristic survived local review, but OSM held the row: house_number_not_supported; postcode_not_supported; result_type_name_or_road_not_supported; confidence_below_0_90.",Reserve for manual/source-backed review for San Juan Muno; do not accept the same-city heuristic alone.,P2
14,15,19,400015,SAN JUAN MUNICIPAL HOSPITAL,PR,RIO PIEDRAS STATION,SAN JUAN,00928,,2024,cms_county_blank,medium,72127,San Juan Muno,5,same_state_city_unique_matched_cms_rows,0.76,operator_review_city_match_before_assigning,cms_county_missing_provider_geocode_review_required,145.0,5355.0,88665795.0,99596842.0,spot_check_same_city_candidate_before_assignment,Same state+city maps to one already matched CMS county; review address/ZIP before applying.,0.2867,400015__2024,external_or_manual_geocode_required,No usable Census county context; route through approved provider geocoder or manual address review.,,,,,,,,,,unresolved_after_census_batch,No Census geographies address match for provider street/city/state/ZIP.,same_city_unresolved_after_census_external_geocoder,approved_external_provider_geocoder,Same-city heuristic survived local review but official Census evidence did not support a conservative assignment.,"RIO PIEDRAS STATION, SAN JUAN, PR, 00928",same_city_osm,hold,72127,San Juan Muno,0.52,Hospital Municipal de San Juan Dr. Rafael López Nussa,"Hospital Municipal de San Juan Dr. Rafael López Nussa, Plaza Central del Centro Médico, Reparto Metropolitano, Puerto Nuevo, Río Piedras, San Juan, Puerto Rico, 00936, United States",provider_city_zip,"SAN JUAN MUNICIPAL HOSPITAL, SAN JUAN, PR, 00928",house_number_not_supported; postcode_not_supported; confidence_below_0_90,,,,,,,,,,unresolved_after_residual_census_retry,No Census geographies match from residual retry variants.,,,,,,same_city_held_manual_review,"Same-city heuristic survived local review, but OSM held the row: house_number_not_supported; postcode_not_supported; confidence_below_0_90.",Reserve for manual/source-backed review for San Juan Muno; do not accept the same-city heuristic alone.,P2
15,16,20,400098,HOSPITAL SAN FRANCISCO,PR,DE DIEGO AVE. #371,RIO PIEDRAS,00923,RIO PIEDRAS,2023,county_text_unmatched,medium,72127,San Juan Muno,1,same_state_city_unique_matched_cms_rows,0.76,operator_review_city_match_before_assigning,county_fips_unmatched_review_required,139.0,4112.0,36023250.0,44399547.0,spot_check_same_city_candidate_before_assignment,Same state+city maps to one already matched CMS county; review address/ZIP before applying.,0.2749,400098__2023,external_or_manual_geocode_required,No usable Census county context; route through approved provider geocoder or manual address review.,,,,,,,,,,unresolved_after_census_batch,No Census geographies address match for provider street/city/state/ZIP.,same_city_unresolved_after_census_external_geocoder,approved_external_provider_geocoder,Same-city heuristic survived local review but official Census evidence did not support a conservative assignment.,"DE DIEGO AVE. #371, RIO PIEDRAS, PR, 00923",same_city_osm,hold,72127,San Juan Muno,0.9,Hospital San Francisco,"Hospital San Francisco, 371, Avenida José de Diego, Victoria, Oriente, Río Piedras, San Juan, Puerto Rico, 00923, United States",provider_city_zip,"HOSPITAL SAN FRANCISCO, RIO PIEDRAS, PR, 00923",city_not_supported,,,,,,,,,,unresolved_after_residual_census_retry,No Census geographies match from residual retry variants.,,,,,,same_city_held_manual_review,"Same-city heuristic survived local review, but OSM held the row: city_not_supported.",Reserve for manual/source-backed review for San Juan Muno; do not accept the same-city heuristic alone.,P2
16,17,21,400106,HOSPITAL METROPOLITANO,PR,21 #1785,RIO PIEDRAS,00922,,2023,cms_county_blank,medium,72127,San Juan Muno,1,same_state_city_unique_matched_cms_rows,0.76,operator_review_city_match_before_assigning,cms_county_missing_provider_geocode_review_required,132.0,4353.0,33670119.0,49829173.0,spot_check_same_city_candidate_before_assignment,Same state+city maps to one already matched CMS county; review address/ZIP before applying.,0.261,400106__2023,external_or_manual_geocode_required,No usable Census county context; route through approved provider geocoder or manual address review.,,,,,,,,,,unresolved_after_census_batch,No Census geographies address match for provider street/city/state/ZIP.,same_city_unresolved_after_census_external_geocoder,approved_external_provider_geocoder,Same-city heuristic survived local review but official Census evidence did not support a conservative assignment.,"21 #1785, RIO PIEDRAS, PR, 00922",same_city_osm,hold,72127,San Juan Muno,0.68,Hospital Metropolitano de San Juan,"Hospital Metropolitano de San Juan, 1785, Calle Sandalio Enrique Alonso, Urbanización Santiago Iglesias Pantín, Polvorín, Puerto Nuevo, San Juan, Puerto Rico, 00922, United States",provider_city_zip,"HOSPITAL METROPOLITANO, RIO PIEDRAS, PR, 00922",house_number_not_supported; city_not_supported; confidence_below_0_90,,,,,,,,,,unresolved_after_residual_census_retry,No Census geographies match from residual retry variants.,,,,,,same_city_held_manual_review,"Same-city heuristic survived local review, but OSM held the row: house_number_not_supported; city_not_supported; confidence_below_0_90.",Reserve for manual/source-backed review for San Juan Muno; do not accept the same-city heuristic alone.,P2
17,18,22,450874,BAYLOR SURGICAL HOSPITAL LAS COLINAS,TX,400 W I-635 SUITE 101,IRVING,75063,IRVING,2023,county_text_unmatched,medium,48113,"Dallas County, Texas",2,same_state_city_unique_matched_cms_rows,0.76,operator_review_city_match_before_assigning,county_fips_unmatched_review_required,20.0,663.0,52087563.0,79823675.0,spot_check_same_city_candidate_before_assignment,Same state+city maps to one already matched CMS county; review address/ZIP before applying.,0.134,450874__2023,external_or_manual_geocode_required,No usable Census county context; route through approved provider geocoder or manual address review.,,,,,,,,,,unresolved_after_census_batch,No Census geographies address match for provider street/city/state/ZIP.,same_city_unresolved_after_census_external_geocoder,approved_external_provider_geocoder,Same-city heuristic survived local review but official Census evidence did not support a conservative assignment.,"400 W I-635 SUITE 101, IRVING, TX, 75063",same_city_osm,hold,,,,,,,,no_geocoder_result,,,,,,,,,,unresolved_after_residual_census_retry,No Census geographies match from residual retry variants.,,,,,,same_city_held_manual_review,"Same-city heuristic survived local review, but OSM held the row: no_geocoder_result.","Reserve for manual/source-backed review for Dallas County, Texas; do not accept the same-city heuristic alone.",P2
18,1,8,284003,LINCOLN REGIONAL CENTER,NE,FOLSOM & PROSPECTOR,LINCOLN,68509,,2024,cms_county_blank,high,31109,"Lancaster County, Nebraska",6,same_state_city_unique_matched_cms_rows,0.76,operator_review_city_match_before_assigning,cms_county_missing_provider_geocode_review_required,266.0,28.0,24666453.0,12927774.0,spot_check_same_city_candidate_before_assignment,Same state+city maps to one already matched CMS county; review address/ZIP before applying.,0.526,284003__2024,operator_spot_check_census_context_same_fips,"Census provides same-FIPS context, but the match is non-exact or otherwise below automatic acceptance policy.",31109,"Lancaster County, Nebraska",Match,Non_Exact,"S FOLSOM ST & W PROSPECTOR PL, LINCOLN, NE, 68522",0.75,0.84,provider_original,,same_city_census_context_only,Census result is useful context but not strict enough for automatic same-city acceptance.,weak_same_fips_census_context_manual_review,manual_review_or_approved_external_geocoder,One weak same-FIPS Census context row remains below spot-check acceptance policy; review manually before any override.,"FOLSOM & PROSPECTOR, LINCOLN, NE, 68509",,,,,,,,,,,31109,"Lancaster County, Nebraska",Match,Non_Exact,"S FOLSOM ST & W PROSPECTOR PL, LINCOLN, NE, 68522",0.75,0.76,provider_original,,residual_census_context_only,Residual Census retry produced context but not enough evidence for automatic acceptance.,hold,31109,"Lancaster County, Nebraska",0.76,Held by strict residual Census context spot-check: retry_score_below_0_88; retry_confidence_below_0_86; matched_address_missing_provider_zip5; leading_street_number_not_supported.,weak_census_context_manual_review,Weak same-FIPS Census context remains below acceptance policy. Context spot-check decision: hold.,Manual review only; require independent street/ZIP evidence before any override.,P1
