cms_provider_number,fiscal_year,provider_year_key,source_id,source_label,url,evidence_summary,supports_fips,reviewed_at
400115,2023,400115__2023,hospital_wilma_n_vazquez_contact,Hospital Wilma N. Vazquez provider site,https://www.wilmamed.com/contacto,"Provider contact page lists the hospital at Carr. Num. 2 Km. 39.5 in Vega Baja, PR.",72145,2026-06-06T03:59:08.285962+00:00
400115,2023,400115__2023,census_tigerweb_pr_vega_baja,U.S. Census TIGERweb Puerto Rico county-equivalents,https://tigerweb.geo.census.gov/tigerwebmain/Files/acs24/tigerweb_acs24_county_2020_tab20_pr.html,Official Census TIGERweb county table maps Vega Baja Municipio to GEOID 72145.,72145,2026-06-06T03:59:08.285962+00:00
480002,2023,480002__2023,jfl_guest_services_contact,Gov. Juan F. Luis Hospital provider site,https://jflusvi.org/guest-services/,"Provider site contact block lists 4007 Estate Diamond Ruby, Christiansted, St. Croix USVI.",78010,2026-06-06T03:59:08.285962+00:00
480002,2023,480002__2023,census_tigerweb_vi_st_croix,U.S. Census TIGERweb U.S. Virgin Islands county-equivalents,https://tigerweb.geo.census.gov/tigerwebmain/TIGERweb_tabblock_census2020_vi.html,Official Census TIGERweb county-based files list St. Croix as county-equivalent GEOID 78010.,78010,2026-06-06T03:59:08.285962+00:00
224039,2023,224039__2023,haverhill_pavilion_provider_location,Haverhill Pavilion provider site,https://www.haverhillpavilion.com/about/location/,"Provider site lists Haverhill Pavilion Behavioral Health Hospital at 76 Summer St, Haverhill, MA 01830.",25009,2026-06-06T03:59:08.285962+00:00
224039,2023,224039__2023,mma_haverhill_county_reference,Massachusetts Municipal Association,https://www.mma.org/community/haverhill/,MMA community profile identifies Haverhill's county as Essex.,25009,2026-06-06T03:59:08.285962+00:00
403027,2023,403027__2023,nppes_multy_medical_1891120648,NPPES/NPI Registry API,https://npiregistry.cms.hhs.gov/api/?number=1891120648&version=2.1,"NPPES lists Multy Medical Facilities Corp / Multy Medical Physical Rehabilitation Hospital at 402 Munoz Rivera Ave, San Juan, PR.",72127,2026-06-06T03:59:08.285962+00:00
403027,2023,403027__2023,census_tigerweb_pr_san_juan,U.S. Census TIGERweb Puerto Rico county-equivalents,https://tigerweb.geo.census.gov/tigerwebmain/Files/acs24/tigerweb_acs24_county_2020_tab20_pr.html,Official Census TIGERweb county table maps San Juan Municipio to GEOID 72127.,72127,2026-06-06T03:59:08.285962+00:00
400122,2024,400122__2024,professional_hospital_provider_site,Professional Hospital provider site,https://professionalhospital.net/,Provider site states Professional Hospital Guaynabo is on Avenida Las Cumbres in Guaynabo.,72061,2026-06-06T03:59:08.285962+00:00
400122,2024,400122__2024,nppes_professional_hospital_1922254952,NPPES/NPI Registry API,https://npiregistry.cms.hhs.gov/api/?number=1922254952&version=2.1,"NPPES lists Professional Hospital Guaynabo Inc at Ave Las Cumbres / Street 199 Km 1.2, Guaynabo, PR.",72061,2026-06-06T03:59:08.285962+00:00
400122,2024,400122__2024,census_tigerweb_pr_guaynabo,U.S. Census TIGERweb Puerto Rico county-equivalents,https://tigerweb.geo.census.gov/tigerwebmain/Files/acs24/tigerweb_acs24_county_2020_tab20_pr.html,Official Census TIGERweb county table maps Guaynabo Municipio to GEOID 72061.,72061,2026-06-06T03:59:08.285962+00:00
400137,2023,400137__2023,doctors_center_dorado_contact,Doctors' Center Hospital provider site,https://www.doctorscenterhospital.com/contact-us,Provider contact page lists Doctors' Center Hospital Dorado facility and phone.,72051,2026-06-06T03:59:08.285962+00:00
400137,2023,400137__2023,nppes_doctors_center_dorado_1194480806,NPPES/NPI Registry API,https://npiregistry.cms.hhs.gov/api/?number=1194480806&version=2.1,"NPPES lists Doctors' Center Hospital - Orlando Health - Dorado at Road 696 / Ave Efron, Dorado, PR.",72051,2026-06-06T03:59:08.285962+00:00
400137,2023,400137__2023,census_tigerweb_pr_dorado,U.S. Census TIGERweb Puerto Rico county-equivalents,https://tigerweb.geo.census.gov/tigerwebmain/Files/acs24/tigerweb_acs24_county_2020_tab20_pr.html,Official Census TIGERweb county table maps Dorado Municipio to GEOID 72051.,72051,2026-06-06T03:59:08.285962+00:00
400012,2024,400012__2024,uicc_hospital_oncologico_location,UICC member profile,https://www.uicc.org/membership/liga-puertorriquena-contra-el-cancer-y-su-hospital-oncologico-dr-isaac-gonzalez-martinez,UICC profile places Hospital Oncologico Dr. Isaac Gonzalez Martinez in the Puerto Rico Medical Center in San Juan.,72127,2026-06-06T03:59:08.285962+00:00
400012,2024,400012__2024,nppes_hospital_oncologico_1407852338,NPPES/NPI Registry API,https://npiregistry.cms.hhs.gov/api/?number=1407852338&version=2.1,"NPPES lists Hospital Oncologico Dr. Isaac Gonzalez Martinez at Bo Monacillos / Ave Americo Miranda, San Juan, PR.",72127,2026-06-06T03:59:08.285962+00:00
400012,2024,400012__2024,census_tigerweb_pr_san_juan,U.S. Census TIGERweb Puerto Rico county-equivalents,https://tigerweb.geo.census.gov/tigerwebmain/Files/acs24/tigerweb_acs24_county_2020_tab20_pr.html,Official Census TIGERweb county table maps San Juan Municipio to GEOID 72127.,72127,2026-06-06T03:59:08.285962+00:00
400010,2023,400010__2023,puerto_rico_health_directory_castaner,Puerto Rico Department of Health HIV Services Directory,https://directoriovih.salud.pr.gov/Home/Detalles/4503221,"Puerto Rico health directory lists Hospital General Castaner at Carr. 135 Km. 4.5, Castaner Lares, PR 00631 and PO Box 1003.",72081,2026-06-06T03:59:08.285962+00:00
400010,2023,400010__2023,census_tigerweb_pr_lares,U.S. Census TIGERweb Puerto Rico county-equivalents,https://tigerweb.geo.census.gov/tigerwebmain/Files/acs24/tigerweb_acs24_county_2020_tab20_pr.html,Official Census TIGERweb county table maps Lares Municipio to GEOID 72081.,72081,2026-06-06T03:59:08.285962+00:00
