external_manual_rank,provider_year_key,cms_provider_number,fiscal_year,provider_name,street_address,city,state_abbr,zip5,geocoder_query,external_manual_lane,review_priority,review_issue,provider_volume_score,reviewer_decision,manual_fips,manual_county_name,manual_geocode_confidence,manual_geocode_source,manual_geocode_match_type,manual_review_note,reviewed_by,reviewed_at
1,284003__2024,284003,2024,LINCOLN REGIONAL CENTER,FOLSOM & PROSPECTOR,LINCOLN,NE,68509,"FOLSOM & PROSPECTOR, LINCOLN, NE, 68509",weak_same_fips_census_context_manual_review,high,cms_county_blank,0.6364,hold,,,,,,Held after residual Census retry: Residual Census retry produced context but not enough evidence for automatic acceptance.,,
2,100209__2023,100209,2023,HCA FLORIDA KENDALL HOSPITAL,11750 BIRD ROAD,MIAMI,FL,33175,"11750 BIRD ROAD, MIAMI, FL, 33175",same_city_unresolved_after_census_external_geocoder,high,cms_county_blank,1.0,hold,,,,,,Held after residual Census retry: No Census geographies match from residual retry variants.,,
3,190064__2024,190064,2024,OUR LADY OF THE LAKE  RMC,5000 HENNESSY BLVD,BATON ROUGE,LA,70808,"5000 HENNESSY BLVD, BATON ROUGE, LA, 70808",same_city_unresolved_after_census_external_geocoder,high,cms_county_blank,1.0,hold,,,,,,Held after residual Census retry: No Census geographies match from residual retry variants.,,
4,260105__2023,260105,2023,SSM SAINT LOUIS UNIVERSITY HOSPITAL,1201 SOUTH GRAND BLVD,ST. LOUIS,MO,63104,"1201 SOUTH GRAND BLVD, ST. LOUIS, MO, 63104",same_city_unresolved_after_census_external_geocoder,high,cms_county_blank,1.0,accept,29510,"St. Louis city, Missouri",0.95,official_census_geographies_residual_retry,exact_street_address,"Accepted by residual Census retry in report-only mode: Exact match from `provider_original` to 1201 S GRAND BLVD, SAINT LOUIS, MO, 63104, county St. Louis city, Missouri (29510); source promotion remains blocked.",codex_residual_census_retry,2026-06-04T17:32:06.742722+00:00
5,290041__2023,290041,2023,SUMMERLIN HOSPITAL MEDICAL CENTER,657 TOWN CENTER DRIVE,LAS VEGAS,NV,89114,"657 TOWN CENTER DRIVE, LAS VEGAS, NV, 89114",same_city_unresolved_after_census_external_geocoder,high,cms_county_blank,1.0,hold,,,,,,Held after residual Census retry: No Census geographies match from residual retry variants.,,
6,370093__2024,370093,2024,OU MEDICAL CENTER,1200 CHILDRENS AVE,OKLAHOMA CITY,OK,73104,"1200 CHILDRENS AVE, OKLAHOMA CITY, OK, 73104",same_city_unresolved_after_census_external_geocoder,high,cms_county_blank,1.0,hold,,,,,,Held after residual Census retry: No Census geographies match from residual retry variants.,,
7,450788__2024,450788,2024,CORPUS CHRISTI MEDICAL CENTER,7101 SOUTH PADRE ISLAND DRIVE,CORPUS CHRISTI,TX,78412,"7101 SOUTH PADRE ISLAND DRIVE, CORPUS CHRISTI, TX, 78412",same_city_unresolved_after_census_external_geocoder,high,cms_county_blank,1.0,hold,,,,,,Held after residual Census retry: No Census geographies match from residual retry variants.,,
8,030115__2023,030115,2023,BANNER ESTRELLA MEDICAL CENTER,9201 WEST THOMAS ROAD,PHOENIX,AZ,85037,"9201 WEST THOMAS ROAD, PHOENIX, AZ, 85037",same_city_unresolved_after_census_external_geocoder,high,cms_county_blank,0.8611,hold,,,,,,Held after residual Census retry: No Census geographies match from residual retry variants.,,
9,210024__2024,210024,2024,MEDSTAR UNION MEMORIAL HOSPITAL,201 EAST UNIVERSITY PARKWAY,BALTIMORE,MD,21218,"201 EAST UNIVERSITY PARKWAY, BALTIMORE, MD, 21218",same_city_unresolved_after_census_external_geocoder,high,cms_county_blank,0.7495,accept,24510,"Baltimore city, Maryland",0.95,official_census_geographies_residual_retry,exact_street_address,"Accepted by residual Census retry in report-only mode: Exact match from `provider_original` to 201 E UNIVERSITY PKWY, BALTIMORE, MD, 21218, county Baltimore city, Maryland (24510); source promotion remains blocked.",codex_residual_census_retry,2026-06-04T17:32:06.742722+00:00
10,450079__2024,450079,2024,BAYLOR S&W MEDICAL CENTER - IRVING,1901 NORTH MACARTHUR BLVD,IRVING,TX,75061,"1901 NORTH MACARTHUR BLVD, IRVING, TX, 75061",same_city_unresolved_after_census_external_geocoder,high,cms_county_blank,0.6435,hold,,,,,,Held after residual Census retry: No Census geographies match from residual retry variants.,,
11,370056__2024,370056,2024,COMANCHE COUNTY MEMORIAL HOSPITAL,3401 W GORE,LAWTON,OK,73502,"3401 W GORE, LAWTON, OK, 73502",same_city_unresolved_after_census_external_geocoder,high,cms_county_blank,0.5822,hold,,,,,,Held after residual Census retry: Residual Census retry produced context but not enough evidence for automatic acceptance.,,
12,210034__2024,210034,2024,MEDSTAR HARBOR HOSPITAL,3001 SOUTH HANOVER STREET,BALTIMORE,MD,21225,"3001 SOUTH HANOVER STREET, BALTIMORE, MD, 21225",same_city_unresolved_after_census_external_geocoder,high,cms_county_blank,0.3845,accept,24510,"Baltimore city, Maryland",0.95,official_census_geographies_residual_retry,exact_street_address,"Accepted by residual Census retry in report-only mode: Exact match from `provider_original` to 3001 S HANOVER ST, BALTIMORE, MD, 21225, county Baltimore city, Maryland (24510); source promotion remains blocked.",codex_residual_census_retry,2026-06-04T17:32:06.742722+00:00
13,190204__2023,190204,2023,OCHSNER MEDICAL CENTER -NORTHSHORE,100 MEDICAL CENTER DRIVE,SLIDELL,LA,70461,"100 MEDICAL CENTER DRIVE, SLIDELL, LA, 70461",same_city_unresolved_after_census_external_geocoder,high,cms_county_blank,0.3589,hold,,,,,,Held after residual Census retry: No Census geographies match from residual retry variants.,,
14,190054__2023,190054,2023,IBERIA MEDICAL CENTER,2315 W MAIN STREET,NEW IBERIA,LA,70562,"2315 W MAIN STREET, NEW IBERIA, LA, 70562",same_city_unresolved_after_census_external_geocoder,high,cms_county_blank,0.3182,hold,,,,,,Held after residual Census retry: No Census geographies match from residual retry variants.,,
15,474001__2023,474001,2023,BRATTLEBORO RETREAT,ANNA MARSH LANE,BRATTLEBORO,VT,05302,"ANNA MARSH LANE, BRATTLEBORO, VT, 05302",same_city_unresolved_after_census_external_geocoder,high,cms_county_blank,0.2703,hold,,,,,,Held after residual Census retry: No Census geographies match from residual retry variants.,,
16,514009__2024,514009,2024,MILDRED MITCHELL-BATEMAN HOSPITAL,1530 NORWAY AVENUE,HUNTINGTON,WV,25706,"1530 NORWAY AVENUE, HUNTINGTON, WV, 25706",same_city_unresolved_after_census_external_geocoder,high,cms_county_blank,0.2632,hold,,,,,,Held after residual Census retry: No Census geographies match from residual retry variants.,,
17,054089__2024,054089,2024,JEWISH HOME FOR THE AGED,302 SILVER AVENUE,SAN FRANCISCO,CA,94112,"302 SILVER AVENUE, SAN FRANCISCO, CA, 94112",same_city_unresolved_after_census_external_geocoder,high,cms_county_blank,0.2399,hold,,,,,,Held after residual Census retry: No Census geographies match from residual retry variants.,,
18,670112__2024,670112,2024,CUMBERLAND SURGICAL HOSPITAL,5330 NORTH LOOP 1604 WEST,SAN ANTONIO,TX,78249,"5330 NORTH LOOP 1604 WEST, SAN ANTONIO, TX, 78249",same_city_unresolved_after_census_external_geocoder,high,cms_county_blank,0.1696,hold,,,,,,Held after residual Census retry: No Census geographies match from residual retry variants.,,
19,343025__2023,343025,2023,CAREPARTNERS REHAB HOSPITAL,68 SWEETEN CREEK ROAD,ASHEVILLE,NC,28803,"68 SWEETEN CREEK ROAD, ASHEVILLE, NC, 28803",same_city_unresolved_after_census_external_geocoder,high,cms_county_blank,0.1692,hold,,,,,,Held after residual Census retry: No Census geographies match from residual retry variants.,,
20,212002__2024,212002,2024,WESTERN MARYLAND HOSPITAL CENTER,1500 PENNSYLVANIA AVENUE,HAGERSTOWN,MD,21740,"1500 PENNSYLVANIA AVENUE, HAGERSTOWN, MD, 21740",same_city_unresolved_after_census_external_geocoder,high,cms_county_blank,0.1435,hold,,,,,,Held after residual Census retry: No Census geographies match from residual retry variants.,,
21,190044__2023,190044,2023,ACADIA GENERAL HOSPITAL,190044,CROWLEY,LA,70526,"190044, CROWLEY, LA, 70526",same_city_unresolved_after_census_external_geocoder,high,cms_county_blank,0.1292,hold,,,,,,Held after residual Census retry: No Census geographies match from residual retry variants.,,
22,103052__2023,103052,2023,ENCOMPASS HEALTH REHABILITATION HOSP,11595 BURNT MILL ROAD,JACKSONVILLE,FL,32256,"11595 BURNT MILL ROAD, JACKSONVILLE, FL, 32256",same_city_unresolved_after_census_external_geocoder,high,cms_county_blank,0.1196,hold,,,,,,Held after residual Census retry: No Census geographies match from residual retry variants.,,
23,670265__2024,670265,2024,LEGENT ORTHOPEDIC HOSPITAL CARROLLTO,1401 EAST TRINITY MILLS ROAD,CARROLLTON,TX,75007,"1401 EAST TRINITY MILLS ROAD, CARROLLTON, TX, 75007",same_city_unresolved_after_census_external_geocoder,high,cms_county_blank,0.1066,hold,,,,,,Held after residual Census retry: No Census geographies match from residual retry variants.,,
24,054149__2024,054149,2024,WILLOW ROCK CENTER,22050 FAIRMONT DRIVE,SAN LEANDRO,CA,94578,"22050 FAIRMONT DRIVE, SAN LEANDRO, CA, 94578",same_city_unresolved_after_census_external_geocoder,high,cms_county_blank,0.0,hold,,,,,,Held after residual Census retry: No Census geographies match from residual retry variants.,,
25,213300__2024,213300,2024,MT WASHINGTON PEDIATRICS,1708 WEST ROGERS AVENUE,BALTIMORE,MD,21209,"1708 WEST ROGERS AVENUE, BALTIMORE, MD, 21209",same_city_unresolved_after_census_external_geocoder,high,cms_county_blank,0.0,accept,24510,"Baltimore city, Maryland",0.95,official_census_geographies_residual_retry,exact_street_address,"Accepted by residual Census retry in report-only mode: Exact match from `provider_original` to 1708 W ROGERS AVE, BALTIMORE, MD, 21209, county Baltimore city, Maryland (24510); source promotion remains blocked.",codex_residual_census_retry,2026-06-04T17:32:06.742722+00:00
26,400016__2023,400016,2023,AUXILIO MUTUO HOSPITAL,PONCE DE LEON,SAN JUAN,PR,00919,"PONCE DE LEON, SAN JUAN, PR, 00919",same_city_unresolved_after_census_external_geocoder,medium,cms_county_blank,1.0,hold,,,,,,Held after residual Census retry: No Census geographies match from residual retry variants.,,
27,400044__2023,400044,2023,SAN LUCAS PONCE,917 AVE TITO CASTRO,PONCE,PR,00733,"917 AVE TITO CASTRO, PONCE, PR, 00733",same_city_unresolved_after_census_external_geocoder,medium,cms_county_blank,0.8038,hold,,,,,,Held after residual Census retry: No Census geographies match from residual retry variants.,,
28,400061__2024,400061,2024,UNIVERSITY DISCTRICT HOSPITAL,BO. MONACILLO,SAN JUAN,PR,00922,"BO. MONACILLO, SAN JUAN, PR, 00922",same_city_unresolved_after_census_external_geocoder,medium,county_text_unmatched,0.488,hold,,,,,,Held after residual Census retry: No Census geographies match from residual retry variants.,,
29,400127__2024,400127,2024,ADMIN DE SERVICIOS MEDICOS DE PR,CENTRO MEDICO,SAN JUAN,PR,00922,"CENTRO MEDICO, SAN JUAN, PR, 00922",same_city_unresolved_after_census_external_geocoder,medium,cms_county_blank,0.4013,hold,,,,,,Held after residual Census retry: No Census geographies match from residual retry variants.,,
30,400015__2024,400015,2024,SAN JUAN MUNICIPAL HOSPITAL,RIO PIEDRAS STATION,SAN JUAN,PR,00928,"RIO PIEDRAS STATION, SAN JUAN, PR, 00928",same_city_unresolved_after_census_external_geocoder,medium,cms_county_blank,0.3469,hold,,,,,,Held after residual Census retry: No Census geographies match from residual retry variants.,,
31,400098__2023,400098,2023,HOSPITAL SAN FRANCISCO,DE DIEGO AVE. #371,RIO PIEDRAS,PR,00923,"DE DIEGO AVE. #371, RIO PIEDRAS, PR, 00923",same_city_unresolved_after_census_external_geocoder,medium,county_text_unmatched,0.3325,hold,,,,,,Held after residual Census retry: No Census geographies match from residual retry variants.,,
32,400106__2023,400106,2023,HOSPITAL METROPOLITANO,21 #1785,RIO PIEDRAS,PR,00922,"21 #1785, RIO PIEDRAS, PR, 00922",same_city_unresolved_after_census_external_geocoder,medium,cms_county_blank,0.3158,hold,,,,,,Held after residual Census retry: No Census geographies match from residual retry variants.,,
33,400022__2023,400022,2023,HOSPITAL DAMAS,2213 PONCE BY PASS,PONCE,PR,00717,"2213 PONCE BY PASS, PONCE, PR, 00717",same_city_unresolved_after_census_external_geocoder,medium,cms_county_blank,0.3062,hold,,,,,,Held after residual Census retry: No Census geographies match from residual retry variants.,,
34,224045__2023,224045,2023,HOSPITAL FOR BEHAVIORAL MEDICINE,100 CENTURY DR,WORCESTER,MA,01606,"100 CENTURY DR, WORCESTER, MA, 01606",same_city_unresolved_after_census_external_geocoder,medium,county_text_unmatched,0.2871,hold,,,,,,Held after residual Census retry: No Census geographies match from residual retry variants.,,
35,400006__2023,400006,2023,DOCTORS CENTER HOSPITAL SAN JUAN I,1395 SAN RAFAEL ST. PDA. 20,SAN JUAN,PR,00910,"1395 SAN RAFAEL ST. PDA. 20, SAN JUAN, PR, 00910",same_city_unresolved_after_census_external_geocoder,medium,cms_county_blank,0.2632,hold,,,,,,Held after residual Census retry: No Census geographies match from residual retry variants.,,
36,450874__2023,450874,2023,BAYLOR SURGICAL HOSPITAL LAS COLINAS,400 W I-635 SUITE 101,IRVING,TX,75063,"400 W I-635 SUITE 101, IRVING, TX, 75063",same_city_unresolved_after_census_external_geocoder,medium,county_text_unmatched,0.1367,hold,,,,,,Held after residual Census retry: No Census geographies match from residual retry variants.,,
37,403301__2024,403301,2024,UNIVERSITY PEDIATRIC HOSPITAL,PO BOX 191079,SAN JUAN,PR,00910,"PO BOX 191079, SAN JUAN, PR, 00910",same_city_unresolved_after_census_external_geocoder,medium,cms_county_blank,0.0,hold,,,,,,Held after residual Census retry: No Census geographies match from residual retry variants.,,
38,050224__2023,050224,2023,HOAG MEMORIAL HOSPITAL PRESBYTERIAN,ONE HOAG DRIVE,NEWPORT BEACH,CA,92658,"ONE HOAG DRIVE, NEWPORT BEACH, CA, 92658",external_geocoder_required_no_local_candidate,high,cms_county_blank,1.0,hold,,,,,,Held after residual Census retry: Residual Census retry produced context but not enough evidence for automatic acceptance.,,
39,050367__2023,050367,2023,NORTHBAY HOSPITAL GROUP,1200 B. GALE WILSON BLVD,FAIRFIELD,CA,94533,"1200 B. GALE WILSON BLVD, FAIRFIELD, CA, 94533",external_geocoder_required_no_local_candidate,high,cms_county_blank,1.0,hold,,,,,,Held after residual Census retry: No Census geographies match from residual retry variants.,,
40,390180__2023,390180,2023,CROZER CHESTER MEDICAL CENTER,ONE MEDICAL CENTER BLVD.,UPLAND,PA,19013,"ONE MEDICAL CENTER BLVD., UPLAND, PA, 19013",external_geocoder_required_no_local_candidate,high,cms_county_blank,1.0,hold,,,,,,Held after residual Census retry: Residual Census retry produced context but not enough evidence for automatic acceptance.,,
41,250141__2023,250141,2023,BAPTIST MEM HOSPITAL DESOTO,7601 SOUTHCREST,SOUTHAVEN,MS,38671,"7601 SOUTHCREST, SOUTHAVEN, MS, 38671",external_geocoder_required_no_local_candidate,high,cms_county_blank,0.9196,hold,,,,,,Held after residual Census retry: No Census geographies match from residual retry variants.,,
42,220084__2023,220084,2023,EMERSON HOSPITAL,113 ORNC,CONCORD,MA,01742,"113 ORNC, CONCORD, MA, 01742",external_geocoder_required_no_local_candidate,high,cms_county_blank,0.8047,hold,,,,,,Held after residual Census retry: No Census geographies match from residual retry variants.,,
43,150015__2023,150015,2023,FRANCISCAN HEALTH MICHIGAN CITY,3500 FRANCISCAN WAY,MICHIGAN CITY,IN,46360,"3500 FRANCISCAN WAY, MICHIGAN CITY, IN, 46360",external_geocoder_required_no_local_candidate,high,cms_county_blank,0.7106,hold,,,,,,Held after residual Census retry: No Census geographies match from residual retry variants.,,
44,100189__2023,100189,2023,HCA FLORIDA NORTHWEST HOSPITAL,2801 NORTH STATE ROAD 7,MARGATE,FL,33063,"2801 NORTH STATE ROAD 7, MARGATE, FL, 33063",external_geocoder_required_no_local_candidate,high,cms_county_blank,0.6914,hold,,,,,,Held after residual Census retry: Residual Census retry produced context but not enough evidence for automatic acceptance.,,
45,100269__2024,100269,2024,HCA FLORIDA PALMS WEST HOSPITAL,13001 STATE ROAD 80,LOXAHATCHEE,FL,33470,"13001 STATE ROAD 80, LOXAHATCHEE, FL, 33470",external_geocoder_required_no_local_candidate,high,cms_county_blank,0.6869,hold,,,,,,Held after residual Census retry: No Census geographies match from residual retry variants.,,
46,140164__2024,140164,2024,MEMORIAL HOSPITAL OF CARBONDALE,405 W. JACKSON ST.,CARBONDALE,IL,62902,"405 W. JACKSON ST., CARBONDALE, IL, 62902",external_geocoder_required_no_local_candidate,high,cms_county_blank,0.6817,hold,,,,,,Held after residual Census retry: Residual Census retry produced context but not enough evidence for automatic acceptance.,,
47,264010__2024,264010,2024,ST. LOUIS FORENSIC TREATMENT CENTER,500 ARSENAL STREET,ST.LOUIS,MO,63119,"500 ARSENAL STREET, ST.LOUIS, MO, 63119",external_geocoder_required_no_local_candidate,high,cms_county_blank,0.61,hold,,,,,,Held after residual Census retry: Residual Census retry produced context but not enough evidence for automatic acceptance.,,
48,110192__2024,110192,2024,PIEDMONT EASTSIDE MEDICAL CENTER,1700 MEDICAL WAY,SNELLVILLE,GA,30278,"1700 MEDICAL WAY, SNELLVILLE, GA, 30278",external_geocoder_required_no_local_candidate,high,cms_county_blank,0.5797,hold,,,,,,Held after residual Census retry: Residual Census retry produced context but not enough evidence for automatic acceptance.,,
49,100224__2024,100224,2024,HCA FLORIDA WOODMONT HOSPITAL,7201 UNIVERSITY DRIVE,TAMARAC,FL,33321,"7201 UNIVERSITY DRIVE, TAMARAC, FL, 33321",external_geocoder_required_no_local_candidate,high,cms_county_blank,0.4641,hold,,,,,,Held after residual Census retry: No Census geographies match from residual retry variants.,,
50,440068__2023,440068,2023,ATHENS REGIONAL MEDICAL CENTER,1114 MADISON AVENUE,ATHENS,TN,37303,"1114 MADISON AVENUE, ATHENS, TN, 37303",external_geocoder_required_no_local_candidate,high,cms_county_blank,0.4115,hold,,,,,,Held after residual Census retry: No Census geographies match from residual retry variants.,,
51,440194__2024,440194,2024,TRISTAR HENDERSONVILLE MEDICAL CENTE,355 NEW SHACKLE ISLAND,HENDERSONVILLE,TN,37215,"355 NEW SHACKLE ISLAND, HENDERSONVILLE, TN, 37215",external_geocoder_required_no_local_candidate,high,cms_county_blank,0.3764,hold,,,,,,Held after residual Census retry: Residual Census retry produced context but not enough evidence for automatic acceptance.,,
52,140008__2024,140008,2024,GOTTLIEB MEMORIAL HOSPITAL,8700 WEST NORTH AVENUE,MELROSE PARK,IL,60160,"8700 WEST NORTH AVENUE, MELROSE PARK, IL, 60160",external_geocoder_required_no_local_candidate,high,cms_county_blank,0.323,hold,,,,,,Held after residual Census retry: No Census geographies match from residual retry variants.,,
53,054154__2023,054154,2023,SAN JOSE BEHAVIORAL HEALTH,455 SILICON VALLEY BLVD,SANN JOSE,CA,95138,"455 SILICON VALLEY BLVD, SANN JOSE, CA, 95138",external_geocoder_required_no_local_candidate,high,cms_county_blank,0.3182,hold,,,,,,Held after residual Census retry: Residual Census retry produced context but not enough evidence for automatic acceptance.,,
54,110023__2023,110023,2023,ADVENTHEALTH GORDON,1035 RED BUD ROAD,CALHOUN,GA,30703,"1035 RED BUD ROAD, CALHOUN, GA, 30703",external_geocoder_required_no_local_candidate,high,cms_county_blank,0.3028,hold,,,,,,Held after residual Census retry: Residual Census retry produced context but not enough evidence for automatic acceptance.,,
55,460013__2024,460013,2024,MOUNTAIN VIEW HOSPITAL,1000 EAST 100 NORTH,PAYSON,UT,84651,"1000 EAST 100 NORTH, PAYSON, UT, 84651",external_geocoder_required_no_local_candidate,high,cms_county_blank,0.2847,hold,,,,,,Held after residual Census retry: Residual Census retry produced context but not enough evidence for automatic acceptance.,,
56,230193__2023,230193,2023,MCLAREN LAPEER REGION,1375 NORTH MAIN STREET,LAPEER,MI,48436,"1375 NORTH MAIN STREET, LAPEER, MI, 48436",external_geocoder_required_no_local_candidate,high,cms_county_blank,0.2632,hold,,,,,,Held after residual Census retry: Residual Census retry produced context but not enough evidence for automatic acceptance.,,
57,440065__2024,440065,2024,NORTHCREST MEDICAL CENTER,100 NORTHCREST DRIVE,SPRINGFIELD,TN,37172,"100 NORTHCREST DRIVE, SPRINGFIELD, TN, 37172",external_geocoder_required_no_local_candidate,high,cms_county_blank,0.2608,hold,,,,,,Held after residual Census retry: No Census geographies match from residual retry variants.,,
58,450587__2024,450587,2024,HENDRICK MEDICAL CENTER BROWNWOOD,1501 BURNET DRIVE,BROWNWOOD,TX,76804,"1501 BURNET DRIVE, BROWNWOOD, TX, 76804",external_geocoder_required_no_local_candidate,high,cms_county_blank,0.2568,hold,,,,,,Held after residual Census retry: Residual Census retry produced context but not enough evidence for automatic acceptance.,,
59,190014__2023,190014,2023,OCHSNER ST. MARY,1125 MARGUERITE STREET,MORGAN CITY,LA,70308,"1125 MARGUERITE STREET, MORGAN CITY, LA, 70308",external_geocoder_required_no_local_candidate,high,cms_county_blank,0.2512,hold,,,,,,Held after residual Census retry: Residual Census retry produced context but not enough evidence for automatic acceptance.,,
60,194114__2023,194114,2023,RIVER PLACE BEHAVIORAL HEALTH,500 RUE DE SANTE,LAPLACE,LA,70068,"500 RUE DE SANTE, LAPLACE, LA, 70068",external_geocoder_required_no_local_candidate,high,cms_county_blank,0.2488,hold,,,,,,Held after residual Census retry: No Census geographies match from residual retry variants.,,
61,110128__2024,110128,2024,MEADOWS REGIONAL MEDICAL CENTER,1 MEADOWS PARKWAY,VIDALIA,GA,30474,"1 MEADOWS PARKWAY, VIDALIA, GA, 30474",external_geocoder_required_no_local_candidate,high,cms_county_blank,0.2355,hold,,,,,,Held after residual Census retry: No Census geographies match from residual retry variants.,,
62,061317__2023,061317,2023,GRAND RIVER HOSPITAL DISTRICT,501 AIRPORT ROAD,RIFLE,CO,81650,"501 AIRPORT ROAD, RIFLE, CO, 81650",external_geocoder_required_no_local_candidate,high,cms_county_blank,0.2346,hold,,,,,,Held after residual Census retry: No Census geographies match from residual retry variants.,,
63,100320__2024,100320,2024,HCA FLORIDA POINCIANA HOSPITAL,325 CYPRESS PARKWAY,KISSIMMMEE,FL,34758,"325 CYPRESS PARKWAY, KISSIMMMEE, FL, 34758",external_geocoder_required_no_local_candidate,high,cms_county_blank,0.2345,hold,,,,,,Held after residual Census retry: No Census geographies match from residual retry variants.,,
64,230095__2024,230095,2024,MYMICHIGAN MEDICAL CTR  WEST BRAN,2463 S M-30,WEST BRANCH,MI,48661,"2463 S M-30, WEST BRANCH, MI, 48661",external_geocoder_required_no_local_candidate,high,cms_county_blank,0.2105,hold,,,,,,Held after residual Census retry: No Census geographies match from residual retry variants.,,
65,170006__2024,170006,2024,VIA CHRISTI HOSPITAL PITTSBURG  INC.,1 MT CARMEL WAY,PITTSBURG,KS,66762,"1 MT CARMEL WAY, PITTSBURG, KS, 66762",external_geocoder_required_no_local_candidate,high,cms_county_blank,0.2093,hold,,,,,,Held after residual Census retry: No Census geographies match from residual retry variants.,,
66,380071__2023,380071,2023,WILLAMETTE VALLEY MEDICAL CENTER,2700 SE STRATUS AVENUE,MCMINNVILLE,OR,97128,"2700 SE STRATUS AVENUE, MCMINNVILLE, OR, 97128",external_geocoder_required_no_local_candidate,high,cms_county_blank,0.1946,hold,,,,,,Held after residual Census retry: No Census geographies match from residual retry variants.,,
67,524042__2023,524042,2023,MIRAMOUNT BEHAVIORAL HEALTH,3169 DEMMING WAY,MIDDLETON,WI,53562,"3169 DEMMING WAY, MIDDLETON, WI, 53562",external_geocoder_required_no_local_candidate,high,cms_county_blank,0.1722,hold,,,,,,Held after residual Census retry: Residual Census retry produced context but not enough evidence for automatic acceptance.,,
68,490143__2023,490143,2023,RIVERSIDE DOCTORS HOSPITAL WILLIAMSB,1500 COMMONWEALTH AVENUE,WILLIAMSBURG,VA,23185,"1500 COMMONWEALTH AVENUE, WILLIAMSBURG, VA, 23185",external_geocoder_required_no_local_candidate,high,cms_county_blank,0.1562,hold,,,,,,Held after residual Census retry: No Census geographies match from residual retry variants.,,
69,300014__2024,300014,2024,FRISBIE MEMORIAL HOSPITAL,11 WHITEHALL ROAD,ROCHESTER,NH,03867,"11 WHITEHALL ROAD, ROCHESTER, NH, 03867",external_geocoder_required_no_local_candidate,high,cms_county_blank,0.1553,hold,,,,,,Held after residual Census retry: No Census geographies match from residual retry variants.,,
70,241355__2023,241355,2023,GLENCOE REGIONAL HEALTH SERVICES,705 EAST 18TH STREEET,GLENCOE,MN,55336,"705 EAST 18TH STREEET, GLENCOE, MN, 55336",external_geocoder_required_no_local_candidate,high,cms_county_blank,0.1506,hold,,,,,,Held after residual Census retry: No Census geographies match from residual retry variants.,,
71,370113__2024,370113,2024,INTEGRIS GROVE  HOSPITAL,1001 EAST 18TH STREET,GROVE,OK,74344,"1001 EAST 18TH STREET, GROVE, OK, 74344",external_geocoder_required_no_local_candidate,high,cms_county_blank,0.1293,hold,,,,,,Held after residual Census retry: No Census geographies match from residual retry variants.,,
72,010158__2023,010158,2023,RUSSELLVILLE HOSPITAL,15155 HIGHWAY 43,RUSSELLVILLE,AL,35653,"15155 HIGHWAY 43, RUSSELLVILLE, AL, 35653",external_geocoder_required_no_local_candidate,high,cms_county_blank,0.122,hold,,,,,,Held after residual Census retry: No Census geographies match from residual retry variants.,,
73,230100__2024,230100,2024,ASCENSION ST. JOSEPH HOSPITAL,200 HEMLOCK ST,TAWAS,MI,48764,"200 HEMLOCK ST, TAWAS, MI, 48764",external_geocoder_required_no_local_candidate,high,cms_county_blank,0.1189,hold,,,,,,Held after residual Census retry: Residual Census retry produced context but not enough evidence for automatic acceptance.,,
74,144028__2024,144028,2024,JOHN J MADDEN MENTAL HEALTH CENTER,1200 S FIRST AVE,HINES,IL,60141,"1200 S FIRST AVE, HINES, IL, 60141",external_geocoder_required_no_local_candidate,high,cms_county_blank,0.1019,hold,,,,,,Held after residual Census retry: No Census geographies match from residual retry variants.,,
75,673079__2023,673079,2023,ENCOMPASS HEALTH REHABILITATION OF W,3600 SOUTH LOOP 340,ROBINSON,TX,76706,"3600 SOUTH LOOP 340, ROBINSON, TX, 76706",external_geocoder_required_no_local_candidate,high,cms_county_blank,0.0957,hold,,,,,,Held after residual Census retry: No Census geographies match from residual retry variants.,,
76,231325__2024,231325,2024,MYMICHIGAN MEDICAL CENTER GLADWIN,515 QUATER STREET,GLADWIN,MI,48624,"515 QUATER STREET, GLADWIN, MI, 48624",external_geocoder_required_no_local_candidate,high,cms_county_blank,0.0956,hold,,,,,,Held after residual Census retry: Residual Census retry produced context but not enough evidence for automatic acceptance.,,
77,390117__2024,390117,2024,UPMC BEDFORD,10455 LINCOLN HIGHWAY,EVERETT,PA,15537,"10455 LINCOLN HIGHWAY, EVERETT, PA, 15537",external_geocoder_required_no_local_candidate,high,cms_county_blank,0.0939,hold,,,,,,Held after residual Census retry: No Census geographies match from residual retry variants.,,
78,361330__2023,361330,2023,HOCKING VALLEY,601 STATE ROUTE 664,LOGAN,OH,43138,"601 STATE ROUTE 664, LOGAN, OH, 43138",external_geocoder_required_no_local_candidate,high,cms_county_blank,0.0932,hold,,,,,,Held after residual Census retry: No Census geographies match from residual retry variants.,,
79,451333__2024,451333,2024,MARTIN COUNTY HOSPITAL,610 N. SAINT PETER STREET,STANTON,TX,79782,"610 N. SAINT PETER STREET, STANTON, TX, 79782",external_geocoder_required_no_local_candidate,high,cms_county_blank,0.0926,hold,,,,,,Held after residual Census retry: No Census geographies match from residual retry variants.,,
80,110236__2024,110236,2024,CHI MEMORIAL HOSPITAL - GEORGIA,101 GROSS CRESCENT CIRCLE,FT OGLETHORPE,GA,30742,"101 GROSS CRESCENT CIRCLE, FT OGLETHORPE, GA, 30742",external_geocoder_required_no_local_candidate,high,cms_county_blank,0.0837,hold,,,,,,Held after residual Census retry: No Census geographies match from residual retry variants.,,
81,370178__2024,370178,2024,ADAIR COUNTY  HEALTH CENTER,100 HIGHWAY WEST,STILWELL,OK,74960,"100 HIGHWAY WEST, STILWELL, OK, 74960",external_geocoder_required_no_local_candidate,high,cms_county_blank,0.0718,hold,,,,,,Held after residual Census retry: No Census geographies match from residual retry variants.,,
82,670131__2024,670131,2024,BAYLOR SCOTT & WHITE - BUDA,5330 OVERPASS ROAD SUITE 110,BUDA,TX,78610,"5330 OVERPASS ROAD SUITE 110, BUDA, TX, 78610",external_geocoder_required_no_local_candidate,high,cms_county_blank,0.0692,hold,,,,,,Held after residual Census retry: No Census geographies match from residual retry variants.,,
83,181331__2024,181331,2024,MCDOWELL ARH,9879 ROUTE 122,MCDOWELL,KY,41647,"9879 ROUTE 122, MCDOWELL, KY, 41647",external_geocoder_required_no_local_candidate,high,cms_county_blank,0.0602,hold,,,,,,Held after residual Census retry: No Census geographies match from residual retry variants.,,
84,341317__2023,341317,2023,LIFEBRITE COMM HOSP OF STOKES,1570 NC 8 & 89 HWY N,DANBURY,NC,27016,"1570 NC 8 & 89 HWY N, DANBURY, NC, 27016",external_geocoder_required_no_local_candidate,high,cms_county_blank,0.0598,hold,,,,,,Held after residual Census retry: No Census geographies match from residual retry variants.,,
85,511310__2024,511310,2024,SUMMERS COUNTY ARH,TERRACE STREET,HINTON,WV,25951,"TERRACE STREET, HINTON, WV, 25951",external_geocoder_required_no_local_candidate,high,cms_county_blank,0.0598,hold,,,,,,Held after residual Census retry: No Census geographies match from residual retry variants.,,
86,390104__2024,390104,2024,UPMC KANE,4372 ROUTE 6,KANE,PA,16735,"4372 ROUTE 6, KANE, PA, 16735",external_geocoder_required_no_local_candidate,high,cms_county_blank,0.0525,hold,,,,,,Held after residual Census retry: No Census geographies match from residual retry variants.,,
87,241301__2024,241301,2024,LAKEWOOD HEALTH CENTER,600 MAIN AVENUE S,BAUDETTE,MN,56623,"600 MAIN AVENUE S, BAUDETTE, MN, 56623",external_geocoder_required_no_local_candidate,high,cms_county_blank,0.0432,hold,,,,,,Held after residual Census retry: No Census geographies match from residual retry variants.,,
88,371331__2023,371331,2023,DRUMRIGHT REGIONAL HOSPITAL,610 WEST BYPASS,DRUMRIGHT,OK,74030,"610 WEST BYPASS, DRUMRIGHT, OK, 74030",external_geocoder_required_no_local_candidate,high,cms_county_blank,0.0359,hold,,,,,,Held after residual Census retry: No Census geographies match from residual retry variants.,,
89,371303__2024,371303,2024,ROGER MILLS MEMORIAL HOSPITAL,501 SOUTH LL MALES AVENUE,CHEYENNE,OK,73628,"501 SOUTH LL MALES AVENUE, CHEYENNE, OK, 73628",external_geocoder_required_no_local_candidate,high,cms_county_blank,0.0359,hold,,,,,,Held after residual Census retry: No Census geographies match from residual retry variants.,,
90,670285__2023,670285,2023,KINGWOOD EMERGENCY HOSPITAL,23330 HIGHWAY 59 N,KINGWOOD,TX,77339,"23330 HIGHWAY 59 N, KINGWOOD, TX, 77339",external_geocoder_required_no_local_candidate,high,cms_county_blank,0.0323,hold,,,,,,Held after residual Census retry: No Census geographies match from residual retry variants.,,
91,014006__2023,014006,2023,MOUNTAIN VIEW HOSPITAL,3001 SCENIC HWY,GADSEN,AL,35904,"3001 SCENIC HWY, GADSEN, AL, 35904",external_geocoder_required_no_local_candidate,high,cms_county_blank,0.0,hold,,,,,,Held after residual Census retry: Residual Census retry produced context but not enough evidence for automatic acceptance.,,
92,194118__2023,194118,2023,MERCY BEHAVIORAL HOSPITAL,2810 US HIGHWAY 71 S,LECOMPTE,LA,71346,"2810 US HIGHWAY 71 S, LECOMPTE, LA, 71346",external_geocoder_required_no_local_candidate,high,cms_county_blank,0.0,hold,,,,,,Held after residual Census retry: Residual Census retry produced context but not enough evidence for automatic acceptance.,,
93,244016__2023,244016,2023,PRAIRIECARE,9400 ZANE AVE N,BROOKLYN PARK,MN,55443,"9400 ZANE AVE N, BROOKLYN PARK, MN, 55443",external_geocoder_required_no_local_candidate,high,cms_county_blank,0.0,hold,,,,,,Held after residual Census retry: No Census geographies match from residual retry variants.,,
94,414003__2023,414003,2023,EMMA P BRADLEY HOSPITAL,1011 VETERANS MEMORIAL PARKWAY,EAST PROVIDENCE,RI,02915,"1011 VETERANS MEMORIAL PARKWAY, EAST PROVIDENCE, RI, 02915",external_geocoder_required_no_local_candidate,high,cms_county_blank,0.0,hold,,,,,,Held after residual Census retry: Residual Census retry produced context but not enough evidence for automatic acceptance.,,
95,453317__2023,453317,2023,COOK CHILDREN CARE,4100 W UNIVERSITY DR,PROSPER,TX,75078,"4100 W UNIVERSITY DR, PROSPER, TX, 75078",external_geocoder_required_no_local_candidate,high,cms_county_blank,0.0,hold,,,,,,Held after residual Census retry: No Census geographies match from residual retry variants.,,
96,464007__2024,464007,2024,BENCHMARK BEHAVIORAL HEALTH SYSTEM I,592 WEST 1350 SOUTH,WOOD CROSS,UT,84087,"592 WEST 1350 SOUTH, WOOD CROSS, UT, 84087",external_geocoder_required_no_local_candidate,high,cms_county_blank,0.0,hold,,,,,,Held after residual Census retry: Residual Census retry produced context but not enough evidence for automatic acceptance.,,
97,493300__2024,493300,2024,CUMBERLAND HOSPITAL LLC,9407 CUMBERLAND RD,NEW KENT,VA,23124,"9407 CUMBERLAND RD, NEW KENT, VA, 23124",external_geocoder_required_no_local_candidate,high,cms_county_blank,0.0,hold,,,,,,Held after residual Census retry: No Census geographies match from residual retry variants.,,
98,514011__2023,514011,2023,HIGHLAND CLARKSBURG HOSPITAL INC,3 HOSPITAL PLAZA,CLARKSBURG,WV,26301,"3 HOSPITAL PLAZA, CLARKSBURG, WV, 26301",external_geocoder_required_no_local_candidate,high,cms_county_blank,0.0,hold,,,,,,Held after residual Census retry: No Census geographies match from residual retry variants.,,
99,400109__2023,400109,2023,HOSPITAL HIMA SAN PABLO BAYAMON,SANTA CRUZ # 70,BAYAMON,PR,00959,"SANTA CRUZ # 70, BAYAMON, PR, 00959",external_geocoder_required_no_local_candidate,medium,cms_county_blank,1.0,hold,,,,,,Held after residual Census retry: Residual Census retry produced context but not enough evidence for automatic acceptance.,,
100,110215__2024,110215,2024,PIEDMONT FAYETTE HOSPITAL INC.,1255 HIGHWAY 54 WEST,FAYETTEVILLE,GA,30214,"1255 HIGHWAY 54 WEST, FAYETTEVILLE, GA, 30214",external_geocoder_required_no_local_candidate,medium,county_text_unmatched,0.9689,hold,,,,,,Held after residual Census retry: Residual Census retry produced context but not enough evidence for automatic acceptance.,,
101,400118__2023,400118,2023,DOCTOR CENTER HOSPITAL MANATI  INC.,CARR. #2,MANATI,PR,00674,"CARR. #2, MANATI, PR, 00674",external_geocoder_required_no_local_candidate,medium,cms_county_blank,0.6922,hold,,,,,,Held after residual Census retry: No Census geographies match from residual retry variants.,,
102,650003__2023,650003,2023,GUAM REGIONAL MEDICAL CITY,133 ROUTE 3,DEDEDO,GU,96929,"133 ROUTE 3, DEDEDO, GU, 96929",external_geocoder_required_no_local_candidate,medium,cms_county_blank,0.5284,hold,,,,,,Held after residual Census retry: No Census geographies match from residual retry variants.,,
103,404004__2023,404004,2023,FIRST HOSPITAL PANAMERICANO,STATE ROAD #787,CIDRA,PR,00739,"STATE ROAD #787, CIDRA, PR, 00739",external_geocoder_required_no_local_candidate,medium,cms_county_blank,0.5167,hold,,,,,,Held after residual Census retry: No Census geographies match from residual retry variants.,,
104,400112__2024,400112,2024,HOSPITAL UPR,STREET 3 KM 8.3 65 INFANTERIA AVE.,CAROLINA,PR,00984,"STREET 3 KM 8.3 65 INFANTERIA AVE., CAROLINA, PR, 00984",external_geocoder_required_no_local_candidate,medium,cms_county_blank,0.5072,hold,,,,,,Held after residual Census retry: No Census geographies match from residual retry variants.,,
105,400032__2023,400032,2023,BAYAMON MEDICAL CENTER,CARR. #2 KM. 11.7,BAYAMON,PR,00960,"CARR. #2 KM. 11.7, BAYAMON, PR, 00960",external_geocoder_required_no_local_candidate,medium,cms_county_blank,0.4952,hold,,,,,,Held after residual Census retry: No Census geographies match from residual retry variants.,,
106,650001__2023,650001,2023,GUAM MEMORIAL HOSPITAL,850 GOVERNOR CARLOS G CAMACHO RD,OKA  TAMUNING,GU,96911,"850 GOVERNOR CARLOS G CAMACHO RD, OKA TAMUNING, GU, 96911",external_geocoder_required_no_local_candidate,medium,cms_county_blank,0.409,hold,,,,,,Held after residual Census retry: No Census geographies match from residual retry variants.,,
107,390156__2024,390156,2024,MERCY CATHOLIC MEDICAL CENTER,LANSDOWNE AVE & BAILEY RD.,DARBY,PA,19023,"LANSDOWNE AVE & BAILEY RD., DARBY, PA, 19023",external_geocoder_required_no_local_candidate,medium,county_text_unmatched,0.3808,hold,,,,,,Held after residual Census retry: No Census geographies match from residual retry variants.,,
108,400019__2023,400019,2023,HOSPITAL PAVIA SANTURCE,ASIA STREET,SANTURCE,PR,00910,"ASIA STREET, SANTURCE, PR, 00910",external_geocoder_required_no_local_candidate,medium,cms_county_blank,0.3684,hold,,,,,,Held after residual Census retry: No Census geographies match from residual retry variants.,,
109,480001__2023,480001,2023,ROY L SCHNEIDER HOSPITAL,9048 SUGAR ESTATE,ST. THOMAS,VI,00801,"9048 SUGAR ESTATE, ST. THOMAS, VI, 00801",external_geocoder_required_no_local_candidate,medium,cms_county_blank,0.3565,hold,,,,,,Held after residual Census retry: No Census geographies match from residual retry variants.,,
110,394056__2024,394056,2024,TOWER BEHAVIORAL HEALTH,201 WELLNESS WAY,READING,PA,19605,"201 WELLNESS WAY, READING, PA, 19605",external_geocoder_required_no_local_candidate,medium,county_text_unmatched,0.3445,hold,,,,,,Held after residual Census retry: No Census geographies match from residual retry variants.,,
111,400048__2024,400048,2024,HOSPITAL MENONITA  GUAYAMA,AVE PEDRO ALBIZU CAMPOS,GUAYAMA,PR,00785,"AVE PEDRO ALBIZU CAMPOS, GUAYAMA, PR, 00785",external_geocoder_required_no_local_candidate,medium,cms_county_blank,0.3349,hold,,,,,,Held after residual Census retry: No Census geographies match from residual retry variants.,,
112,400102__2023,400102,2023,DOCTORS CENTER HOSPITAL BAYAMON,STREET J-9 EXT. HERMANAS DAVILA,BAYAMON,PR,00956,"STREET J-9 EXT. HERMANAS DAVILA, BAYAMON, PR, 00956",external_geocoder_required_no_local_candidate,medium,cms_county_blank,0.3277,hold,,,,,,Held after residual Census retry: No Census geographies match from residual retry variants.,,
113,400004__2024,400004,2024,ASOCIACION HOSPITAL DEL MAESTRO,SERGIO CUEVAS BUSTAMTE,SANJUAN,PR,00969,"SERGIO CUEVAS BUSTAMTE, SANJUAN, PR, 00969",external_geocoder_required_no_local_candidate,medium,cms_county_blank,0.299,hold,,,,,,Held after residual Census retry: No Census geographies match from residual retry variants.,,
114,394040__2024,394040,2024,THE MEADOWS HOSPITAL,1 EARLYSTOWN RD,CENTRE HALL,PA,16828,"1 EARLYSTOWN RD, CENTRE HALL, PA, 16828",external_geocoder_required_no_local_candidate,medium,county_text_unmatched,0.2847,hold,,,,,,Held after residual Census retry: No Census geographies match from residual retry variants.,,
115,460060__2024,460060,2024,LONE PEAK HOSPITAL,11925 S STATE STREET,DRAPER,UT,84020,"11925 S STATE STREET, DRAPER, UT, 84020",external_geocoder_required_no_local_candidate,medium,county_text_unmatched,0.2682,hold,,,,,,Held after residual Census retry: Residual Census retry produced context but not enough evidence for automatic acceptance.,,
116,400138__2023,400138,2023,PUERTO RICO WOMEN AND CHILDRENS HOSP,CARR. PR-2 KM 11.6 (INTERIOR),BAYAMON,PR,00959,"CARR. PR-2 KM 11.6 (INTERIOR), BAYAMON, PR, 00959",external_geocoder_required_no_local_candidate,medium,cms_county_blank,0.2656,hold,,,,,,Held after residual Census retry: No Census geographies match from residual retry variants.,,
117,400115__2023,400115,2023,HOSPITAL WILMA N VAZQUEZ,#2 KM 39.5,VEGA BAJA,PR,00693,"#2 KM 39.5, VEGA BAJA, PR, 00693",external_geocoder_required_no_local_candidate,medium,cms_county_blank,0.2344,hold,,,,,,Held after residual Census retry: Residual Census retry produced context but not enough evidence for automatic acceptance.,,
118,400105__2024,400105,2024,BAYAMON REGIONAL HOSPITAL,LAUREL #100,BAYAMON,PR,00956,"LAUREL #100, BAYAMON, PR, 00956",external_geocoder_required_no_local_candidate,medium,cms_county_blank,0.201,hold,,,,,,Held after residual Census retry: No Census geographies match from residual retry variants.,,
119,660001__2023,660001,2023,COMMONWEALTH HEALTH CENTER,LOWER NAVY HILL RD,SAIPAN,MP,96950,"LOWER NAVY HILL RD, SAIPAN, MP, 96950",external_geocoder_required_no_local_candidate,medium,county_text_unmatched,0.1985,hold,,,,,,Held after residual Census retry: No Census geographies match from residual retry variants.,,
120,224039__2023,224039,2023,HAVERHILL PAVILION,76 SUMMER STREED,HAVERHILL,MA,01832,"76 SUMMER STREED, HAVERHILL, MA, 01832",external_geocoder_required_no_local_candidate,medium,county_text_unmatched,0.1699,hold,,,,,,Held after residual Census retry: No Census geographies match from residual retry variants.,,
121,480002__2023,480002,2023,GOV. JUAN F. LUIS HOSPITAL,4007 EAST DIAMOND RUBY,CHRISTIANSTED,VI,00820,"4007 EAST DIAMOND RUBY, CHRISTIANSTED, VI, 00820",external_geocoder_required_no_local_candidate,medium,cms_county_blank,0.1579,hold,,,,,,Held after residual Census retry: No Census geographies match from residual retry variants.,,
122,403027__2023,403027,2023,MULTY MEDICAL FACILITIES,MUNOZ RIVERA AVENUE #402,SAN JUAN PR 00918,PR,00918,"MUNOZ RIVERA AVENUE #402, SAN JUAN PR 00918, PR, 00918",external_geocoder_required_no_local_candidate,medium,cms_county_blank,0.1364,hold,,,,,,Held after residual Census retry: No Census geographies match from residual retry variants.,,
123,400137__2023,400137,2023,DOCTORS CENTER HOSPITAL OH-DORADO,RD 696 INTERSEC  EFRON AVE  BO HIGUI,DORADO,PR,00646,"RD 696 INTERSEC EFRON AVE BO HIGUI, DORADO, PR, 00646",external_geocoder_required_no_local_candidate,medium,cms_county_blank,0.1196,hold,,,,,,Held after residual Census retry: No Census geographies match from residual retry variants.,,
124,400122__2024,400122,2024,PROFESSIONAL HOSPITAL,AVE LAS CUMBRES,GUAYNABO,PR,00970,"AVE LAS CUMBRES, GUAYNABO, PR, 00970",external_geocoder_required_no_local_candidate,medium,cms_county_blank,0.1172,hold,,,,,,Held after residual Census retry: No Census geographies match from residual retry variants.,,
125,400012__2024,400012,2024,HOSPITAL I GONZALEZ MARTINEZ,CENTRO MEDICO,PO BOX 191811 SAN JUAN,PR,00919,"CENTRO MEDICO, PO BOX 191811 SAN JUAN, PR, 00919",external_geocoder_required_no_local_candidate,medium,cms_county_blank,0.0957,hold,,,,,,Held after residual Census retry: No Census geographies match from residual retry variants.,,
126,241347__2023,241347,2023,SANFORD HOSPITAL CANBY,112 SAINT OLAF AVENUE,CANBY,MN,56220,"112 SAINT OLAF AVENUE, CANBY, MN, 56220",external_geocoder_required_no_local_candidate,medium,county_text_unmatched,0.0598,hold,,,,,,Held after residual Census retry: No Census geographies match from residual retry variants.,,
127,371307__2023,371307,2023,CIMARRON MEMORIAL HOSPITAL,100 SOUTH ELLIS,BOISE CITY,OK,73933,"100 SOUTH ELLIS, BOISE CITY, OK, 73933",external_geocoder_required_no_local_candidate,medium,county_text_unmatched,0.0598,hold,,,,,,Held after residual Census retry: No Census geographies match from residual retry variants.,,
128,400010__2023,400010,2023,CASTANER HOSPITAL,PO BOX 1003,CASTANER,PR,00631,"PO BOX 1003, CASTANER, PR, 00631",external_geocoder_required_no_local_candidate,medium,cms_county_blank,0.0,hold,,,,,,Held after residual Census retry: No Census geographies match from residual retry variants.,,
