cms_provider_number,fiscal_year,manual_review_decision,manual_fips,manual_county_name,manual_geocode_confidence,manual_review_note,acceptance_source,acceptance_action,accepted_at,provider_name,state_abbr,city,zip5,street_address,suggested_fips,suggested_county_name,census_candidate_status,census_match_type,census_matched_address,census_candidate_score,same_city_review_action,acceptance_status,acceptance_issue,production_model_rank_or_dashboard_change
064024,2023,assign_county,08035,"Douglas County, Colorado",0.93,"Accepted report-only institutional-anchor CMS provider geocode correction: same-city heuristic candidate 08005 was contradicted by exact Census geographies address match to Douglas County, Colorado (08035) for provider 064024 fiscal year 2023. Non-exact conflicts and context-only rows remain under review; no production promotion.",/Users/coryseidel/PersonalProjects/IdeaTests/LandInvest/output/institutional_anchor_provider_geocode_same_city_review_packet.csv,same_city_census_exact_conflict_corrected,2026-06-04T14:47:57.816504+00:00,UHS OF DENVER INC,CO,LITTLETON,80130,8565 S POPLAR WAY,08005,"Arapahoe County, Colorado",same_city_census_conflicts_candidate,Exact,"8565 S POPLAR WAY, LITTLETON, CO, 80130",0.97,same_city_exact_census_conflict_correction_candidate,accepted,,False
363042,2024,assign_county,39041,"Delaware County, Ohio",0.93,"Accepted report-only institutional-anchor CMS provider geocode correction: same-city heuristic candidate 39049 was contradicted by exact Census geographies address match to Delaware County, Ohio (39041) for provider 363042 fiscal year 2024. Non-exact conflicts and context-only rows remain under review; no production promotion.",/Users/coryseidel/PersonalProjects/IdeaTests/LandInvest/output/institutional_anchor_provider_geocode_same_city_review_packet.csv,same_city_census_exact_conflict_corrected,2026-06-04T14:47:57.816504+00:00,MOUNT CARMEL REHABILITATION HOSPITAL,OH,WESTERVILLE,43082,597 EXECUTIVE CAMPUS DRIVE,39049,"Franklin County, Ohio",same_city_census_conflicts_candidate,Exact,"597 EXECUTIVE CAMPUS DR, WESTERVILLE, OH, 43082",0.97,same_city_exact_census_conflict_correction_candidate,accepted,,False
063037,2023,assign_county,08059,"Jefferson County, Colorado",0.93,"Accepted report-only institutional-anchor CMS provider geocode correction: same-city heuristic candidate 08001 was contradicted by exact Census geographies address match to Jefferson County, Colorado (08059) for provider 063037 fiscal year 2023. Non-exact conflicts and context-only rows remain under review; no production promotion.",/Users/coryseidel/PersonalProjects/IdeaTests/LandInvest/output/institutional_anchor_provider_geocode_same_city_review_packet.csv,same_city_census_exact_conflict_corrected,2026-06-04T14:47:57.816504+00:00,PAM SPEC. HOSPITAL OF WESTMINSTER,CO,WESTMINSTER,80020,6500 WEST 104TH AVE,08001,"Adams County, Colorado",same_city_census_conflicts_candidate,Exact,"6500 W 104TH AVE, WESTMINSTER, CO, 80020",0.97,same_city_exact_census_conflict_correction_candidate,accepted,,False
491991,2023,assign_county,51510,"Alexandria city, Virginia",0.93,"Accepted report-only institutional-anchor CMS provider geocode correction: same-city heuristic candidate 51059 was contradicted by exact Census geographies address match to Alexandria city, Virginia (51510) for provider 491991 fiscal year 2023. Non-exact conflicts and context-only rows remain under review; no production promotion.",/Users/coryseidel/PersonalProjects/IdeaTests/LandInvest/output/institutional_anchor_provider_geocode_same_city_review_packet.csv,same_city_census_exact_conflict_corrected,2026-06-04T14:47:57.816504+00:00,LYNN HOUSE OF POTOMAC VALLEY INC.,VA,ALEXANDRIA,22304,4400 W BRADDOCK ROAD,51059,"Fairfax County, Virginia",same_city_census_conflicts_candidate,Exact,"4400 W BRADDOCK RD, ALEXANDRIA, VA, 22304",0.97,same_city_exact_census_conflict_correction_candidate,accepted,,False
020001,2023,assign_county,02020,"Anchorage Municipality, Alaska",0.84,"Accepted report-only institutional-anchor CMS provider geocode correction: same-city heuristic candidate 02020 was contradicted by exact Census geographies address match to Anchorage Municipality, Alaska (02020) for provider 020001 fiscal year 2023. Non-exact conflicts and context-only rows remain under review; no production promotion.",/Users/coryseidel/PersonalProjects/IdeaTests/LandInvest/output/institutional_anchor_provider_geocode_same_city_review_packet.csv,same_city_census_exact_conflict_corrected,2026-06-04T14:47:57.816504+00:00,PROVIDENCE ALASKA MEDICAL CENTER,AK,ANCHORAGE,99519,3200 PROVIDENCE DRIVE,02020,"Anchorage Municipality, Alaska",same_city_census_context_only,Non_Exact,"3200 PROVIDENCE DR, ANCHORAGE, AK, 99508",0.8,operator_spot_check_census_context_same_fips,held_or_rejected,not_strict_conflict_correction_candidate; not_same_city_census_conflict_status; census_match_type_not_exact; census_fips_does_not_correct_suggested_fips; census_confidence_below_0_93; census_score_below_0_97; matched_address_missing_provider_zip5,False
050069,2024,assign_county,06059,"Orange County, California",0.84,"Accepted report-only institutional-anchor CMS provider geocode correction: same-city heuristic candidate 06059 was contradicted by exact Census geographies address match to Orange County, California (06059) for provider 050069 fiscal year 2024. Non-exact conflicts and context-only rows remain under review; no production promotion.",/Users/coryseidel/PersonalProjects/IdeaTests/LandInvest/output/institutional_anchor_provider_geocode_same_city_review_packet.csv,same_city_census_exact_conflict_corrected,2026-06-04T14:47:57.816504+00:00,ST. JOSEPH HOSPITAL OF ORANGE,CA,ORANGE,92863,1100 WEST STEWART DRIVE,06059,"Orange County, California",same_city_census_context_only,Non_Exact,"1100 W STEWART DR, ORANGE, CA, 92868",0.8,operator_spot_check_census_context_same_fips,held_or_rejected,not_strict_conflict_correction_candidate; not_same_city_census_conflict_status; census_match_type_not_exact; census_fips_does_not_correct_suggested_fips; census_confidence_below_0_93; census_score_below_0_97; matched_address_missing_provider_zip5,False
190176,2023,assign_county,22051,"Jefferson Parish, Louisiana",0.89,"Accepted report-only institutional-anchor CMS provider geocode correction: same-city heuristic candidate 22051 was contradicted by exact Census geographies address match to Jefferson Parish, Louisiana (22051) for provider 190176 fiscal year 2023. Non-exact conflicts and context-only rows remain under review; no production promotion.",/Users/coryseidel/PersonalProjects/IdeaTests/LandInvest/output/institutional_anchor_provider_geocode_same_city_review_packet.csv,same_city_census_exact_conflict_corrected,2026-06-04T14:47:57.816504+00:00,EAST JEFFERSON GENERAL HOSPIAL,LA,METAIRIE,70006,4200 HOUMA,22051,"Jefferson Parish, Louisiana",external_census_context_only,Non_Exact,"4200 HOUMA BLVD, METAIRIE, LA, 70006",0.88,operator_spot_check_census_context_same_fips,held_or_rejected,not_strict_conflict_correction_candidate; not_same_city_census_conflict_status; census_match_type_not_exact; census_fips_does_not_correct_suggested_fips; census_confidence_below_0_93; census_score_below_0_97,False
450431,2023,assign_county,48453,"Travis County, Texas",0.84,"Accepted report-only institutional-anchor CMS provider geocode correction: same-city heuristic candidate 48453 was contradicted by exact Census geographies address match to Travis County, Texas (48453) for provider 450431 fiscal year 2023. Non-exact conflicts and context-only rows remain under review; no production promotion.",/Users/coryseidel/PersonalProjects/IdeaTests/LandInvest/output/institutional_anchor_provider_geocode_same_city_review_packet.csv,same_city_census_exact_conflict_corrected,2026-06-04T14:47:57.816504+00:00,ST. DAVIDS MEDICAL CENTER,TX,AUSTIN,78765,919 EAST 32ND STREET,48453,"Travis County, Texas",same_city_census_context_only,Non_Exact,"919 E 32ND ST, AUSTIN, TX, 78705",0.8,operator_spot_check_census_context_same_fips,held_or_rejected,not_strict_conflict_correction_candidate; not_same_city_census_conflict_status; census_match_type_not_exact; census_fips_does_not_correct_suggested_fips; census_confidence_below_0_93; census_score_below_0_97; matched_address_missing_provider_zip5,False
100131,2023,assign_county,12086,"Miami-Dade County, Florida",0.89,"Accepted report-only institutional-anchor CMS provider geocode correction: same-city heuristic candidate 12086 was contradicted by exact Census geographies address match to Miami-Dade County, Florida (12086) for provider 100131 fiscal year 2023. Non-exact conflicts and context-only rows remain under review; no production promotion.",/Users/coryseidel/PersonalProjects/IdeaTests/LandInvest/output/institutional_anchor_provider_geocode_same_city_review_packet.csv,same_city_census_exact_conflict_corrected,2026-06-04T14:47:57.816504+00:00,HCA FLORIDA AVENTURA HOSPITAL,FL,MIAMI,33180,2801 NE 209TH ST AT BISCAYNE BLVD,12086,"Miami-Dade County, Florida",same_city_census_context_only,Non_Exact,"NE 209TH ST & BISCAYNE BLVD, MIAMI, FL, 33180",0.88,operator_spot_check_census_context_same_fips,held_or_rejected,not_strict_conflict_correction_candidate; not_same_city_census_conflict_status; census_match_type_not_exact; census_fips_does_not_correct_suggested_fips; census_confidence_below_0_93; census_score_below_0_97,False
100242,2024,assign_county,12005,"Bay County, Florida",0.84,"Accepted report-only institutional-anchor CMS provider geocode correction: same-city heuristic candidate 12005 was contradicted by exact Census geographies address match to Bay County, Florida (12005) for provider 100242 fiscal year 2024. Non-exact conflicts and context-only rows remain under review; no production promotion.",/Users/coryseidel/PersonalProjects/IdeaTests/LandInvest/output/institutional_anchor_provider_geocode_same_city_review_packet.csv,same_city_census_exact_conflict_corrected,2026-06-04T14:47:57.816504+00:00,HCA FLORIDA GULF COAST HOSPITAL,FL,PANAMA CITY,32404,449 WEST 23RD STREET,12005,"Bay County, Florida",same_city_census_context_only,Non_Exact,"449 W 23RD ST, PANAMA CITY, FL, 32405",0.8,operator_spot_check_census_context_same_fips,held_or_rejected,not_strict_conflict_correction_candidate; not_same_city_census_conflict_status; census_match_type_not_exact; census_fips_does_not_correct_suggested_fips; census_confidence_below_0_93; census_score_below_0_97; matched_address_missing_provider_zip5,False
284003,2024,assign_county,31109,"Lancaster County, Nebraska",0.84,"Accepted report-only institutional-anchor CMS provider geocode correction: same-city heuristic candidate 31109 was contradicted by exact Census geographies address match to Lancaster County, Nebraska (31109) for provider 284003 fiscal year 2024. Non-exact conflicts and context-only rows remain under review; no production promotion.",/Users/coryseidel/PersonalProjects/IdeaTests/LandInvest/output/institutional_anchor_provider_geocode_same_city_review_packet.csv,same_city_census_exact_conflict_corrected,2026-06-04T14:47:57.816504+00:00,LINCOLN REGIONAL CENTER,NE,LINCOLN,68509,FOLSOM & PROSPECTOR,31109,"Lancaster County, Nebraska",same_city_census_context_only,Non_Exact,"S FOLSOM ST & W PROSPECTOR PL, LINCOLN, NE, 68522",0.75,operator_spot_check_census_context_same_fips,held_or_rejected,not_strict_conflict_correction_candidate; not_same_city_census_conflict_status; census_match_type_not_exact; census_fips_does_not_correct_suggested_fips; census_confidence_below_0_93; census_score_below_0_97; matched_address_missing_provider_zip5; provider_street_missing_number,False
130018,2023,assign_county,16019,"Bonneville County, Idaho",0.84,"Accepted report-only institutional-anchor CMS provider geocode correction: same-city heuristic candidate 16019 was contradicted by exact Census geographies address match to Bonneville County, Idaho (16019) for provider 130018 fiscal year 2023. Non-exact conflicts and context-only rows remain under review; no production promotion.",/Users/coryseidel/PersonalProjects/IdeaTests/LandInvest/output/institutional_anchor_provider_geocode_same_city_review_packet.csv,same_city_census_exact_conflict_corrected,2026-06-04T14:47:57.816504+00:00,EASTERN IDAHO REGIONAL MEDICAL CENTE,ID,IDAHO FALLS,83403,3100 CHANNING WAY,16019,"Bonneville County, Idaho",same_city_census_context_only,Non_Exact,"3100 CHANNING WAY, IDAHO FALLS, ID, 83404",0.8,operator_spot_check_census_context_same_fips,held_or_rejected,not_strict_conflict_correction_candidate; not_same_city_census_conflict_status; census_match_type_not_exact; census_fips_does_not_correct_suggested_fips; census_confidence_below_0_93; census_score_below_0_97; matched_address_missing_provider_zip5,False
670082,2024,assign_county,48085,"Collin County, Texas",0.84,"Accepted report-only institutional-anchor CMS provider geocode correction: same-city heuristic candidate 48085 was contradicted by exact Census geographies address match to Collin County, Texas (48085) for provider 670082 fiscal year 2024. Non-exact conflicts and context-only rows remain under review; no production promotion.",/Users/coryseidel/PersonalProjects/IdeaTests/LandInvest/output/institutional_anchor_provider_geocode_same_city_review_packet.csv,same_city_census_exact_conflict_corrected,2026-06-04T14:47:57.816504+00:00,BAYLOR S&W MEDICAL CENTER - MCKINNEY,TX,MCKINNEY,75021,5252 W UNIVERSITY DR,48085,"Collin County, Texas",same_city_census_context_only,Non_Exact,"5252 W UNIVERSITY DR, MCKINNEY, TX, 75071",0.8,operator_spot_check_census_context_same_fips,held_or_rejected,not_strict_conflict_correction_candidate; not_same_city_census_conflict_status; census_match_type_not_exact; census_fips_does_not_correct_suggested_fips; census_confidence_below_0_93; census_score_below_0_97; matched_address_missing_provider_zip5,False
310016,2023,assign_county,34017,"Hudson County, New Jersey",0.89,"Accepted report-only institutional-anchor CMS provider geocode correction: same-city heuristic candidate 34017 was contradicted by exact Census geographies address match to Hudson County, New Jersey (34017) for provider 310016 fiscal year 2023. Non-exact conflicts and context-only rows remain under review; no production promotion.",/Users/coryseidel/PersonalProjects/IdeaTests/LandInvest/output/institutional_anchor_provider_geocode_same_city_review_packet.csv,same_city_census_exact_conflict_corrected,2026-06-04T14:47:57.816504+00:00,CHRIST HOSPITAL,NJ,JERSEY CITY,07306,176 PALISADES AVENUE,34017,"Hudson County, New Jersey",same_city_census_context_only,Non_Exact,"176 PALISADE AVE, JERSEY CITY, NJ, 07306",0.88,operator_spot_check_census_context_same_fips,held_or_rejected,not_strict_conflict_correction_candidate; not_same_city_census_conflict_status; census_match_type_not_exact; census_fips_does_not_correct_suggested_fips; census_confidence_below_0_93; census_score_below_0_97,False
334012,2024,assign_county,36007,"Broome County, New York",0.84,"Accepted report-only institutional-anchor CMS provider geocode correction: same-city heuristic candidate 36007 was contradicted by exact Census geographies address match to Broome County, New York (36007) for provider 334012 fiscal year 2024. Non-exact conflicts and context-only rows remain under review; no production promotion.",/Users/coryseidel/PersonalProjects/IdeaTests/LandInvest/output/institutional_anchor_provider_geocode_same_city_review_packet.csv,same_city_census_exact_conflict_corrected,2026-06-04T14:47:57.816504+00:00,GREATER BINGHAMTON H.C.,NY,BINGHAMTON,13901,425 ROBINSON ST,36007,"Broome County, New York",same_city_census_context_only,Non_Exact,"425 ROBINSON ST, BINGHAMTON, NY, 13904",0.8,operator_spot_check_census_context_same_fips,held_or_rejected,not_strict_conflict_correction_candidate; not_same_city_census_conflict_status; census_match_type_not_exact; census_fips_does_not_correct_suggested_fips; census_confidence_below_0_93; census_score_below_0_97; matched_address_missing_provider_zip5,False
294011,2023,assign_county,32003,"Clark County, Nevada",0.89,"Accepted report-only institutional-anchor CMS provider geocode correction: same-city heuristic candidate 32003 was contradicted by exact Census geographies address match to Clark County, Nevada (32003) for provider 294011 fiscal year 2023. Non-exact conflicts and context-only rows remain under review; no production promotion.",/Users/coryseidel/PersonalProjects/IdeaTests/LandInvest/output/institutional_anchor_provider_geocode_same_city_review_packet.csv,same_city_census_exact_conflict_corrected,2026-06-04T14:47:57.816504+00:00,SPRING MOUNTAIN TREATMENT CENTER,NV,LAS VEGAS,89117,7000 WEST SPRING MOUNTAIN ROAD,32003,"Clark County, Nevada",same_city_census_context_only,Non_Exact,"7000 SPRING MOUNTAIN RD, LAS VEGAS, NV, 89117",0.88,operator_spot_check_census_context_same_fips,held_or_rejected,not_strict_conflict_correction_candidate; not_same_city_census_conflict_status; census_match_type_not_exact; census_fips_does_not_correct_suggested_fips; census_confidence_below_0_93; census_score_below_0_97,False
050747,2023,assign_county,06059,"Orange County, California",0.84,"Accepted report-only institutional-anchor CMS provider geocode correction: same-city heuristic candidate 06059 was contradicted by exact Census geographies address match to Orange County, California (06059) for provider 050747 fiscal year 2023. Non-exact conflicts and context-only rows remain under review; no production promotion.",/Users/coryseidel/PersonalProjects/IdeaTests/LandInvest/output/institutional_anchor_provider_geocode_same_city_review_packet.csv,same_city_census_exact_conflict_corrected,2026-06-04T14:47:57.816504+00:00,SOUTH COAST GLOBAL MEDICAL CENTER,CA,SANTA ANA,82701,2710 SOUTH BRISTOL STREET,06059,"Orange County, California",same_city_census_context_only,Non_Exact,"2710 S BRISTOL ST, SANTA ANA, CA, 92704",0.8,operator_spot_check_census_context_same_fips,held_or_rejected,not_strict_conflict_correction_candidate; not_same_city_census_conflict_status; census_match_type_not_exact; census_fips_does_not_correct_suggested_fips; census_confidence_below_0_93; census_score_below_0_97; matched_address_missing_provider_zip5,False
444030,2023,assign_county,47037,"Davidson County, Tennessee",0.89,"Accepted report-only institutional-anchor CMS provider geocode correction: same-city heuristic candidate 47037 was contradicted by exact Census geographies address match to Davidson County, Tennessee (47037) for provider 444030 fiscal year 2023. Non-exact conflicts and context-only rows remain under review; no production promotion.",/Users/coryseidel/PersonalProjects/IdeaTests/LandInvest/output/institutional_anchor_provider_geocode_same_city_review_packet.csv,same_city_census_exact_conflict_corrected,2026-06-04T14:47:57.816504+00:00,ST THOMAS ASCENSION,TN,NASHVILLE,37205,4220 HARDING ROAD,47037,"Davidson County, Tennessee",same_city_census_context_only,Non_Exact,"4220 HARDING PIKE, NASHVILLE, TN, 37205",0.88,operator_spot_check_census_context_same_fips,held_or_rejected,not_strict_conflict_correction_candidate; not_same_city_census_conflict_status; census_match_type_not_exact; census_fips_does_not_correct_suggested_fips; census_confidence_below_0_93; census_score_below_0_97,False
454064,2023,assign_county,48451,"Tom Green County, Texas",0.84,"Accepted report-only institutional-anchor CMS provider geocode correction: same-city heuristic candidate 48451 was contradicted by exact Census geographies address match to Tom Green County, Texas (48451) for provider 454064 fiscal year 2023. Non-exact conflicts and context-only rows remain under review; no production promotion.",/Users/coryseidel/PersonalProjects/IdeaTests/LandInvest/output/institutional_anchor_provider_geocode_same_city_review_packet.csv,same_city_census_exact_conflict_corrected,2026-06-04T14:47:57.816504+00:00,RIVER CREST HOSPITAL,TX,SAN ANGELO,76907,1636 HUNTERS GLEN RD,48451,"Tom Green County, Texas",same_city_census_context_only,Non_Exact,"1636 HUNTERS GLEN RD, SAN ANGELO, TX, 76901",0.8,operator_spot_check_census_context_same_fips,held_or_rejected,not_strict_conflict_correction_candidate; not_same_city_census_conflict_status; census_match_type_not_exact; census_fips_does_not_correct_suggested_fips; census_confidence_below_0_93; census_score_below_0_97; matched_address_missing_provider_zip5,False
194044,2023,assign_county,22055,"Lafayette Parish, Louisiana",0.89,"Accepted report-only institutional-anchor CMS provider geocode correction: same-city heuristic candidate 22055 was contradicted by exact Census geographies address match to Lafayette Parish, Louisiana (22055) for provider 194044 fiscal year 2023. Non-exact conflicts and context-only rows remain under review; no production promotion.",/Users/coryseidel/PersonalProjects/IdeaTests/LandInvest/output/institutional_anchor_provider_geocode_same_city_review_packet.csv,same_city_census_exact_conflict_corrected,2026-06-04T14:47:57.816504+00:00,ACADIA VERMILION HOSPITAL,LA,LAFAYETTE,70507,2520 UNIVERSITY AVENUE,22055,"Lafayette Parish, Louisiana",same_city_census_context_only,Non_Exact,"2520 N UNIVERSITY AVE, LAFAYETTE, LA, 70507",0.88,operator_spot_check_census_context_same_fips,held_or_rejected,not_strict_conflict_correction_candidate; not_same_city_census_conflict_status; census_match_type_not_exact; census_fips_does_not_correct_suggested_fips; census_confidence_below_0_93; census_score_below_0_97,False
050708,2023,assign_county,06019,"Fresno County, California",0.84,"Accepted report-only institutional-anchor CMS provider geocode correction: same-city heuristic candidate 06019 was contradicted by exact Census geographies address match to Fresno County, California (06019) for provider 050708 fiscal year 2023. Non-exact conflicts and context-only rows remain under review; no production promotion.",/Users/coryseidel/PersonalProjects/IdeaTests/LandInvest/output/institutional_anchor_provider_geocode_same_city_review_packet.csv,same_city_census_exact_conflict_corrected,2026-06-04T14:47:57.816504+00:00,FRESNO SURGICAL HOSPITAL,CA,FRESNO,96710,6125 NORTH FRESNO STREET,06019,"Fresno County, California",same_city_census_context_only,Non_Exact,"6125 N FRESNO ST, FRESNO, CA, 93710",0.8,operator_spot_check_census_context_same_fips,held_or_rejected,not_strict_conflict_correction_candidate; not_same_city_census_conflict_status; census_match_type_not_exact; census_fips_does_not_correct_suggested_fips; census_confidence_below_0_93; census_score_below_0_97; matched_address_missing_provider_zip5,False
393036,2024,assign_county,42079,"Luzerne County, Pennsylvania",0.84,"Accepted report-only institutional-anchor CMS provider geocode correction: same-city heuristic candidate 42079 was contradicted by exact Census geographies address match to Luzerne County, Pennsylvania (42079) for provider 393036 fiscal year 2024. Non-exact conflicts and context-only rows remain under review; no production promotion.",/Users/coryseidel/PersonalProjects/IdeaTests/LandInvest/output/institutional_anchor_provider_geocode_same_city_review_packet.csv,same_city_census_exact_conflict_corrected,2026-06-04T14:47:57.816504+00:00,JOHN HEINZ INSTIT. OF REHAB MEDICINE,PA,WILKES-BARRE,18436,150 MUNDY ST,42079,"Luzerne County, Pennsylvania",same_city_census_context_only,Non_Exact,"150 MUNDY ST, WILKES BARRE, PA, 18702",0.8,operator_spot_check_census_context_same_fips,held_or_rejected,not_strict_conflict_correction_candidate; not_same_city_census_conflict_status; census_match_type_not_exact; census_fips_does_not_correct_suggested_fips; census_confidence_below_0_93; census_score_below_0_97; matched_address_missing_provider_zip5,False
234042,2023,assign_county,26099,"Macomb County, Michigan",0.89,"Accepted report-only institutional-anchor CMS provider geocode correction: same-city heuristic candidate 26099 was contradicted by exact Census geographies address match to Macomb County, Michigan (26099) for provider 234042 fiscal year 2023. Non-exact conflicts and context-only rows remain under review; no production promotion.",/Users/coryseidel/PersonalProjects/IdeaTests/LandInvest/output/institutional_anchor_provider_geocode_same_city_review_packet.csv,same_city_census_exact_conflict_corrected,2026-06-04T14:47:57.816504+00:00,BEHAVIORAL CENTER OF MICHIGAN,MI,WARREN,48092,4050 EAST 12 MILE RD,26099,"Macomb County, Michigan",same_city_census_context_only,Non_Exact,"4050 12 MILE RD, WARREN, MI, 48092",0.88,operator_spot_check_census_context_same_fips,held_or_rejected,not_strict_conflict_correction_candidate; not_same_city_census_conflict_status; census_match_type_not_exact; census_fips_does_not_correct_suggested_fips; census_confidence_below_0_93; census_score_below_0_97,False
190116,2024,assign_county,22067,"Morehouse Parish, Louisiana",0.84,"Accepted report-only institutional-anchor CMS provider geocode correction: same-city heuristic candidate 22067 was contradicted by exact Census geographies address match to Morehouse Parish, Louisiana (22067) for provider 190116 fiscal year 2024. Non-exact conflicts and context-only rows remain under review; no production promotion.",/Users/coryseidel/PersonalProjects/IdeaTests/LandInvest/output/institutional_anchor_provider_geocode_same_city_review_packet.csv,same_city_census_exact_conflict_corrected,2026-06-04T14:47:57.816504+00:00,MOREHOUSE GENERAL HOSPITAL,LA,BASTROP,71121,323 W. WALNUT STREET,22067,"Morehouse Parish, Louisiana",same_city_census_context_only,Non_Exact,"323 W WALNUT AVE, BASTROP, LA, 71220",0.8,operator_spot_check_census_context_same_fips,held_or_rejected,not_strict_conflict_correction_candidate; not_same_city_census_conflict_status; census_match_type_not_exact; census_fips_does_not_correct_suggested_fips; census_confidence_below_0_93; census_score_below_0_97; matched_address_missing_provider_zip5,False
670136,2023,assign_county,48453,"Travis County, Texas",0.89,"Accepted report-only institutional-anchor CMS provider geocode correction: same-city heuristic candidate 48453 was contradicted by exact Census geographies address match to Travis County, Texas (48453) for provider 670136 fiscal year 2023. Non-exact conflicts and context-only rows remain under review; no production promotion.",/Users/coryseidel/PersonalProjects/IdeaTests/LandInvest/output/institutional_anchor_provider_geocode_same_city_review_packet.csv,same_city_census_exact_conflict_corrected,2026-06-04T14:47:57.816504+00:00,BSW MEDICAL CENTER - AUSTIN,TX,AUSTIN,78735,5245 W US 290,48453,"Travis County, Texas",same_city_census_context_only,Non_Exact,"5245 W US HWY 290 SVC RD, AUSTIN, TX, 78735",0.88,operator_spot_check_census_context_same_fips,held_or_rejected,not_strict_conflict_correction_candidate; not_same_city_census_conflict_status; census_match_type_not_exact; census_fips_does_not_correct_suggested_fips; census_confidence_below_0_93; census_score_below_0_97,False
370225,2023,assign_county,40109,"Oklahoma County, Oklahoma",0.89,"Accepted report-only institutional-anchor CMS provider geocode correction: same-city heuristic candidate 40109 was contradicted by exact Census geographies address match to Oklahoma County, Oklahoma (40109) for provider 370225 fiscal year 2023. Non-exact conflicts and context-only rows remain under review; no production promotion.",/Users/coryseidel/PersonalProjects/IdeaTests/LandInvest/output/institutional_anchor_provider_geocode_same_city_review_packet.csv,same_city_census_exact_conflict_corrected,2026-06-04T14:47:57.816504+00:00,SUMMIT MEDICAL CENTER,OK,EDMOND,73013,1800 S. RENAISSANCE BLVD,40109,"Oklahoma County, Oklahoma",same_city_census_context_only,Non_Exact,"1800 RENNAISSANCE BLVD, EDMOND, OK, 73013",0.88,operator_spot_check_census_context_same_fips,held_or_rejected,not_strict_conflict_correction_candidate; not_same_city_census_conflict_status; census_match_type_not_exact; census_fips_does_not_correct_suggested_fips; census_confidence_below_0_93; census_score_below_0_97,False
053308,2024,assign_county,06059,"Orange County, California",0.89,"Accepted report-only institutional-anchor CMS provider geocode correction: same-city heuristic candidate 06059 was contradicted by exact Census geographies address match to Orange County, California (06059) for provider 053308 fiscal year 2024. Non-exact conflicts and context-only rows remain under review; no production promotion.",/Users/coryseidel/PersonalProjects/IdeaTests/LandInvest/output/institutional_anchor_provider_geocode_same_city_review_packet.csv,same_city_census_exact_conflict_corrected,2026-06-04T14:47:57.816504+00:00,HEALTHBRIDGE CHILDRENS ACUTE,CA,ORANGE,92866,393 EAST TUSTIN STREET,06059,"Orange County, California",same_city_census_context_only,Non_Exact,"393 S TUSTIN ST, ORANGE, CA, 92866",0.88,operator_spot_check_census_context_same_fips,held_or_rejected,not_strict_conflict_correction_candidate; not_same_city_census_conflict_status; census_match_type_not_exact; census_fips_does_not_correct_suggested_fips; census_confidence_below_0_93; census_score_below_0_97,False
054083,2024,assign_county,06037,"Los Angeles County, California",0.89,"Accepted report-only institutional-anchor CMS provider geocode correction: same-city heuristic candidate 06037 was contradicted by exact Census geographies address match to Los Angeles County, California (06037) for provider 054083 fiscal year 2024. Non-exact conflicts and context-only rows remain under review; no production promotion.",/Users/coryseidel/PersonalProjects/IdeaTests/LandInvest/output/institutional_anchor_provider_geocode_same_city_review_packet.csv,same_city_census_exact_conflict_corrected,2026-06-04T14:47:57.816504+00:00,KEDREN COMMUNITY MENTAL HEALTH,CA,LOS ANGELES,90011,4211 SOUTH AVALON BLVD,06037,"Los Angeles County, California",same_city_census_context_only,Non_Exact,"4211 AVALON BLVD, LOS ANGELES, CA, 90011",0.88,operator_spot_check_census_context_same_fips,held_or_rejected,not_strict_conflict_correction_candidate; not_same_city_census_conflict_status; census_match_type_not_exact; census_fips_does_not_correct_suggested_fips; census_confidence_below_0_93; census_score_below_0_97,False
443303,2024,assign_county,47093,"Knox County, Tennessee",0.84,"Accepted report-only institutional-anchor CMS provider geocode correction: same-city heuristic candidate 47093 was contradicted by exact Census geographies address match to Knox County, Tennessee (47093) for provider 443303 fiscal year 2024. Non-exact conflicts and context-only rows remain under review; no production promotion.",/Users/coryseidel/PersonalProjects/IdeaTests/LandInvest/output/institutional_anchor_provider_geocode_same_city_review_packet.csv,same_city_census_exact_conflict_corrected,2026-06-04T14:47:57.816504+00:00,EAST TENNESSEE CHILDRENS HOSPITAL,TN,KNOXVILLE,37901,2018 CLINCH AVENUE,47093,"Knox County, Tennessee",same_city_census_context_only,Non_Exact,"2018 CLINCH AVE, KNOXVILLE, TN, 37916",0.8,operator_spot_check_census_context_same_fips,held_or_rejected,not_strict_conflict_correction_candidate; not_same_city_census_conflict_status; census_match_type_not_exact; census_fips_does_not_correct_suggested_fips; census_confidence_below_0_93; census_score_below_0_97; matched_address_missing_provider_zip5,False
443302,2024,assign_county,47157,"Shelby County, Tennessee",0.89,"Accepted report-only institutional-anchor CMS provider geocode correction: same-city heuristic candidate 47157 was contradicted by exact Census geographies address match to Shelby County, Tennessee (47157) for provider 443302 fiscal year 2024. Non-exact conflicts and context-only rows remain under review; no production promotion.",/Users/coryseidel/PersonalProjects/IdeaTests/LandInvest/output/institutional_anchor_provider_geocode_same_city_review_packet.csv,same_city_census_exact_conflict_corrected,2026-06-04T14:47:57.816504+00:00,ST JUDE CHILDRENS RESEARCH HOSPITAL,TN,MEMPHIS,38105,262 DANNY THOMAS PLACE,47157,"Shelby County, Tennessee",same_city_census_context_only,Non_Exact,"262 N DANNY THOMAS BLVD, MEMPHIS, TN, 38105",0.88,operator_spot_check_census_context_same_fips,held_or_rejected,not_strict_conflict_correction_candidate; not_same_city_census_conflict_status; census_match_type_not_exact; census_fips_does_not_correct_suggested_fips; census_confidence_below_0_93; census_score_below_0_97,False
290057,2023,assign_county,32003,"Clark County, Nevada",0.89,"Accepted report-only institutional-anchor CMS provider geocode correction: same-city heuristic candidate 32003 was contradicted by exact Census geographies address match to Clark County, Nevada (32003) for provider 290057 fiscal year 2023. Non-exact conflicts and context-only rows remain under review; no production promotion.",/Users/coryseidel/PersonalProjects/IdeaTests/LandInvest/output/institutional_anchor_provider_geocode_same_city_review_packet.csv,same_city_census_exact_conflict_corrected,2026-06-04T14:47:57.816504+00:00,HENDERSON HOSPITAL,NV,HENDERSON,89011,1050 WEST GALLERIA DRIVE,32003,"Clark County, Nevada",same_city_census_context_only,Non_Exact,"1050 GALLERIA DR, HENDERSON, NV, 89011",0.88,operator_spot_check_census_context_same_fips,held_or_rejected,not_strict_conflict_correction_candidate; not_same_city_census_conflict_status; census_match_type_not_exact; census_fips_does_not_correct_suggested_fips; census_confidence_below_0_93; census_score_below_0_97,False
100206,2023,assign_county,12057,"Hillsborough County, Florida",0.89,"Accepted report-only institutional-anchor CMS provider geocode correction: same-city heuristic candidate 12057 was contradicted by exact Census geographies address match to Hillsborough County, Florida (12057) for provider 100206 fiscal year 2023. Non-exact conflicts and context-only rows remain under review; no production promotion.",/Users/coryseidel/PersonalProjects/IdeaTests/LandInvest/output/institutional_anchor_provider_geocode_same_city_review_packet.csv,same_city_census_exact_conflict_corrected,2026-06-04T14:47:57.816504+00:00,MEMORIAL HOSPITAL OF TAMPA,FL,TAMPA,33609,2901 SWANN AVENUE,12057,"Hillsborough County, Florida",same_city_census_context_only,Non_Exact,"2901 W SWANN AVE, TAMPA, FL, 33609",0.88,operator_spot_check_census_context_same_fips,held_or_rejected,not_strict_conflict_correction_candidate; not_same_city_census_conflict_status; census_match_type_not_exact; census_fips_does_not_correct_suggested_fips; census_confidence_below_0_93; census_score_below_0_97,False
400001,2024,assign_county,72127,San Juan Muno,0.84,Accepted report-only institutional-anchor CMS provider geocode correction: same-city heuristic candidate 72127 was contradicted by exact Census geographies address match to San Juan Muno (72127) for provider 400001 fiscal year 2024. Non-exact conflicts and context-only rows remain under review; no production promotion.,/Users/coryseidel/PersonalProjects/IdeaTests/LandInvest/output/institutional_anchor_provider_geocode_same_city_review_packet.csv,same_city_census_exact_conflict_corrected,2026-06-04T14:47:57.816504+00:00,ASHFORD PRESBYTERIAN COMMUNITY CORP,PR,SAN JUAN,00902,1451 ASHFORD AVE.,72127,San Juan Muno,same_city_census_context_only,Non_Exact,"1451 AVE ASHFORD, SAN JUAN, PR, 00907",0.8,operator_spot_check_census_context_same_fips,held_or_rejected,not_strict_conflict_correction_candidate; not_same_city_census_conflict_status; census_match_type_not_exact; census_fips_does_not_correct_suggested_fips; census_confidence_below_0_93; census_score_below_0_97; matched_address_missing_provider_zip5,False
400003,2023,assign_county,72113,Ponce Muno,0.84,Accepted report-only institutional-anchor CMS provider geocode correction: same-city heuristic candidate 72113 was contradicted by exact Census geographies address match to Ponce Muno (72113) for provider 400003 fiscal year 2023. Non-exact conflicts and context-only rows remain under review; no production promotion.,/Users/coryseidel/PersonalProjects/IdeaTests/LandInvest/output/institutional_anchor_provider_geocode_same_city_review_packet.csv,same_city_census_exact_conflict_corrected,2026-06-04T14:47:57.816504+00:00,HOSPITAL DR. PILA,PR,PONCE,00731,2445 AVE. LAS AMERICAS,72113,Ponce Muno,same_city_census_context_only,Non_Exact,"2445 AVE LAS AMERICAS, PONCE, PR, 00717",0.8,operator_spot_check_census_context_same_fips,held_or_rejected,not_strict_conflict_correction_candidate; not_same_city_census_conflict_status; census_match_type_not_exact; census_fips_does_not_correct_suggested_fips; census_confidence_below_0_93; census_score_below_0_97; matched_address_missing_provider_zip5,False
104001,2024,assign_county,12011,"Broward County, Florida",0.89,"Accepted report-only institutional-anchor CMS provider geocode correction: same-city heuristic candidate 12011 was contradicted by exact Census geographies address match to Broward County, Florida (12011) for provider 104001 fiscal year 2024. Non-exact conflicts and context-only rows remain under review; no production promotion.",/Users/coryseidel/PersonalProjects/IdeaTests/LandInvest/output/institutional_anchor_provider_geocode_same_city_review_packet.csv,same_city_census_exact_conflict_corrected,2026-06-04T14:47:57.816504+00:00,SOUTH FLORIDA STATE HOSPITAL,FL,PEMBROKE PINES,33025,800 EAST CYPRESS DRIVE,12011,"Broward County, Florida",same_city_census_context_only,Non_Exact,"800 CYPRESS DR, PEMBROKE PINES, FL, 33025",0.88,operator_spot_check_census_context_same_fips,held_or_rejected,not_strict_conflict_correction_candidate; not_same_city_census_conflict_status; census_match_type_not_exact; census_fips_does_not_correct_suggested_fips; census_confidence_below_0_93; census_score_below_0_97,False
400136,2024,assign_county,72097,Mayagüez Muno,0.89,Accepted report-only institutional-anchor CMS provider geocode correction: same-city heuristic candidate 72097 was contradicted by exact Census geographies address match to Mayagüez Muno (72097) for provider 400136 fiscal year 2024. Non-exact conflicts and context-only rows remain under review; no production promotion.,/Users/coryseidel/PersonalProjects/IdeaTests/LandInvest/output/institutional_anchor_provider_geocode_same_city_review_packet.csv,same_city_census_exact_conflict_corrected,2026-06-04T14:47:57.816504+00:00,HOSPITAL SAN ANTONIO INC,PR,MAYAGUEZ,00680,18 CALLE DR RAMON E BETANCES N,72097,Mayagüez Muno,same_city_census_context_only,Non_Exact,"18 CLL DR RAMON EMETERIO BETANCES, MAYAGUEZ, PR, 00680",0.88,operator_spot_check_census_context_same_fips,held_or_rejected,not_strict_conflict_correction_candidate; not_same_city_census_conflict_status; census_match_type_not_exact; census_fips_does_not_correct_suggested_fips; census_confidence_below_0_93; census_score_below_0_97,False
400134,2023,assign_county,72127,San Juan Muno,0.84,Accepted report-only institutional-anchor CMS provider geocode correction: same-city heuristic candidate 72127 was contradicted by exact Census geographies address match to San Juan Muno (72127) for provider 400134 fiscal year 2023. Non-exact conflicts and context-only rows remain under review; no production promotion.,/Users/coryseidel/PersonalProjects/IdeaTests/LandInvest/output/institutional_anchor_provider_geocode_same_city_review_packet.csv,same_city_census_exact_conflict_corrected,2026-06-04T14:47:57.816504+00:00,SAN JORGE CHILDRENS & WOMEN HOSPITAL,PR,SAN JUAN,00914,258 SAN JORGE STREET,72127,San Juan Muno,same_city_census_context_only,Non_Exact,"258 CLL SAN JORGE, SAN JUAN, PR, 00912",0.8,operator_spot_check_census_context_same_fips,held_or_rejected,not_strict_conflict_correction_candidate; not_same_city_census_conflict_status; census_match_type_not_exact; census_fips_does_not_correct_suggested_fips; census_confidence_below_0_93; census_score_below_0_97; matched_address_missing_provider_zip5,False
490009,2024,assign_county,51540,"Charlottesville city, Virginia",0.84,"Accepted report-only institutional-anchor CMS provider geocode correction: same-city heuristic candidate 51003 was contradicted by exact Census geographies address match to Charlottesville city, Virginia (51540) for provider 490009 fiscal year 2024. Non-exact conflicts and context-only rows remain under review; no production promotion.",/Users/coryseidel/PersonalProjects/IdeaTests/LandInvest/output/institutional_anchor_provider_geocode_same_city_review_packet.csv,same_city_census_exact_conflict_corrected,2026-06-04T14:47:57.816504+00:00,UNIVERSITY OF VIRGINIA MEDICAL CENTE,VA,CHARLOTTESVILLE,22908,855 WEST MAIN STREET,51003,"Albemarle County, Virginia",same_city_census_conflicts_candidate,Non_Exact,"855 W MAIN ST, CHARLOTTESVILLE, VA, 22903",0.8,manual_same_city_census_conflict_review,held_or_rejected,not_strict_conflict_correction_candidate; census_match_type_not_exact; census_confidence_below_0_93; census_score_below_0_97; matched_address_missing_provider_zip5,False
100209,2023,assign_county,,,,Accepted report-only institutional-anchor CMS provider geocode correction: same-city heuristic candidate 12086 was contradicted by exact Census geographies address match to  () for provider 100209 fiscal year 2023. Non-exact conflicts and context-only rows remain under review; no production promotion.,/Users/coryseidel/PersonalProjects/IdeaTests/LandInvest/output/institutional_anchor_provider_geocode_same_city_review_packet.csv,same_city_census_exact_conflict_corrected,2026-06-04T14:47:57.816504+00:00,HCA FLORIDA KENDALL HOSPITAL,FL,MIAMI,33175,11750 BIRD ROAD,12086,"Miami-Dade County, Florida",unresolved_after_census_batch,,,,external_or_manual_geocode_required,held_or_rejected,not_strict_conflict_correction_candidate; not_same_city_census_conflict_status; census_match_status_not_match; census_match_type_not_exact; not_provider_original_attempt; census_fips_not_in_county_lookup; census_confidence_below_0_93; census_score_below_0_97; missing_census_matched_address; matched_address_missing_provider_zip5; matched_address_missing_number,False
190064,2024,assign_county,,,,Accepted report-only institutional-anchor CMS provider geocode correction: same-city heuristic candidate 22033 was contradicted by exact Census geographies address match to  () for provider 190064 fiscal year 2024. Non-exact conflicts and context-only rows remain under review; no production promotion.,/Users/coryseidel/PersonalProjects/IdeaTests/LandInvest/output/institutional_anchor_provider_geocode_same_city_review_packet.csv,same_city_census_exact_conflict_corrected,2026-06-04T14:47:57.816504+00:00,OUR LADY OF THE LAKE RMC,LA,BATON ROUGE,70808,5000 HENNESSY BLVD,22033,"East Baton Rouge Parish, Louisiana",unresolved_after_census_batch,,,,external_or_manual_geocode_required,held_or_rejected,not_strict_conflict_correction_candidate; not_same_city_census_conflict_status; census_match_status_not_match; census_match_type_not_exact; not_provider_original_attempt; census_fips_not_in_county_lookup; census_confidence_below_0_93; census_score_below_0_97; missing_census_matched_address; matched_address_missing_provider_zip5; matched_address_missing_number,False
260105,2023,assign_county,,,,Accepted report-only institutional-anchor CMS provider geocode correction: same-city heuristic candidate 29189 was contradicted by exact Census geographies address match to  () for provider 260105 fiscal year 2023. Non-exact conflicts and context-only rows remain under review; no production promotion.,/Users/coryseidel/PersonalProjects/IdeaTests/LandInvest/output/institutional_anchor_provider_geocode_same_city_review_packet.csv,same_city_census_exact_conflict_corrected,2026-06-04T14:47:57.816504+00:00,SSM SAINT LOUIS UNIVERSITY HOSPITAL,MO,ST. LOUIS,63104,1201 SOUTH GRAND BLVD,29189,"St. Louis County, Missouri",unresolved_after_census_batch,,,,external_or_manual_geocode_required,held_or_rejected,not_strict_conflict_correction_candidate; not_same_city_census_conflict_status; census_match_status_not_match; census_match_type_not_exact; not_provider_original_attempt; census_fips_not_in_county_lookup; census_confidence_below_0_93; census_score_below_0_97; missing_census_matched_address; matched_address_missing_provider_zip5; matched_address_missing_number,False
370093,2024,assign_county,,,,Accepted report-only institutional-anchor CMS provider geocode correction: same-city heuristic candidate 40109 was contradicted by exact Census geographies address match to  () for provider 370093 fiscal year 2024. Non-exact conflicts and context-only rows remain under review; no production promotion.,/Users/coryseidel/PersonalProjects/IdeaTests/LandInvest/output/institutional_anchor_provider_geocode_same_city_review_packet.csv,same_city_census_exact_conflict_corrected,2026-06-04T14:47:57.816504+00:00,OU MEDICAL CENTER,OK,OKLAHOMA CITY,73104,1200 CHILDRENS AVE,40109,"Oklahoma County, Oklahoma",unresolved_after_census_batch,,,,external_or_manual_geocode_required,held_or_rejected,not_strict_conflict_correction_candidate; not_same_city_census_conflict_status; census_match_status_not_match; census_match_type_not_exact; not_provider_original_attempt; census_fips_not_in_county_lookup; census_confidence_below_0_93; census_score_below_0_97; missing_census_matched_address; matched_address_missing_provider_zip5; matched_address_missing_number,False
450788,2024,assign_county,,,,Accepted report-only institutional-anchor CMS provider geocode correction: same-city heuristic candidate 48355 was contradicted by exact Census geographies address match to  () for provider 450788 fiscal year 2024. Non-exact conflicts and context-only rows remain under review; no production promotion.,/Users/coryseidel/PersonalProjects/IdeaTests/LandInvest/output/institutional_anchor_provider_geocode_same_city_review_packet.csv,same_city_census_exact_conflict_corrected,2026-06-04T14:47:57.816504+00:00,CORPUS CHRISTI MEDICAL CENTER,TX,CORPUS CHRISTI,78412,7101 SOUTH PADRE ISLAND DRIVE,48355,"Nueces County, Texas",unresolved_after_census_batch,,,,external_or_manual_geocode_required,held_or_rejected,not_strict_conflict_correction_candidate; not_same_city_census_conflict_status; census_match_status_not_match; census_match_type_not_exact; not_provider_original_attempt; census_fips_not_in_county_lookup; census_confidence_below_0_93; census_score_below_0_97; missing_census_matched_address; matched_address_missing_provider_zip5; matched_address_missing_number,False
290041,2023,assign_county,,,,Accepted report-only institutional-anchor CMS provider geocode correction: same-city heuristic candidate 32003 was contradicted by exact Census geographies address match to  () for provider 290041 fiscal year 2023. Non-exact conflicts and context-only rows remain under review; no production promotion.,/Users/coryseidel/PersonalProjects/IdeaTests/LandInvest/output/institutional_anchor_provider_geocode_same_city_review_packet.csv,same_city_census_exact_conflict_corrected,2026-06-04T14:47:57.816504+00:00,SUMMERLIN HOSPITAL MEDICAL CENTER,NV,LAS VEGAS,89114,657 TOWN CENTER DRIVE,32003,"Clark County, Nevada",unresolved_after_census_batch,,,,external_or_manual_geocode_required,held_or_rejected,not_strict_conflict_correction_candidate; not_same_city_census_conflict_status; census_match_status_not_match; census_match_type_not_exact; not_provider_original_attempt; census_fips_not_in_county_lookup; census_confidence_below_0_93; census_score_below_0_97; missing_census_matched_address; matched_address_missing_provider_zip5; matched_address_missing_number,False
030115,2023,assign_county,,,,Accepted report-only institutional-anchor CMS provider geocode correction: same-city heuristic candidate 04013 was contradicted by exact Census geographies address match to  () for provider 030115 fiscal year 2023. Non-exact conflicts and context-only rows remain under review; no production promotion.,/Users/coryseidel/PersonalProjects/IdeaTests/LandInvest/output/institutional_anchor_provider_geocode_same_city_review_packet.csv,same_city_census_exact_conflict_corrected,2026-06-04T14:47:57.816504+00:00,BANNER ESTRELLA MEDICAL CENTER,AZ,PHOENIX,85037,9201 WEST THOMAS ROAD,04013,"Maricopa County, Arizona",unresolved_after_census_batch,,,,external_or_manual_geocode_required,held_or_rejected,not_strict_conflict_correction_candidate; not_same_city_census_conflict_status; census_match_status_not_match; census_match_type_not_exact; not_provider_original_attempt; census_fips_not_in_county_lookup; census_confidence_below_0_93; census_score_below_0_97; missing_census_matched_address; matched_address_missing_provider_zip5; matched_address_missing_number,False
450079,2024,assign_county,,,,Accepted report-only institutional-anchor CMS provider geocode correction: same-city heuristic candidate 48113 was contradicted by exact Census geographies address match to  () for provider 450079 fiscal year 2024. Non-exact conflicts and context-only rows remain under review; no production promotion.,/Users/coryseidel/PersonalProjects/IdeaTests/LandInvest/output/institutional_anchor_provider_geocode_same_city_review_packet.csv,same_city_census_exact_conflict_corrected,2026-06-04T14:47:57.816504+00:00,BAYLOR S&W MEDICAL CENTER - IRVING,TX,IRVING,75061,1901 NORTH MACARTHUR BLVD,48113,"Dallas County, Texas",unresolved_after_census_batch,,,,external_or_manual_geocode_required,held_or_rejected,not_strict_conflict_correction_candidate; not_same_city_census_conflict_status; census_match_status_not_match; census_match_type_not_exact; not_provider_original_attempt; census_fips_not_in_county_lookup; census_confidence_below_0_93; census_score_below_0_97; missing_census_matched_address; matched_address_missing_provider_zip5; matched_address_missing_number,False
210024,2024,assign_county,,,,Accepted report-only institutional-anchor CMS provider geocode correction: same-city heuristic candidate 24005 was contradicted by exact Census geographies address match to  () for provider 210024 fiscal year 2024. Non-exact conflicts and context-only rows remain under review; no production promotion.,/Users/coryseidel/PersonalProjects/IdeaTests/LandInvest/output/institutional_anchor_provider_geocode_same_city_review_packet.csv,same_city_census_exact_conflict_corrected,2026-06-04T14:47:57.816504+00:00,MEDSTAR UNION MEMORIAL HOSPITAL,MD,BALTIMORE,21218,201 EAST UNIVERSITY PARKWAY,24005,"Baltimore County, Maryland",unresolved_after_census_batch,,,,external_or_manual_geocode_required,held_or_rejected,not_strict_conflict_correction_candidate; not_same_city_census_conflict_status; census_match_status_not_match; census_match_type_not_exact; not_provider_original_attempt; census_fips_not_in_county_lookup; census_confidence_below_0_93; census_score_below_0_97; missing_census_matched_address; matched_address_missing_provider_zip5; matched_address_missing_number,False
370056,2024,assign_county,,,,Accepted report-only institutional-anchor CMS provider geocode correction: same-city heuristic candidate 40031 was contradicted by exact Census geographies address match to  () for provider 370056 fiscal year 2024. Non-exact conflicts and context-only rows remain under review; no production promotion.,/Users/coryseidel/PersonalProjects/IdeaTests/LandInvest/output/institutional_anchor_provider_geocode_same_city_review_packet.csv,same_city_census_exact_conflict_corrected,2026-06-04T14:47:57.816504+00:00,COMANCHE COUNTY MEMORIAL HOSPITAL,OK,LAWTON,73502,3401 W GORE,40031,"Comanche County, Oklahoma",unresolved_after_census_batch,,,,external_or_manual_geocode_required,held_or_rejected,not_strict_conflict_correction_candidate; not_same_city_census_conflict_status; census_match_status_not_match; census_match_type_not_exact; not_provider_original_attempt; census_fips_not_in_county_lookup; census_confidence_below_0_93; census_score_below_0_97; missing_census_matched_address; matched_address_missing_provider_zip5; matched_address_missing_number,False
190204,2023,assign_county,,,,Accepted report-only institutional-anchor CMS provider geocode correction: same-city heuristic candidate 22103 was contradicted by exact Census geographies address match to  () for provider 190204 fiscal year 2023. Non-exact conflicts and context-only rows remain under review; no production promotion.,/Users/coryseidel/PersonalProjects/IdeaTests/LandInvest/output/institutional_anchor_provider_geocode_same_city_review_packet.csv,same_city_census_exact_conflict_corrected,2026-06-04T14:47:57.816504+00:00,OCHSNER MEDICAL CENTER -NORTHSHORE,LA,SLIDELL,70461,100 MEDICAL CENTER DRIVE,22103,"St. Tammany Parish, Louisiana",unresolved_after_census_batch,,,,external_or_manual_geocode_required,held_or_rejected,not_strict_conflict_correction_candidate; not_same_city_census_conflict_status; census_match_status_not_match; census_match_type_not_exact; not_provider_original_attempt; census_fips_not_in_county_lookup; census_confidence_below_0_93; census_score_below_0_97; missing_census_matched_address; matched_address_missing_provider_zip5; matched_address_missing_number,False
190054,2023,assign_county,,,,Accepted report-only institutional-anchor CMS provider geocode correction: same-city heuristic candidate 22045 was contradicted by exact Census geographies address match to  () for provider 190054 fiscal year 2023. Non-exact conflicts and context-only rows remain under review; no production promotion.,/Users/coryseidel/PersonalProjects/IdeaTests/LandInvest/output/institutional_anchor_provider_geocode_same_city_review_packet.csv,same_city_census_exact_conflict_corrected,2026-06-04T14:47:57.816504+00:00,IBERIA MEDICAL CENTER,LA,NEW IBERIA,70562,2315 W MAIN STREET,22045,"Iberia Parish, Louisiana",unresolved_after_census_batch,,,,external_or_manual_geocode_required,held_or_rejected,not_strict_conflict_correction_candidate; not_same_city_census_conflict_status; census_match_status_not_match; census_match_type_not_exact; not_provider_original_attempt; census_fips_not_in_county_lookup; census_confidence_below_0_93; census_score_below_0_97; missing_census_matched_address; matched_address_missing_provider_zip5; matched_address_missing_number,False
210034,2024,assign_county,,,,Accepted report-only institutional-anchor CMS provider geocode correction: same-city heuristic candidate 24005 was contradicted by exact Census geographies address match to  () for provider 210034 fiscal year 2024. Non-exact conflicts and context-only rows remain under review; no production promotion.,/Users/coryseidel/PersonalProjects/IdeaTests/LandInvest/output/institutional_anchor_provider_geocode_same_city_review_packet.csv,same_city_census_exact_conflict_corrected,2026-06-04T14:47:57.816504+00:00,MEDSTAR HARBOR HOSPITAL,MD,BALTIMORE,21225,3001 SOUTH HANOVER STREET,24005,"Baltimore County, Maryland",unresolved_after_census_batch,,,,external_or_manual_geocode_required,held_or_rejected,not_strict_conflict_correction_candidate; not_same_city_census_conflict_status; census_match_status_not_match; census_match_type_not_exact; not_provider_original_attempt; census_fips_not_in_county_lookup; census_confidence_below_0_93; census_score_below_0_97; missing_census_matched_address; matched_address_missing_provider_zip5; matched_address_missing_number,False
474001,2023,assign_county,,,,Accepted report-only institutional-anchor CMS provider geocode correction: same-city heuristic candidate 50025 was contradicted by exact Census geographies address match to  () for provider 474001 fiscal year 2023. Non-exact conflicts and context-only rows remain under review; no production promotion.,/Users/coryseidel/PersonalProjects/IdeaTests/LandInvest/output/institutional_anchor_provider_geocode_same_city_review_packet.csv,same_city_census_exact_conflict_corrected,2026-06-04T14:47:57.816504+00:00,BRATTLEBORO RETREAT,VT,BRATTLEBORO,05302,ANNA MARSH LANE,50025,"Windham County, Vermont",unresolved_after_census_batch,,,,external_or_manual_geocode_required,held_or_rejected,not_strict_conflict_correction_candidate; not_same_city_census_conflict_status; census_match_status_not_match; census_match_type_not_exact; not_provider_original_attempt; census_fips_not_in_county_lookup; census_confidence_below_0_93; census_score_below_0_97; missing_census_matched_address; matched_address_missing_provider_zip5; provider_street_missing_number; matched_address_missing_number,False
514009,2024,assign_county,,,,Accepted report-only institutional-anchor CMS provider geocode correction: same-city heuristic candidate 54011 was contradicted by exact Census geographies address match to  () for provider 514009 fiscal year 2024. Non-exact conflicts and context-only rows remain under review; no production promotion.,/Users/coryseidel/PersonalProjects/IdeaTests/LandInvest/output/institutional_anchor_provider_geocode_same_city_review_packet.csv,same_city_census_exact_conflict_corrected,2026-06-04T14:47:57.816504+00:00,MILDRED MITCHELL-BATEMAN HOSPITAL,WV,HUNTINGTON,25706,1530 NORWAY AVENUE,54011,"Cabell County, West Virginia",unresolved_after_census_batch,,,,external_or_manual_geocode_required,held_or_rejected,not_strict_conflict_correction_candidate; not_same_city_census_conflict_status; census_match_status_not_match; census_match_type_not_exact; not_provider_original_attempt; census_fips_not_in_county_lookup; census_confidence_below_0_93; census_score_below_0_97; missing_census_matched_address; matched_address_missing_provider_zip5; matched_address_missing_number,False
054089,2024,assign_county,,,,Accepted report-only institutional-anchor CMS provider geocode correction: same-city heuristic candidate 06075 was contradicted by exact Census geographies address match to  () for provider 054089 fiscal year 2024. Non-exact conflicts and context-only rows remain under review; no production promotion.,/Users/coryseidel/PersonalProjects/IdeaTests/LandInvest/output/institutional_anchor_provider_geocode_same_city_review_packet.csv,same_city_census_exact_conflict_corrected,2026-06-04T14:47:57.816504+00:00,JEWISH HOME FOR THE AGED,CA,SAN FRANCISCO,94112,302 SILVER AVENUE,06075,"San Francisco County, California",unresolved_after_census_batch,,,,external_or_manual_geocode_required,held_or_rejected,not_strict_conflict_correction_candidate; not_same_city_census_conflict_status; census_match_status_not_match; census_match_type_not_exact; not_provider_original_attempt; census_fips_not_in_county_lookup; census_confidence_below_0_93; census_score_below_0_97; missing_census_matched_address; matched_address_missing_provider_zip5; matched_address_missing_number,False
343025,2023,assign_county,,,,Accepted report-only institutional-anchor CMS provider geocode correction: same-city heuristic candidate 37021 was contradicted by exact Census geographies address match to  () for provider 343025 fiscal year 2023. Non-exact conflicts and context-only rows remain under review; no production promotion.,/Users/coryseidel/PersonalProjects/IdeaTests/LandInvest/output/institutional_anchor_provider_geocode_same_city_review_packet.csv,same_city_census_exact_conflict_corrected,2026-06-04T14:47:57.816504+00:00,CAREPARTNERS REHAB HOSPITAL,NC,ASHEVILLE,28803,68 SWEETEN CREEK ROAD,37021,"Buncombe County, North Carolina",unresolved_after_census_batch,,,,external_or_manual_geocode_required,held_or_rejected,not_strict_conflict_correction_candidate; not_same_city_census_conflict_status; census_match_status_not_match; census_match_type_not_exact; not_provider_original_attempt; census_fips_not_in_county_lookup; census_confidence_below_0_93; census_score_below_0_97; missing_census_matched_address; matched_address_missing_provider_zip5; matched_address_missing_number,False
212002,2024,assign_county,,,,Accepted report-only institutional-anchor CMS provider geocode correction: same-city heuristic candidate 24043 was contradicted by exact Census geographies address match to  () for provider 212002 fiscal year 2024. Non-exact conflicts and context-only rows remain under review; no production promotion.,/Users/coryseidel/PersonalProjects/IdeaTests/LandInvest/output/institutional_anchor_provider_geocode_same_city_review_packet.csv,same_city_census_exact_conflict_corrected,2026-06-04T14:47:57.816504+00:00,WESTERN MARYLAND HOSPITAL CENTER,MD,HAGERSTOWN,21740,1500 PENNSYLVANIA AVENUE,24043,"Washington County, Maryland",unresolved_after_census_batch,,,,external_or_manual_geocode_required,held_or_rejected,not_strict_conflict_correction_candidate; not_same_city_census_conflict_status; census_match_status_not_match; census_match_type_not_exact; not_provider_original_attempt; census_fips_not_in_county_lookup; census_confidence_below_0_93; census_score_below_0_97; missing_census_matched_address; matched_address_missing_provider_zip5; matched_address_missing_number,False
190044,2023,assign_county,,,,Accepted report-only institutional-anchor CMS provider geocode correction: same-city heuristic candidate 22001 was contradicted by exact Census geographies address match to  () for provider 190044 fiscal year 2023. Non-exact conflicts and context-only rows remain under review; no production promotion.,/Users/coryseidel/PersonalProjects/IdeaTests/LandInvest/output/institutional_anchor_provider_geocode_same_city_review_packet.csv,same_city_census_exact_conflict_corrected,2026-06-04T14:47:57.816504+00:00,ACADIA GENERAL HOSPITAL,LA,CROWLEY,70526,190044,22001,"Acadia Parish, Louisiana",unresolved_after_census_batch,,,,external_or_manual_geocode_required,held_or_rejected,not_strict_conflict_correction_candidate; not_same_city_census_conflict_status; census_match_status_not_match; census_match_type_not_exact; not_provider_original_attempt; census_fips_not_in_county_lookup; census_confidence_below_0_93; census_score_below_0_97; missing_census_matched_address; matched_address_missing_provider_zip5; matched_address_missing_number,False
670112,2024,assign_county,,,,Accepted report-only institutional-anchor CMS provider geocode correction: same-city heuristic candidate 48029 was contradicted by exact Census geographies address match to  () for provider 670112 fiscal year 2024. Non-exact conflicts and context-only rows remain under review; no production promotion.,/Users/coryseidel/PersonalProjects/IdeaTests/LandInvest/output/institutional_anchor_provider_geocode_same_city_review_packet.csv,same_city_census_exact_conflict_corrected,2026-06-04T14:47:57.816504+00:00,CUMBERLAND SURGICAL HOSPITAL,TX,SAN ANTONIO,78249,5330 NORTH LOOP 1604 WEST,48029,"Bexar County, Texas",unresolved_after_census_batch,,,,external_or_manual_geocode_required,held_or_rejected,not_strict_conflict_correction_candidate; not_same_city_census_conflict_status; census_match_status_not_match; census_match_type_not_exact; not_provider_original_attempt; census_fips_not_in_county_lookup; census_confidence_below_0_93; census_score_below_0_97; missing_census_matched_address; matched_address_missing_provider_zip5; matched_address_missing_number,False
103052,2023,assign_county,,,,Accepted report-only institutional-anchor CMS provider geocode correction: same-city heuristic candidate 12031 was contradicted by exact Census geographies address match to  () for provider 103052 fiscal year 2023. Non-exact conflicts and context-only rows remain under review; no production promotion.,/Users/coryseidel/PersonalProjects/IdeaTests/LandInvest/output/institutional_anchor_provider_geocode_same_city_review_packet.csv,same_city_census_exact_conflict_corrected,2026-06-04T14:47:57.816504+00:00,ENCOMPASS HEALTH REHABILITATION HOSP,FL,JACKSONVILLE,32256,11595 BURNT MILL ROAD,12031,"Duval County, Florida",unresolved_after_census_batch,,,,external_or_manual_geocode_required,held_or_rejected,not_strict_conflict_correction_candidate; not_same_city_census_conflict_status; census_match_status_not_match; census_match_type_not_exact; not_provider_original_attempt; census_fips_not_in_county_lookup; census_confidence_below_0_93; census_score_below_0_97; missing_census_matched_address; matched_address_missing_provider_zip5; matched_address_missing_number,False
670265,2024,assign_county,,,,Accepted report-only institutional-anchor CMS provider geocode correction: same-city heuristic candidate 48121 was contradicted by exact Census geographies address match to  () for provider 670265 fiscal year 2024. Non-exact conflicts and context-only rows remain under review; no production promotion.,/Users/coryseidel/PersonalProjects/IdeaTests/LandInvest/output/institutional_anchor_provider_geocode_same_city_review_packet.csv,same_city_census_exact_conflict_corrected,2026-06-04T14:47:57.816504+00:00,LEGENT ORTHOPEDIC HOSPITAL CARROLLTO,TX,CARROLLTON,75007,1401 EAST TRINITY MILLS ROAD,48121,"Denton County, Texas",unresolved_after_census_batch,,,,external_or_manual_geocode_required,held_or_rejected,not_strict_conflict_correction_candidate; not_same_city_census_conflict_status; census_match_status_not_match; census_match_type_not_exact; not_provider_original_attempt; census_fips_not_in_county_lookup; census_confidence_below_0_93; census_score_below_0_97; missing_census_matched_address; matched_address_missing_provider_zip5; matched_address_missing_number,False
054149,2024,assign_county,,,,Accepted report-only institutional-anchor CMS provider geocode correction: same-city heuristic candidate 06001 was contradicted by exact Census geographies address match to  () for provider 054149 fiscal year 2024. Non-exact conflicts and context-only rows remain under review; no production promotion.,/Users/coryseidel/PersonalProjects/IdeaTests/LandInvest/output/institutional_anchor_provider_geocode_same_city_review_packet.csv,same_city_census_exact_conflict_corrected,2026-06-04T14:47:57.816504+00:00,WILLOW ROCK CENTER,CA,SAN LEANDRO,94578,22050 FAIRMONT DRIVE,06001,"Alameda County, California",unresolved_after_census_batch,,,,external_or_manual_geocode_required,held_or_rejected,not_strict_conflict_correction_candidate; not_same_city_census_conflict_status; census_match_status_not_match; census_match_type_not_exact; not_provider_original_attempt; census_fips_not_in_county_lookup; census_confidence_below_0_93; census_score_below_0_97; missing_census_matched_address; matched_address_missing_provider_zip5; matched_address_missing_number,False
213300,2024,assign_county,,,,Accepted report-only institutional-anchor CMS provider geocode correction: same-city heuristic candidate 24005 was contradicted by exact Census geographies address match to  () for provider 213300 fiscal year 2024. Non-exact conflicts and context-only rows remain under review; no production promotion.,/Users/coryseidel/PersonalProjects/IdeaTests/LandInvest/output/institutional_anchor_provider_geocode_same_city_review_packet.csv,same_city_census_exact_conflict_corrected,2026-06-04T14:47:57.816504+00:00,MT WASHINGTON PEDIATRICS,MD,BALTIMORE,21209,1708 WEST ROGERS AVENUE,24005,"Baltimore County, Maryland",unresolved_after_census_batch,,,,external_or_manual_geocode_required,held_or_rejected,not_strict_conflict_correction_candidate; not_same_city_census_conflict_status; census_match_status_not_match; census_match_type_not_exact; not_provider_original_attempt; census_fips_not_in_county_lookup; census_confidence_below_0_93; census_score_below_0_97; missing_census_matched_address; matched_address_missing_provider_zip5; matched_address_missing_number,False
400016,2023,assign_county,,,,Accepted report-only institutional-anchor CMS provider geocode correction: same-city heuristic candidate 72127 was contradicted by exact Census geographies address match to  () for provider 400016 fiscal year 2023. Non-exact conflicts and context-only rows remain under review; no production promotion.,/Users/coryseidel/PersonalProjects/IdeaTests/LandInvest/output/institutional_anchor_provider_geocode_same_city_review_packet.csv,same_city_census_exact_conflict_corrected,2026-06-04T14:47:57.816504+00:00,AUXILIO MUTUO HOSPITAL,PR,SAN JUAN,00919,PONCE DE LEON,72127,San Juan Muno,unresolved_after_census_batch,,,,external_or_manual_geocode_required,held_or_rejected,not_strict_conflict_correction_candidate; not_same_city_census_conflict_status; census_match_status_not_match; census_match_type_not_exact; not_provider_original_attempt; census_fips_not_in_county_lookup; census_confidence_below_0_93; census_score_below_0_97; missing_census_matched_address; matched_address_missing_provider_zip5; provider_street_missing_number; matched_address_missing_number,False
400044,2023,assign_county,,,,Accepted report-only institutional-anchor CMS provider geocode correction: same-city heuristic candidate 72113 was contradicted by exact Census geographies address match to  () for provider 400044 fiscal year 2023. Non-exact conflicts and context-only rows remain under review; no production promotion.,/Users/coryseidel/PersonalProjects/IdeaTests/LandInvest/output/institutional_anchor_provider_geocode_same_city_review_packet.csv,same_city_census_exact_conflict_corrected,2026-06-04T14:47:57.816504+00:00,SAN LUCAS PONCE,PR,PONCE,00733,917 AVE TITO CASTRO,72113,Ponce Muno,unresolved_after_census_batch,,,,external_or_manual_geocode_required,held_or_rejected,not_strict_conflict_correction_candidate; not_same_city_census_conflict_status; census_match_status_not_match; census_match_type_not_exact; not_provider_original_attempt; census_fips_not_in_county_lookup; census_confidence_below_0_93; census_score_below_0_97; missing_census_matched_address; matched_address_missing_provider_zip5; matched_address_missing_number,False
400061,2024,assign_county,,,,Accepted report-only institutional-anchor CMS provider geocode correction: same-city heuristic candidate 72127 was contradicted by exact Census geographies address match to  () for provider 400061 fiscal year 2024. Non-exact conflicts and context-only rows remain under review; no production promotion.,/Users/coryseidel/PersonalProjects/IdeaTests/LandInvest/output/institutional_anchor_provider_geocode_same_city_review_packet.csv,same_city_census_exact_conflict_corrected,2026-06-04T14:47:57.816504+00:00,UNIVERSITY DISCTRICT HOSPITAL,PR,SAN JUAN,00922,BO. MONACILLO,72127,San Juan Muno,unresolved_after_census_batch,,,,external_or_manual_geocode_required,held_or_rejected,not_strict_conflict_correction_candidate; not_same_city_census_conflict_status; census_match_status_not_match; census_match_type_not_exact; not_provider_original_attempt; census_fips_not_in_county_lookup; census_confidence_below_0_93; census_score_below_0_97; missing_census_matched_address; matched_address_missing_provider_zip5; provider_street_missing_number; matched_address_missing_number,False
400014,2023,assign_county,,,,Accepted report-only institutional-anchor CMS provider geocode correction: same-city heuristic candidate 72097 was contradicted by exact Census geographies address match to  () for provider 400014 fiscal year 2023. Non-exact conflicts and context-only rows remain under review; no production promotion.,/Users/coryseidel/PersonalProjects/IdeaTests/LandInvest/output/institutional_anchor_provider_geocode_same_city_review_packet.csv,same_city_census_exact_conflict_corrected,2026-06-04T14:47:57.816504+00:00,HOSPITAL BELLA VISTA,PR,MAYAGUEZ,00680,349 KM 2.7,72097,Mayagüez Muno,unresolved_after_census_batch,,,,external_or_manual_geocode_required,held_or_rejected,not_strict_conflict_correction_candidate; not_same_city_census_conflict_status; census_match_status_not_match; census_match_type_not_exact; not_provider_original_attempt; census_fips_not_in_county_lookup; census_confidence_below_0_93; census_score_below_0_97; missing_census_matched_address; matched_address_missing_provider_zip5; matched_address_missing_number,False
400015,2024,assign_county,,,,Accepted report-only institutional-anchor CMS provider geocode correction: same-city heuristic candidate 72127 was contradicted by exact Census geographies address match to  () for provider 400015 fiscal year 2024. Non-exact conflicts and context-only rows remain under review; no production promotion.,/Users/coryseidel/PersonalProjects/IdeaTests/LandInvest/output/institutional_anchor_provider_geocode_same_city_review_packet.csv,same_city_census_exact_conflict_corrected,2026-06-04T14:47:57.816504+00:00,SAN JUAN MUNICIPAL HOSPITAL,PR,SAN JUAN,00928,RIO PIEDRAS STATION,72127,San Juan Muno,unresolved_after_census_batch,,,,external_or_manual_geocode_required,held_or_rejected,not_strict_conflict_correction_candidate; not_same_city_census_conflict_status; census_match_status_not_match; census_match_type_not_exact; not_provider_original_attempt; census_fips_not_in_county_lookup; census_confidence_below_0_93; census_score_below_0_97; missing_census_matched_address; matched_address_missing_provider_zip5; provider_street_missing_number; matched_address_missing_number,False
400098,2023,assign_county,,,,Accepted report-only institutional-anchor CMS provider geocode correction: same-city heuristic candidate 72127 was contradicted by exact Census geographies address match to  () for provider 400098 fiscal year 2023. Non-exact conflicts and context-only rows remain under review; no production promotion.,/Users/coryseidel/PersonalProjects/IdeaTests/LandInvest/output/institutional_anchor_provider_geocode_same_city_review_packet.csv,same_city_census_exact_conflict_corrected,2026-06-04T14:47:57.816504+00:00,HOSPITAL SAN FRANCISCO,PR,RIO PIEDRAS,00923,DE DIEGO AVE. #371,72127,San Juan Muno,unresolved_after_census_batch,,,,external_or_manual_geocode_required,held_or_rejected,not_strict_conflict_correction_candidate; not_same_city_census_conflict_status; census_match_status_not_match; census_match_type_not_exact; not_provider_original_attempt; census_fips_not_in_county_lookup; census_confidence_below_0_93; census_score_below_0_97; missing_census_matched_address; matched_address_missing_provider_zip5; matched_address_missing_number,False
400127,2024,assign_county,,,,Accepted report-only institutional-anchor CMS provider geocode correction: same-city heuristic candidate 72127 was contradicted by exact Census geographies address match to  () for provider 400127 fiscal year 2024. Non-exact conflicts and context-only rows remain under review; no production promotion.,/Users/coryseidel/PersonalProjects/IdeaTests/LandInvest/output/institutional_anchor_provider_geocode_same_city_review_packet.csv,same_city_census_exact_conflict_corrected,2026-06-04T14:47:57.816504+00:00,ADMIN DE SERVICIOS MEDICOS DE PR,PR,SAN JUAN,00922,CENTRO MEDICO,72127,San Juan Muno,unresolved_after_census_batch,,,,external_or_manual_geocode_required,held_or_rejected,not_strict_conflict_correction_candidate; not_same_city_census_conflict_status; census_match_status_not_match; census_match_type_not_exact; not_provider_original_attempt; census_fips_not_in_county_lookup; census_confidence_below_0_93; census_score_below_0_97; missing_census_matched_address; matched_address_missing_provider_zip5; provider_street_missing_number; matched_address_missing_number,False
400106,2023,assign_county,,,,Accepted report-only institutional-anchor CMS provider geocode correction: same-city heuristic candidate 72127 was contradicted by exact Census geographies address match to  () for provider 400106 fiscal year 2023. Non-exact conflicts and context-only rows remain under review; no production promotion.,/Users/coryseidel/PersonalProjects/IdeaTests/LandInvest/output/institutional_anchor_provider_geocode_same_city_review_packet.csv,same_city_census_exact_conflict_corrected,2026-06-04T14:47:57.816504+00:00,HOSPITAL METROPOLITANO,PR,RIO PIEDRAS,00922,21 #1785,72127,San Juan Muno,unresolved_after_census_batch,,,,external_or_manual_geocode_required,held_or_rejected,not_strict_conflict_correction_candidate; not_same_city_census_conflict_status; census_match_status_not_match; census_match_type_not_exact; not_provider_original_attempt; census_fips_not_in_county_lookup; census_confidence_below_0_93; census_score_below_0_97; missing_census_matched_address; matched_address_missing_provider_zip5; matched_address_missing_number,False
400022,2023,assign_county,,,,Accepted report-only institutional-anchor CMS provider geocode correction: same-city heuristic candidate 72113 was contradicted by exact Census geographies address match to  () for provider 400022 fiscal year 2023. Non-exact conflicts and context-only rows remain under review; no production promotion.,/Users/coryseidel/PersonalProjects/IdeaTests/LandInvest/output/institutional_anchor_provider_geocode_same_city_review_packet.csv,same_city_census_exact_conflict_corrected,2026-06-04T14:47:57.816504+00:00,HOSPITAL DAMAS,PR,PONCE,00717,2213 PONCE BY PASS,72113,Ponce Muno,unresolved_after_census_batch,,,,external_or_manual_geocode_required,held_or_rejected,not_strict_conflict_correction_candidate; not_same_city_census_conflict_status; census_match_status_not_match; census_match_type_not_exact; not_provider_original_attempt; census_fips_not_in_county_lookup; census_confidence_below_0_93; census_score_below_0_97; missing_census_matched_address; matched_address_missing_provider_zip5; matched_address_missing_number,False
224045,2023,assign_county,,,,Accepted report-only institutional-anchor CMS provider geocode correction: same-city heuristic candidate 25027 was contradicted by exact Census geographies address match to  () for provider 224045 fiscal year 2023. Non-exact conflicts and context-only rows remain under review; no production promotion.,/Users/coryseidel/PersonalProjects/IdeaTests/LandInvest/output/institutional_anchor_provider_geocode_same_city_review_packet.csv,same_city_census_exact_conflict_corrected,2026-06-04T14:47:57.816504+00:00,HOSPITAL FOR BEHAVIORAL MEDICINE,MA,WORCESTER,01606,100 CENTURY DR,25027,"Worcester County, Massachusetts",unresolved_after_census_batch,,,,external_or_manual_geocode_required,held_or_rejected,not_strict_conflict_correction_candidate; not_same_city_census_conflict_status; census_match_status_not_match; census_match_type_not_exact; not_provider_original_attempt; census_fips_not_in_county_lookup; census_confidence_below_0_93; census_score_below_0_97; missing_census_matched_address; matched_address_missing_provider_zip5; matched_address_missing_number,False
400006,2023,assign_county,,,,Accepted report-only institutional-anchor CMS provider geocode correction: same-city heuristic candidate 72127 was contradicted by exact Census geographies address match to  () for provider 400006 fiscal year 2023. Non-exact conflicts and context-only rows remain under review; no production promotion.,/Users/coryseidel/PersonalProjects/IdeaTests/LandInvest/output/institutional_anchor_provider_geocode_same_city_review_packet.csv,same_city_census_exact_conflict_corrected,2026-06-04T14:47:57.816504+00:00,DOCTORS CENTER HOSPITAL SAN JUAN I,PR,SAN JUAN,00910,1395 SAN RAFAEL ST. PDA. 20,72127,San Juan Muno,unresolved_after_census_batch,,,,external_or_manual_geocode_required,held_or_rejected,not_strict_conflict_correction_candidate; not_same_city_census_conflict_status; census_match_status_not_match; census_match_type_not_exact; not_provider_original_attempt; census_fips_not_in_county_lookup; census_confidence_below_0_93; census_score_below_0_97; missing_census_matched_address; matched_address_missing_provider_zip5; matched_address_missing_number,False
450874,2023,assign_county,,,,Accepted report-only institutional-anchor CMS provider geocode correction: same-city heuristic candidate 48113 was contradicted by exact Census geographies address match to  () for provider 450874 fiscal year 2023. Non-exact conflicts and context-only rows remain under review; no production promotion.,/Users/coryseidel/PersonalProjects/IdeaTests/LandInvest/output/institutional_anchor_provider_geocode_same_city_review_packet.csv,same_city_census_exact_conflict_corrected,2026-06-04T14:47:57.816504+00:00,BAYLOR SURGICAL HOSPITAL LAS COLINAS,TX,IRVING,75063,400 W I-635 SUITE 101,48113,"Dallas County, Texas",unresolved_after_census_batch,,,,external_or_manual_geocode_required,held_or_rejected,not_strict_conflict_correction_candidate; not_same_city_census_conflict_status; census_match_status_not_match; census_match_type_not_exact; not_provider_original_attempt; census_fips_not_in_county_lookup; census_confidence_below_0_93; census_score_below_0_97; missing_census_matched_address; matched_address_missing_provider_zip5; matched_address_missing_number,False
403301,2024,assign_county,,,,Accepted report-only institutional-anchor CMS provider geocode correction: same-city heuristic candidate 72127 was contradicted by exact Census geographies address match to  () for provider 403301 fiscal year 2024. Non-exact conflicts and context-only rows remain under review; no production promotion.,/Users/coryseidel/PersonalProjects/IdeaTests/LandInvest/output/institutional_anchor_provider_geocode_same_city_review_packet.csv,same_city_census_exact_conflict_corrected,2026-06-04T14:47:57.816504+00:00,UNIVERSITY PEDIATRIC HOSPITAL,PR,SAN JUAN,00910,PO BOX 191079,72127,San Juan Muno,unresolved_after_census_batch,,,,external_or_manual_geocode_required,held_or_rejected,not_strict_conflict_correction_candidate; not_same_city_census_conflict_status; census_match_status_not_match; census_match_type_not_exact; not_provider_original_attempt; census_fips_not_in_county_lookup; census_confidence_below_0_93; census_score_below_0_97; missing_census_matched_address; matched_address_missing_provider_zip5; matched_address_missing_number,False
