display_guarded_residual_rank,current_residual_rank,fips,county,state_abbr,investable_residual_model_score,preboom_classifier_score,total_population,emerging_market_depth_adequacy,wave3_net_support,preboom_prior_momentum_rank_pct,short_thesis,structural_summary
1,1.0,16013,"Blaine County, Idaho",ID,0.16769777982292364,0.43788584113811546,25261.0,0.8820062187108225,0.2427670979635803,0.4118600129617628,"Moderate quiet-breakout probability with high residual-upside magnitude. Prior momentum rank is 41.2%, inside the not-hot gate. Market-depth adequacy is high (0.882).",Wave 3 support is strong; structural brakes are moderate. Supports: scarcity/amenity balance is strong (0.778); optionality is strong (0.696); site-thesis support is strong (0.678). Brakes: no major structural brakes flagged.
2,2.0,42021,"Cambria County, Pennsylvania",PA,0.13399939265908967,0.7489723701278652,130108.0,0.7232553927732912,0.2175746866884713,0.027219701879455604,"High quiet-breakout probability with high residual-upside magnitude. Prior momentum rank is 2.7%, inside the not-hot gate. Market-depth adequacy is high (0.723).",Wave 3 support is moderate; structural brakes are light. Supports: fragility/support balance is strong (0.670); scarcity/amenity balance is moderate (0.648); optionality is moderate (0.629). Brakes: no major structural brakes flagged.
3,3.0,49051,"Wasatch County, Utah",UT,0.12230758698211594,0.2871854387179924,37858.0,0.9911226973974948,0.2444165878358268,0.3891769280622165,"Low quiet-breakout probability with high residual-upside magnitude. Prior momentum rank is 38.9%, inside the not-hot gate. Market-depth adequacy is high (0.991).",Wave 3 support is strong; structural brakes are moderate. Supports: scarcity/amenity balance is strong (0.845); fragility/support balance is strong (0.711); optionality is strong (0.693). Brakes: no major structural brakes flagged.
4,4.0,15001,"Hawaii County, Hawaii",HI,0.11862328280612894,0.13093600219592072,209790.0,0.6451353143769976,-0.0799222650257539,0.6082307193778353,"Low quiet-breakout probability with high residual-upside magnitude. Prior momentum rank is 60.8%, inside the not-hot gate. Market-depth adequacy is moderate (0.645).",Wave 3 support is moderate; structural brakes are moderate. Supports: scarcity/amenity balance is strong (0.834); optionality is moderate (0.610). Brakes: constraint pressure is heavy (0.690); fragility pressure is heavy (0.679); constraint complexity is moderate (0.667).
5,5.0,47155,"Sevier County, Tennessee",TN,0.11450451659689465,0.47549005969819164,100184.0,0.7173491576175486,0.0121139803150394,0.2592352559948153,"High quiet-breakout probability with high residual-upside magnitude. Prior momentum rank is 25.9%, inside the not-hot gate. Market-depth adequacy is high (0.717).",Wave 3 support is moderate; structural brakes are moderate. Supports: scarcity/amenity balance is strong (0.710); optionality is moderate (0.635). Brakes: constraint pressure is moderate (0.616); fragility pressure is moderate (0.605); constraint complexity is moderate (0.599).
6,6.0,13111,"Fannin County, Georgia",GA,0.10492077011302237,0.4625671587653743,25854.0,0.8645224542161983,0.169642895904289,0.19604666234607906,"High quiet-breakout probability with high residual-upside magnitude. Prior momentum rank is 19.6%, inside the not-hot gate. Market-depth adequacy is high (0.865).",Wave 3 support is moderate; structural brakes are moderate. Supports: scarcity/amenity balance is strong (0.783); optionality is strong (0.674); site-thesis support is moderate (0.651). Brakes: no major structural brakes flagged.
7,10.0,37083,"Halifax County, North Carolina",NC,0.08524911617444843,0.36535249380811596,46992.0,0.9907049784879028,-0.1476134558966139,0.5463383020090732,"Moderate quiet-breakout probability with high residual-upside magnitude. Prior momentum rank is 54.6%, inside the not-hot gate. Market-depth adequacy is high (0.991).",Wave 3 support is moderate; structural brakes are moderate. Supports: no major structural supports flagged. Brakes: wetlands constraint is heavy (0.676); constraint pressure is moderate (0.571); constraint complexity is moderate (0.564).
8,12.0,36005,"Bronx County, New York",NY,0.08324619715377789,0.6565326175685305,1384724.0,0.5226789064034656,0.1960292613429747,0.03240440699935191,"High quiet-breakout probability with high residual-upside magnitude. Prior momentum rank is 3.2%, inside the not-hot gate. Market-depth adequacy is moderate (0.523).",Wave 3 support is strong; structural brakes are moderate. Supports: site-thesis support is strong (0.736); scarcity/amenity balance is strong (0.735); fragility/support balance is strong (0.722). Brakes: wetlands constraint is moderate (0.604).
9,13.0,24001,"Allegany County, Maryland",MD,0.08274581667492621,0.6016044434441595,67097.0,0.8820301887480312,0.1435444898070478,0.339598185353208,"High quiet-breakout probability with high residual-upside magnitude. Prior momentum rank is 34.0%, inside the not-hot gate. Market-depth adequacy is high (0.882).",Wave 3 support is moderate; structural brakes are moderate. Supports: optionality is moderate (0.616). Brakes: no major structural brakes flagged.
10,14.0,50015,"Lamoille County, Vermont",VT,0.08248798885485613,0.4778833907137474,26248.0,0.8758815164371483,0.0116142810719008,0.313350615683733,"High quiet-breakout probability with high residual-upside magnitude. Prior momentum rank is 31.3%, inside the not-hot gate. Market-depth adequacy is high (0.876).",Wave 3 support is moderate; structural brakes are moderate. Supports: no major structural supports flagged. Brakes: constraint pressure is heavy (0.720); wetlands constraint is moderate (0.568).
11,15.0,42083,"McKean County, Pennsylvania",PA,0.08152082970254258,0.6764076678438742,39478.0,0.8965249816462688,0.1575542554258862,0.1743357096565133,"High quiet-breakout probability with high residual-upside magnitude. Prior momentum rank is 17.4%, inside the not-hot gate. Market-depth adequacy is high (0.897).",Wave 3 support is moderate; structural brakes are moderate. Supports: scarcity/amenity balance is strong (0.672); optionality is moderate (0.636); fragility/support balance is moderate (0.603). Brakes: constraint pressure is moderate (0.617).
12,16.0,49043,"Summit County, Utah",UT,0.0813276581202832,0.32156074312578353,43109.0,0.8807665586497403,0.0195395520175373,0.4073233959818535,"Moderate quiet-breakout probability with high residual-upside magnitude. Prior momentum rank is 40.7%, inside the not-hot gate. Market-depth adequacy is high (0.881).",Wave 3 support is moderate; structural brakes are moderate. Supports: scarcity/amenity balance is strong (0.726); optionality is moderate (0.600). Brakes: constraint pressure is moderate (0.639); constraint complexity is moderate (0.556).
13,18.0,54077,"Preston County, West Virginia",WV,0.0811118354976796,0.06987935430390163,34055.0,0.8101796795506984,0.0526339507401142,0.6655865197666883,"Low quiet-breakout probability with high residual-upside magnitude. Prior momentum rank is 66.6%, inside the not-hot gate. Market-depth adequacy is high (0.810).",Wave 3 support is moderate; structural brakes are moderate. Supports: no major structural supports flagged. Brakes: constraint pressure is moderate (0.567).
14,20.0,04003,"Cochise County, Arizona",AZ,0.07879535554391404,0.30913028622535604,125773.0,0.7309274673160532,0.1371032178972209,0.31399870382372,"Low quiet-breakout probability with high residual-upside magnitude. Prior momentum rank is 31.4%, inside the not-hot gate. Market-depth adequacy is high (0.731).",Wave 3 support is moderate; structural brakes are moderate. Supports: optionality is strong (0.690); site-thesis support is moderate (0.638). Brakes: fragility pressure is moderate (0.610).
15,21.0,42097,"Northumberland County, Pennsylvania",PA,0.07709475999135193,0.550743378960796,90027.0,0.8128246620345736,0.1289845661824599,0.2427090084251458,"High quiet-breakout probability with high residual-upside magnitude. Prior momentum rank is 24.3%, inside the not-hot gate. Market-depth adequacy is high (0.813).",Wave 3 support is moderate; structural brakes are moderate. Supports: scarcity/amenity balance is strong (0.694); optionality is moderate (0.657); fragility/support balance is moderate (0.626). Brakes: fragility pressure is moderate (0.557).
16,24.0,17199,"Williamson County, Illinois",IL,0.07390034148512716,0.41582068146465545,67064.0,0.8713118401279016,0.074210726683256,0.3233959818535321,"Moderate quiet-breakout probability with high residual-upside magnitude. Prior momentum rank is 32.3%, inside the not-hot gate. Market-depth adequacy is high (0.871).",Wave 3 support is moderate; structural brakes are moderate. Supports: scarcity/amenity balance is strong (0.826); optionality is moderate (0.641); site-thesis support is moderate (0.620). Brakes: wetlands constraint is moderate (0.658); constraint pressure is moderate (0.570).
17,25.0,22101,"St. Mary Parish, Louisiana",LA,0.07383222570206456,0.7407139231592521,46799.0,0.9765860629757497,-0.2814415363563649,0.12410887880751782,"High quiet-breakout probability with high residual-upside magnitude. Prior momentum rank is 12.4%, inside the not-hot gate. Market-depth adequacy is high (0.977).",Wave 3 support is moderate; structural brakes are heavy. Supports: scarcity/amenity balance is moderate (0.641). Brakes: wetlands constraint is heavy (0.978); fragility pressure is heavy (0.773); constraint complexity is moderate (0.647).
18,26.0,17077,"Jackson County, Illinois",IL,0.07344225136870162,0.26652077522526585,53199.0,0.9824112027994387,-0.0344955123471178,0.28418664938431626,"Low quiet-breakout probability with high residual-upside magnitude. Prior momentum rank is 28.4%, inside the not-hot gate. Market-depth adequacy is high (0.982).",Wave 3 support is moderate; structural brakes are moderate. Supports: scarcity/amenity balance is strong (0.756). Brakes: wetlands constraint is moderate (0.659); constraint pressure is moderate (0.609); constraint complexity is moderate (0.567).
19,28.0,42031,"Clarion County, Pennsylvania",PA,0.07289087592496318,0.6118032550508549,36855.0,0.881085089711573,0.2171597191795655,0.2375243033052495,"High quiet-breakout probability with high residual-upside magnitude. Prior momentum rank is 23.8%, inside the not-hot gate. Market-depth adequacy is high (0.881).",Wave 3 support is moderate; structural brakes are moderate. Supports: scarcity/amenity balance is strong (0.707); fragility/support balance is moderate (0.660); optionality is moderate (0.638). Brakes: constraint pressure is moderate (0.576).
20,30.0,42013,"Blair County, Pennsylvania",PA,0.07121975958131155,0.536002333664391,120269.0,0.7299763963326438,0.1902300265410224,0.19248217757615035,"High quiet-breakout probability with high residual-upside magnitude. Prior momentum rank is 19.2%, inside the not-hot gate. Market-depth adequacy is high (0.730).",Wave 3 support is moderate; structural brakes are light. Supports: optionality is moderate (0.642); fragility/support balance is moderate (0.610). Brakes: no major structural brakes flagged.
21,31.0,24510,"Baltimore city, Maryland",MD,0.06978659042838646,0.6904100114560183,568271.0,0.5221202771354487,0.285614313956667,0.29261179520414776,"High quiet-breakout probability with high residual-upside magnitude. Prior momentum rank is 29.3%, inside the not-hot gate. Market-depth adequacy is moderate (0.522).",Wave 3 support is strong; structural brakes are light. Supports: fragility/support balance is strong (0.769); scarcity/amenity balance is strong (0.696); optionality is moderate (0.666). Brakes: no major structural brakes flagged.
22,36.0,17057,"Fulton County, Illinois",IL,0.0669043562056529,0.35073788124961114,32510.0,0.8328593547447791,0.0549042501047255,0.11795204147764096,"Moderate quiet-breakout probability with high residual-upside magnitude. Prior momentum rank is 11.8%, inside the not-hot gate. Market-depth adequacy is high (0.833).",Wave 3 support is moderate; structural brakes are moderate. Supports: optionality is moderate (0.628); scarcity/amenity balance is moderate (0.613). Brakes: constraint pressure is moderate (0.571).
23,37.0,39145,"Scioto County, Ohio",OH,0.06599218595762471,0.07826385435278481,71798.0,0.8706749612181329,0.0752376927319545,0.7171095268956578,"Low quiet-breakout probability with high residual-upside magnitude. Prior momentum rank is 71.7%, inside the not-hot gate. Market-depth adequacy is high (0.871).",Wave 3 support is moderate; structural brakes are moderate. Supports: scarcity/amenity balance is strong (0.689); optionality is moderate (0.664); site-thesis support is moderate (0.600). Brakes: constraint pressure is moderate (0.631).
24,38.0,36031,"Essex County, New York",NY,0.0657072347805,0.04644297161148486,36744.0,0.9606014305615008,0.0367271755012363,0.6723914452365521,"Low quiet-breakout probability with high residual-upside magnitude. Prior momentum rank is 67.2%, inside the not-hot gate. Market-depth adequacy is high (0.961).",Wave 3 support is moderate; structural brakes are moderate. Supports: scarcity/amenity balance is strong (0.872); site-thesis support is moderate (0.634). Brakes: constraint pressure is heavy (0.684); wetlands constraint is heavy (0.675); constraint complexity is moderate (0.560).
25,39.0,42033,"Clearfield County, Pennsylvania",PA,0.06547665138202631,0.6963546423958137,78132.0,0.8299693585813452,0.1950322113039113,0.04115359688917693,"High quiet-breakout probability with high residual-upside magnitude. Prior momentum rank is 4.1%, inside the not-hot gate. Market-depth adequacy is high (0.830).",Wave 3 support is moderate; structural brakes are moderate. Supports: scarcity/amenity balance is strong (0.697); optionality is moderate (0.635); fragility/support balance is moderate (0.613). Brakes: constraint pressure is moderate (0.552).
26,40.0,39087,"Lawrence County, Ohio",OH,0.0652758443212466,0.5967492568782681,55829.0,0.9567717436245275,0.1704154739379719,0.38107582631237846,"High quiet-breakout probability with high residual-upside magnitude. Prior momentum rank is 38.1%, inside the not-hot gate. Market-depth adequacy is high (0.957).",Wave 3 support is moderate; structural brakes are moderate. Supports: optionality is strong (0.680); scarcity/amenity balance is strong (0.670); site-thesis support is moderate (0.631). Brakes: constraint pressure is moderate (0.565).
27,42.0,05051,"Garland County, Arkansas",AR,0.06420591988454462,0.025319561528721366,99902.0,0.7493536771666963,0.0665439385118917,0.6357744653272845,"Low quiet-breakout probability with high residual-upside magnitude. Prior momentum rank is 63.6%, inside the not-hot gate. Market-depth adequacy is high (0.749).",Wave 3 support is moderate; structural brakes are moderate. Supports: scarcity/amenity balance is strong (0.808); optionality is moderate (0.658); site-thesis support is moderate (0.647). Brakes: wetlands constraint is moderate (0.601); fragility pressure is moderate (0.559); constraint complexity is moderate (0.551).
28,43.0,29169,"Pulaski County, Missouri",MO,0.06420394984961209,0.04923671891832949,53964.0,0.9895459745332729,0.0157730866765439,0.7310434219053791,"Low quiet-breakout probability with high residual-upside magnitude. Prior momentum rank is 73.1%, inside the not-hot gate. Market-depth adequacy is high (0.990).",Wave 3 support is moderate; structural brakes are moderate. Supports: no major structural supports flagged. Brakes: constraint pressure is moderate (0.561); constraint complexity is moderate (0.557).
29,46.0,54045,"Logan County, West Virginia",WV,0.06272454553443446,0.049582883004297786,30560.0,0.7894596216602915,0.3244033719454326,0.7232663642255347,"Low quiet-breakout probability with high residual-upside magnitude. Prior momentum rank is 72.3%, inside the not-hot gate. Market-depth adequacy is high (0.789).",Wave 3 support is moderate; structural brakes are light. Supports: fragility/support balance is strong (0.711); optionality is strong (0.674); developability is moderate (0.648). Brakes: no major structural brakes flagged.
30,47.0,36033,"Franklin County, New York",NY,0.06217913682746574,0.6128122142810378,47086.0,0.945938720848503,-0.0104118839109976,0.49546338302009074,"High quiet-breakout probability with high residual-upside magnitude. Prior momentum rank is 49.5%, inside the not-hot gate. Market-depth adequacy is high (0.946).",Wave 3 support is moderate; structural brakes are moderate. Supports: scarcity/amenity balance is strong (0.817); site-thesis support is moderate (0.607). Brakes: constraint pressure is heavy (0.721); wetlands constraint is heavy (0.708); constraint complexity is moderate (0.566).
31,48.0,02020,"Anchorage Municipality, Alaska",AK,0.06213842973851086,0.4775466628325494,289600.0,0.5938163330077948,0.2361525037791313,0.35029163966299415,"High quiet-breakout probability with high residual-upside magnitude. Prior momentum rank is 35.0%, inside the not-hot gate. Market-depth adequacy is moderate (0.594).",Wave 3 support is strong; structural brakes are moderate. Supports: scarcity/amenity balance is strong (0.906); fragility/support balance is strong (0.712); optionality is strong (0.701). Brakes: fragility pressure is moderate (0.618).
32,49.0,54029,"Hancock County, West Virginia",WV,0.061869976144951815,0.2945894989755735,28054.0,0.7960581174866075,0.2029615983162467,0.44134802333117307,"Low quiet-breakout probability with high residual-upside magnitude. Prior momentum rank is 44.1%, inside the not-hot gate. Market-depth adequacy is high (0.796).",Wave 3 support is moderate; structural brakes are moderate. Supports: fragility/support balance is strong (0.738); scarcity/amenity balance is strong (0.711); optionality is strong (0.676). Brakes: wetlands constraint is moderate (0.579).
33,50.0,29029,"Camden County, Missouri",MO,0.06176221288510609,0.5591235245458869,44135.0,0.8912146565192852,0.0066626553790813,0.17368762151652625,"High quiet-breakout probability with high residual-upside magnitude. Prior momentum rank is 17.4%, inside the not-hot gate. Market-depth adequacy is high (0.891).",Wave 3 support is moderate; structural brakes are moderate. Supports: optionality is moderate (0.617). Brakes: wetlands constraint is moderate (0.616).
34,51.0,29213,"Taney County, Missouri",MO,0.0616029348455979,0.34026694200033386,56744.0,0.8753635493661502,0.1728580094689453,0.5038885288399222,"Moderate quiet-breakout probability with high residual-upside magnitude. Prior momentum rank is 50.4%, inside the not-hot gate. Market-depth adequacy is high (0.875).",Wave 3 support is moderate; structural brakes are moderate. Supports: scarcity/amenity balance is strong (0.808); optionality is strong (0.682); fragility/support balance is moderate (0.638). Brakes: no major structural brakes flagged.
35,55.0,40031,"Comanche County, Oklahoma",OK,0.06063090651291213,0.42373704211334234,121396.0,0.7379277039443354,-0.0099272137628367,0.5307841866493843,"Moderate quiet-breakout probability with high residual-upside magnitude. Prior momentum rank is 53.1%, inside the not-hot gate. Market-depth adequacy is high (0.738).",Wave 3 support is moderate; structural brakes are moderate. Supports: optionality is moderate (0.641). Brakes: fragility pressure is moderate (0.667).
36,57.0,17183,"Vermilion County, Illinois",IL,0.060568712325151666,0.1818823332706744,71106.0,0.8827400470018691,0.1165214957972939,0.41963707064160727,"Low quiet-breakout probability with high residual-upside magnitude. Prior momentum rank is 42.0%, inside the not-hot gate. Market-depth adequacy is high (0.883).",Wave 3 support is moderate; structural brakes are light. Supports: no major structural supports flagged. Brakes: no major structural brakes flagged.
37,61.0,05125,"Saline County, Arkansas",AR,0.059548046016825285,0.22747563252037126,131252.0,0.7244514659686107,-0.0371487834972856,0.355800388852884,"Low quiet-breakout probability with high residual-upside magnitude. Prior momentum rank is 35.6%, inside the not-hot gate. Market-depth adequacy is high (0.724).",Wave 3 support is moderate; structural brakes are moderate. Supports: no major structural supports flagged. Brakes: fragility pressure is moderate (0.589).
38,63.0,02170,"Matanuska-Susitna Borough, Alaska",AK,0.05832994393322873,0.27384908007555375,117613.0,0.7429902913525154,0.2582476090563238,0.31270252754374595,"Low quiet-breakout probability with high residual-upside magnitude. Prior momentum rank is 31.3%, inside the not-hot gate. Market-depth adequacy is high (0.743).",Wave 3 support is strong; structural brakes are moderate. Supports: scarcity/amenity balance is strong (0.784); optionality is strong (0.726); fragility/support balance is strong (0.713). Brakes: no major structural brakes flagged.
39,65.0,54049,"Marion County, West Virginia",WV,0.0571353022559442,0.40641439486119324,55649.0,0.9342218773100395,0.207997791296489,0.3833441348023331,"Moderate quiet-breakout probability with high residual-upside magnitude. Prior momentum rank is 38.3%, inside the not-hot gate. Market-depth adequacy is high (0.934).",Wave 3 support is moderate; structural brakes are light. Supports: fragility/support balance is moderate (0.665); optionality is moderate (0.634). Brakes: no major structural brakes flagged.
40,66.0,17095,"Knox County, Illinois",IL,0.05630278998644224,0.3196941628385575,48716.0,0.9891577967214756,0.1029681668016586,0.1561892417368762,"Moderate quiet-breakout probability with high residual-upside magnitude. Prior momentum rank is 15.6%, inside the not-hot gate. Market-depth adequacy is high (0.989).",Wave 3 support is moderate; structural brakes are moderate. Supports: no major structural supports flagged. Brakes: no major structural brakes flagged.
41,67.0,42065,"Jefferson County, Pennsylvania",PA,0.056289584016789476,0.4809176985368864,43367.0,0.9768408868835001,0.10344321825676,0.10661049902786779,"High quiet-breakout probability with high residual-upside magnitude. Prior momentum rank is 10.7%, inside the not-hot gate. Market-depth adequacy is high (0.977).",Wave 3 support is moderate; structural brakes are moderate. Supports: no major structural supports flagged. Brakes: constraint pressure is moderate (0.650).
42,68.0,42121,"Venango County, Pennsylvania",PA,0.05595763258770774,0.5264035178521966,49476.0,0.9846990702029416,0.1634900329855637,0.46014257939079717,"High quiet-breakout probability with high residual-upside magnitude. Prior momentum rank is 46.0%, inside the not-hot gate. Market-depth adequacy is high (0.985).",Wave 3 support is moderate; structural brakes are moderate. Supports: scarcity/amenity balance is moderate (0.667); fragility/support balance is moderate (0.639); optionality is moderate (0.624). Brakes: constraint pressure is moderate (0.600).
43,69.0,05033,"Crawford County, Arkansas",AR,0.055566583686347294,0.3214549997782239,62258.0,0.9040661903527161,0.048359313090816,0.42482177576150354,"Moderate quiet-breakout probability with high residual-upside magnitude. Prior momentum rank is 42.5%, inside the not-hot gate. Market-depth adequacy is high (0.904).",Wave 3 support is moderate; structural brakes are moderate. Supports: scarcity/amenity balance is strong (0.748); optionality is moderate (0.627). Brakes: fragility pressure is moderate (0.592).
44,70.0,51167,"Russell County, Virginia",VA,0.055494874876193846,0.20875291237800833,25420.0,0.7085678311506589,0.0872665207776771,0.48768632534024625,"Low quiet-breakout probability with high residual-upside magnitude. Prior momentum rank is 48.8%, inside the not-hot gate. Market-depth adequacy is high (0.709).",Wave 3 support is moderate; structural brakes are moderate. Supports: optionality is moderate (0.625). Brakes: no major structural brakes flagged.
45,71.0,42073,"Lawrence County, Pennsylvania",PA,0.05533056145036735,0.28525963790074194,84233.0,0.8110838253892846,0.1400452535909302,0.5777705767984446,"Low quiet-breakout probability with high residual-upside magnitude. Prior momentum rank is 57.8%, inside the not-hot gate. Market-depth adequacy is high (0.811).",Wave 3 support is moderate; structural brakes are moderate. Supports: fragility/support balance is moderate (0.632); optionality is moderate (0.618). Brakes: no major structural brakes flagged.
46,72.0,32005,"Douglas County, Nevada",NV,0.055001225043372855,0.22800087219364035,49564.0,0.9191140249977642,-0.0848973959750294,0.13026571613739468,"Low quiet-breakout probability with high residual-upside magnitude. Prior momentum rank is 13.0%, inside the not-hot gate. Market-depth adequacy is high (0.919).",Wave 3 support is moderate; structural brakes are moderate. Supports: scarcity/amenity balance is strong (0.824). Brakes: wetlands constraint is moderate (0.665); constraint pressure is moderate (0.646); constraint complexity is moderate (0.639).
47,73.0,39081,"Jefferson County, Ohio",OH,0.054500227773831796,0.05345418761595418,63900.0,0.9001857677613752,0.1896801928174316,0.6824368114063513,"Low quiet-breakout probability with high residual-upside magnitude. Prior momentum rank is 68.2%, inside the not-hot gate. Market-depth adequacy is high (0.900).",Wave 3 support is moderate; structural brakes are light. Supports: fragility/support balance is moderate (0.669); optionality is moderate (0.653). Brakes: no major structural brakes flagged.
48,74.0,36089,"St. Lawrence County, New York",NY,0.05439409698073447,0.13803197576490778,106198.0,0.8212878029986572,0.025223597098926,0.6471160077770577,"Low quiet-breakout probability with high residual-upside magnitude. Prior momentum rank is 64.7%, inside the not-hot gate. Market-depth adequacy is high (0.821).",Wave 3 support is moderate; structural brakes are moderate. Supports: scarcity/amenity balance is strong (0.807). Brakes: wetlands constraint is heavy (0.721); constraint pressure is moderate (0.645).
49,75.0,24023,"Garrett County, Maryland",MD,0.053230314056611695,0.2953150129332741,28393.0,0.8904441987452876,0.0036465662757969,0.32274789371354506,"Low quiet-breakout probability with high residual-upside magnitude. Prior momentum rank is 32.3%, inside the not-hot gate. Market-depth adequacy is high (0.890).",Wave 3 support is moderate; structural brakes are moderate. Supports: no major structural supports flagged. Brakes: constraint pressure is heavy (0.674).
50,76.0,37123,"Montgomery County, North Carolina",NC,0.0532178911405223,0.025940268179309584,26364.0,0.7979060988404888,0.1384473716082285,0.7164614387556708,"Low quiet-breakout probability with high residual-upside magnitude. Prior momentum rank is 71.6%, inside the not-hot gate. Market-depth adequacy is high (0.798).",Wave 3 support is moderate; structural brakes are moderate. Supports: scarcity/amenity balance is strong (0.681); optionality is moderate (0.666); fragility/support balance is moderate (0.629). Brakes: no major structural brakes flagged.
51,78.0,39013,"Belmont County, Ohio",OH,0.051864908299534086,0.5909908151233977,64692.0,0.8860612888964715,0.0915763569846039,0.28548282566429034,"High quiet-breakout probability with high residual-upside magnitude. Prior momentum rank is 28.5%, inside the not-hot gate. Market-depth adequacy is high (0.886).",Wave 3 support is moderate; structural brakes are moderate. Supports: optionality is moderate (0.629). Brakes: constraint pressure is moderate (0.560).
52,79.0,26047,"Emmet County, Michigan",MI,0.050782592484642564,0.23509728270326158,33949.0,0.9764309178455082,0.1082598691361107,0.34348671419313026,"Low quiet-breakout probability with high residual-upside magnitude. Prior momentum rank is 34.3%, inside the not-hot gate. Market-depth adequacy is high (0.976).",Wave 3 support is moderate; structural brakes are moderate. Supports: fragility/support balance is strong (0.732); scarcity/amenity balance is moderate (0.643). Brakes: wetlands constraint is heavy (0.745); constraint pressure is moderate (0.612).
53,81.0,35005,"Chaves County, New Mexico",NM,0.050145571825169453,0.6477902509788129,63697.0,0.9129171771491311,0.3327727551676472,0.09202851587815943,"High quiet-breakout probability with high residual-upside magnitude. Prior momentum rank is 9.2%, inside the not-hot gate. Market-depth adequacy is high (0.913).",Wave 3 support is strong; structural brakes are light. Supports: optionality is strong (0.731); fragility/support balance is strong (0.718); site-thesis support is strong (0.715). Brakes: no major structural brakes flagged.
54,85.0,37153,"Richmond County, North Carolina",NC,0.048813567018669686,0.5668769701245444,41990.0,0.9573164812127898,-0.0921908018518161,0.41250810110174985,"High quiet-breakout probability with high residual-upside magnitude. Prior momentum rank is 41.3%, inside the not-hot gate. Market-depth adequacy is high (0.957).",Wave 3 support is moderate; structural brakes are moderate. Supports: scarcity/amenity balance is moderate (0.631). Brakes: wetlands constraint is moderate (0.638); fragility pressure is moderate (0.629); constraint complexity is moderate (0.585).
55,86.0,32019,"Lyon County, Nevada",NV,0.04878390043845124,0.36707221069680873,63718.0,0.899419403125107,0.1049467448694452,0.15780946208684382,"Moderate quiet-breakout probability with high residual-upside magnitude. Prior momentum rank is 15.8%, inside the not-hot gate. Market-depth adequacy is high (0.899).",Wave 3 support is moderate; structural brakes are moderate. Supports: scarcity/amenity balance is strong (0.793); optionality is moderate (0.660); site-thesis support is moderate (0.648). Brakes: constraint pressure is moderate (0.563).
56,90.0,42035,"Clinton County, Pennsylvania",PA,0.04818186707266986,0.32494525634507265,37865.0,0.9346375233448657,0.2331944522954054,0.3285806869734284,"Moderate quiet-breakout probability with high residual-upside magnitude. Prior momentum rank is 32.9%, inside the not-hot gate. Market-depth adequacy is high (0.935).",Wave 3 support is moderate; structural brakes are moderate. Supports: scarcity/amenity balance is strong (0.758); fragility/support balance is moderate (0.668); optionality is moderate (0.657). Brakes: constraint pressure is moderate (0.595).
57,91.0,36047,"Kings County, New York",NY,0.048125266696657565,0.43934571023548574,2617631.0,0.4780702053765269,0.0359194962228243,0.16753078418664938,"Moderate quiet-breakout probability with high residual-upside magnitude. Prior momentum rank is 16.8%, inside the not-hot gate. Market-depth adequacy is moderate (0.478).",Wave 3 support is moderate; structural brakes are moderate. Supports: scarcity/amenity balance is strong (0.745); site-thesis support is strong (0.719); optionality is moderate (0.624). Brakes: fragility pressure is heavy (0.721); wetlands constraint is moderate (0.615); constraint complexity is moderate (0.557).
58,92.0,36003,"Allegany County, New York",NY,0.04790195113843279,0.051696857844582535,47299.0,0.9438763657606708,-0.0175818429415159,0.712248865845755,"Low quiet-breakout probability with high residual-upside magnitude. Prior momentum rank is 71.2%, inside the not-hot gate. Market-depth adequacy is high (0.944).",Wave 3 support is moderate; structural brakes are moderate. Supports: no major structural supports flagged. Brakes: constraint pressure is heavy (0.681).
59,95.0,12021,"Collier County, Florida",FL,0.04685435602885603,0.040716210516311226,416233.0,0.5403108631071571,-0.1252469106733681,0.6850291639662994,"Low quiet-breakout probability with high residual-upside magnitude. Prior momentum rank is 68.5%, inside the not-hot gate. Market-depth adequacy is moderate (0.540).",Wave 3 support is moderate; structural brakes are heavy. Supports: scarcity/amenity balance is strong (0.904); site-thesis support is strong (0.733). Brakes: wetlands constraint is heavy (0.990); fragility pressure is heavy (0.784); constraint complexity is moderate (0.636).
60,96.0,21089,"Greenup County, Kentucky",KY,0.046580234866292335,0.6070180189424511,35273.0,0.8605672680066107,0.1234386357191276,0.48152948801036943,"High quiet-breakout probability with high residual-upside magnitude. Prior momentum rank is 48.2%, inside the not-hot gate. Market-depth adequacy is high (0.861).",Wave 3 support is moderate; structural brakes are moderate. Supports: optionality is moderate (0.616); fragility/support balance is moderate (0.612). Brakes: no major structural brakes flagged.
61,97.0,37191,"Wayne County, North Carolina",NC,0.04655064486977736,0.052315765927403446,120338.0,0.7318003636608839,-0.2035671830569631,0.6950745301360985,"Low quiet-breakout probability with high residual-upside magnitude. Prior momentum rank is 69.5%, inside the not-hot gate. Market-depth adequacy is high (0.732).",Wave 3 support is thin; structural brakes are moderate. Supports: no major structural supports flagged. Brakes: wetlands constraint is heavy (0.686); fragility pressure is moderate (0.564); constraint complexity is moderate (0.559).
62,99.0,35006,"Cibola County, New Mexico",NM,0.046460620074039935,0.6221271175240561,26686.0,0.649216955862457,0.1704649993789556,0.34996759559300067,"High quiet-breakout probability with high residual-upside magnitude. Prior momentum rank is 35.0%, inside the not-hot gate. Market-depth adequacy is moderate (0.649).",Wave 3 support is moderate; structural brakes are moderate. Supports: optionality is moderate (0.649); scarcity/amenity balance is moderate (0.647); site-thesis support is moderate (0.607). Brakes: fragility pressure is moderate (0.633).
63,100.0,54051,"Marshall County, West Virginia",WV,0.046106895285977695,0.3674900536340504,29354.0,0.8045617117078119,0.2290451887772691,0.1594296824368114,"Moderate quiet-breakout probability with high residual-upside magnitude. Prior momentum rank is 15.9%, inside the not-hot gate. Market-depth adequacy is high (0.805).",Wave 3 support is moderate; structural brakes are light. Supports: fragility/support balance is strong (0.726); optionality is strong (0.674). Brakes: no major structural brakes flagged.
64,,01015,"Calhoun County, Alabama",AL,0.04534830525240706,0.616311609162995,116427.0,0.7405342075641788,-0.0169398584301371,0.2031756318859365,"High quiet-breakout probability with high residual-upside magnitude. Prior momentum rank is 20.3%, inside the not-hot gate. Market-depth adequacy is high (0.741).",Wave 3 support is moderate; structural brakes are moderate. Supports: scarcity/amenity balance is strong (0.681). Brakes: fragility pressure is moderate (0.668); constraint complexity is moderate (0.588).
65,,28047,"Harrison County, Mississippi",MS,0.04495744983099883,0.41445093285293344,213730.0,0.6264813418668975,-0.1551248570725546,0.29909267660401817,"Moderate quiet-breakout probability with high residual-upside magnitude. Prior momentum rank is 29.9%, inside the not-hot gate. Market-depth adequacy is moderate (0.626).",Wave 3 support is moderate; structural brakes are heavy. Supports: scarcity/amenity balance is strong (0.834); site-thesis support is moderate (0.626); optionality is moderate (0.625). Brakes: wetlands constraint is heavy (0.920); fragility pressure is heavy (0.863); constraint complexity is moderate (0.648).
66,,13055,"Chattooga County, Georgia",GA,0.044373294625506626,0.2170902924963403,25306.0,0.6837326759562152,-0.1097755428933372,0.4014906027219702,"Low quiet-breakout probability with high residual-upside magnitude. Prior momentum rank is 40.1%, inside the not-hot gate. Market-depth adequacy is moderate (0.684).",Wave 3 support is moderate; structural brakes are moderate. Supports: no major structural supports flagged. Brakes: fragility pressure is heavy (0.688); constraint complexity is moderate (0.628); constraint pressure is moderate (0.588).
67,,02090,"Fairbanks North Star Borough, Alaska",AK,0.04387559988275746,0.3190869180863487,94951.0,0.7910343020226464,0.2097373554877659,0.152300712896954,"Moderate quiet-breakout probability with high residual-upside magnitude. Prior momentum rank is 15.2%, inside the not-hot gate. Market-depth adequacy is high (0.791).",Wave 3 support is moderate; structural brakes are moderate. Supports: scarcity/amenity balance is strong (0.709); fragility/support balance is strong (0.681); optionality is moderate (0.670). Brakes: no major structural brakes flagged.
68,,42101,"Philadelphia County, Pennsylvania",PA,0.04271974659059933,0.5919137267019516,1573916.0,0.47593339018978864,0.2983633005511744,0.27025275437459495,"High quiet-breakout probability with high residual-upside magnitude. Prior momentum rank is 27.0%, inside the not-hot gate. Market-depth adequacy is moderate (0.476).",Wave 3 support is strong; structural brakes are moderate. Supports: scarcity/amenity balance is strong (0.785); fragility/support balance is strong (0.775); site-thesis support is strong (0.722). Brakes: wetlands constraint is moderate (0.561).
69,,54099,"Wayne County, West Virginia",WV,0.04194816604949601,0.4981843185140421,37589.0,0.8627789812819942,0.2104214455858495,0.45366169799092676,"High quiet-breakout probability with high residual-upside magnitude. Prior momentum rank is 45.4%, inside the not-hot gate. Market-depth adequacy is high (0.863).",Wave 3 support is moderate; structural brakes are moderate. Supports: optionality is strong (0.696); scarcity/amenity balance is strong (0.693); fragility/support balance is moderate (0.630). Brakes: no major structural brakes flagged.
70,,12107,"Putnam County, Florida",FL,0.041705130355876044,0.4543114153664829,77301.0,0.8531457567684632,-0.2419399388494169,0.4128321451717434,"High quiet-breakout probability with high residual-upside magnitude. Prior momentum rank is 41.3%, inside the not-hot gate. Market-depth adequacy is high (0.853).",Wave 3 support is moderate; structural brakes are heavy. Supports: scarcity/amenity balance is strong (0.751); site-thesis support is moderate (0.605). Brakes: fragility pressure is heavy (0.866); wetlands constraint is heavy (0.794); constraint complexity is heavy (0.711).
71,,17163,"St. Clair County, Illinois",IL,0.03968514405346133,0.26739905701198197,251149.0,0.6097259822452998,-0.0135009269585805,0.36163318211276735,"Low quiet-breakout probability with high residual-upside magnitude. Prior momentum rank is 36.2%, inside the not-hot gate. Market-depth adequacy is moderate (0.610).",Wave 3 support is moderate; structural brakes are moderate. Supports: no major structural supports flagged. Brakes: wetlands constraint is moderate (0.620).
72,,17135,"Montgomery County, Illinois",IL,0.039513891299207286,0.3740646601355229,27615.0,0.7449008587659225,0.0599476267621332,0.18535320803629293,"Moderate quiet-breakout probability with high residual-upside magnitude. Prior momentum rank is 18.5%, inside the not-hot gate. Market-depth adequacy is high (0.745).",Wave 3 support is moderate; structural brakes are light. Supports: no major structural supports flagged. Brakes: no major structural brakes flagged.
73,,42127,"Wayne County, Pennsylvania",PA,0.03910881751238433,0.5628031284626142,51419.0,0.91740149550034,-0.0964565745341606,0.4471808165910564,"High quiet-breakout probability with high residual-upside magnitude. Prior momentum rank is 44.7%, inside the not-hot gate. Market-depth adequacy is high (0.917).",Wave 3 support is moderate; structural brakes are moderate. Supports: no major structural supports flagged. Brakes: constraint pressure is moderate (0.641); constraint complexity is moderate (0.600); wetlands constraint is moderate (0.564).
74,,21193,"Perry County, Kentucky",KY,0.03895488099174777,0.48424872761440835,26739.0,0.740238790397886,0.1424667447997377,0.21062864549578741,"High quiet-breakout probability with high residual-upside magnitude. Prior momentum rank is 21.1%, inside the not-hot gate. Market-depth adequacy is high (0.740).",Wave 3 support is moderate; structural brakes are light. Supports: optionality is moderate (0.645). Brakes: no major structural brakes flagged.
75,,23029,"Washington County, Maine",ME,0.038871111971553136,0.12452429416972395,31383.0,0.9029992556544153,-0.1944322941301954,0.6510045366169799,"Low quiet-breakout probability with high residual-upside magnitude. Prior momentum rank is 65.1%, inside the not-hot gate. Market-depth adequacy is high (0.903).",Wave 3 support is moderate; structural brakes are moderate. Supports: no major structural supports flagged. Brakes: wetlands constraint is heavy (0.913); constraint pressure is moderate (0.652); constraint complexity is moderate (0.583).
76,,47029,"Cocke County, Tennessee",TN,0.03884017352094188,0.37374851645307167,37596.0,0.8586791989463108,0.0557956952427177,0.4358392741412832,"Moderate quiet-breakout probability with high residual-upside magnitude. Prior momentum rank is 43.6%, inside the not-hot gate. Market-depth adequacy is high (0.859).",Wave 3 support is moderate; structural brakes are moderate. Supports: scarcity/amenity balance is strong (0.754); optionality is moderate (0.642). Brakes: fragility pressure is moderate (0.593).
77,,42129,"Westmoreland County, Pennsylvania",PA,0.03833524872031391,0.4692609542157036,350935.0,0.5684475145764284,0.2314038857268859,0.25534672715489304,"High quiet-breakout probability with high residual-upside magnitude. Prior momentum rank is 25.5%, inside the not-hot gate. Market-depth adequacy is moderate (0.568).",Wave 3 support is moderate; structural brakes are light. Supports: fragility/support balance is strong (0.684); optionality is moderate (0.668). Brakes: no major structural brakes flagged.
78,,42039,"Crawford County, Pennsylvania",PA,0.038305958829705576,0.505948760550316,82089.0,0.8190642448211709,-0.1826749218709842,0.19539857420609202,"High quiet-breakout probability with high residual-upside magnitude. Prior momentum rank is 19.5%, inside the not-hot gate. Market-depth adequacy is high (0.819).",Wave 3 support is moderate; structural brakes are moderate. Supports: no major structural supports flagged. Brakes: constraint pressure is heavy (0.676); wetlands constraint is moderate (0.669); constraint complexity is moderate (0.633).
79,,47115,"Marion County, Tennessee",TN,0.038021493410283665,0.019933618320994124,29826.0,0.8243625542334803,0.0744556860945935,0.6989630589760207,"Low quiet-breakout probability with high residual-upside magnitude. Prior momentum rank is 69.9%, inside the not-hot gate. Market-depth adequacy is high (0.824).",Wave 3 support is moderate; structural brakes are moderate. Supports: scarcity/amenity balance is moderate (0.657); optionality is moderate (0.644). Brakes: no major structural brakes flagged.
80,,05023,"Cleburne County, Arkansas",AR,0.03780086692301317,0.3037241343081864,25646.0,0.8013401262112261,0.1653515636136042,0.4854180168502916,"Low quiet-breakout probability with high residual-upside magnitude. Prior momentum rank is 48.5%, inside the not-hot gate. Market-depth adequacy is high (0.801).",Wave 3 support is moderate; structural brakes are moderate. Supports: fragility/support balance is strong (0.707); scarcity/amenity balance is strong (0.694); optionality is strong (0.685). Brakes: wetlands constraint is moderate (0.594).
81,,37111,"McDowell County, North Carolina",NC,0.03754825724527424,0.41990520112832097,45269.0,0.9946298732084097,0.1054820941635827,0.4630589760207388,"Moderate quiet-breakout probability with high residual-upside magnitude. Prior momentum rank is 46.3%, inside the not-hot gate. Market-depth adequacy is high (0.995).",Wave 3 support is moderate; structural brakes are moderate. Supports: scarcity/amenity balance is strong (0.710); optionality is moderate (0.660); site-thesis support is moderate (0.612). Brakes: constraint pressure is moderate (0.574).
82,,46103,"Pennington County, South Dakota",SD,0.037354658603426266,0.051157777508255044,115979.0,0.7134108873020693,0.1552710101644525,0.659753726506805,"Low quiet-breakout probability with high residual-upside magnitude. Prior momentum rank is 66.0%, inside the not-hot gate. Market-depth adequacy is high (0.713).",Wave 3 support is moderate; structural brakes are moderate. Supports: optionality is strong (0.671); scarcity/amenity balance is moderate (0.624); site-thesis support is moderate (0.622). Brakes: no major structural brakes flagged.
83,,47109,"McNairy County, Tennessee",TN,0.03702877143245242,0.21980631392983546,26103.0,0.7290721245658702,-0.1938198955258802,0.3946856772521063,"Low quiet-breakout probability with high residual-upside magnitude. Prior momentum rank is 39.5%, inside the not-hot gate. Market-depth adequacy is high (0.729).",Wave 3 support is thin; structural brakes are moderate. Supports: no major structural supports flagged. Brakes: fragility pressure is moderate (0.645); constraint complexity is moderate (0.578).
84,,29187,"St. Francois County, Missouri",MO,0.03680692605067519,0.3290376450029924,67503.0,0.8692092637639307,0.0224919099782779,0.6228127025275437,"Moderate quiet-breakout probability with high residual-upside magnitude. Prior momentum rank is 62.3%, inside the not-hot gate. Market-depth adequacy is high (0.869).",Wave 3 support is moderate; structural brakes are moderate. Supports: optionality is moderate (0.608). Brakes: no major structural brakes flagged.
85,,39009,"Athens County, Ohio",OH,0.036494224098401896,0.46558356064052836,63218.0,0.9602605624658468,0.0631122135033979,0.4115359688917693,"High quiet-breakout probability with high residual-upside magnitude. Prior momentum rank is 41.2%, inside the not-hot gate. Market-depth adequacy is high (0.960).",Wave 3 support is moderate; structural brakes are moderate. Supports: optionality is moderate (0.651). Brakes: constraint pressure is moderate (0.624).
86,,53047,"Okanogan County, Washington",WA,0.036347470585142067,0.3647481450894721,44942.0,0.9943794189823448,0.1550553473685808,0.20868438107582632,"Moderate quiet-breakout probability with high residual-upside magnitude. Prior momentum rank is 20.9%, inside the not-hot gate. Market-depth adequacy is high (0.994).",Wave 3 support is moderate; structural brakes are moderate. Supports: scarcity/amenity balance is strong (0.711); optionality is moderate (0.666); site-thesis support is moderate (0.645). Brakes: no major structural brakes flagged.
87,,16019,"Bonneville County, Idaho",ID,0.03599021002129792,0.6625842000382623,133644.0,0.696662733952822,0.0599250429343566,0.13836681788723265,"High quiet-breakout probability with high residual-upside magnitude. Prior momentum rank is 13.8%, inside the not-hot gate. Market-depth adequacy is moderate (0.697).",Wave 3 support is moderate; structural brakes are moderate. Supports: scarcity/amenity balance is strong (0.789); optionality is moderate (0.659); site-thesis support is moderate (0.642). Brakes: fragility pressure is moderate (0.595); constraint complexity is moderate (0.566); constraint pressure is moderate (0.555).
88,,50019,"Orleans County, Vermont",VT,0.03514897343880691,0.43901825704845826,27726.0,0.8638706689213724,-0.0057657000545096,0.5502268308489955,"Moderate quiet-breakout probability with high residual-upside magnitude. Prior momentum rank is 55.0%, inside the not-hot gate. Market-depth adequacy is high (0.864).",Wave 3 support is moderate; structural brakes are moderate. Supports: fragility/support balance is moderate (0.621). Brakes: wetlands constraint is heavy (0.701); constraint pressure is heavy (0.679).
89,,05015,"Carroll County, Arkansas",AR,0.035095597183652176,0.3188192003728349,28968.0,0.8297668966355078,0.2025140513325989,0.43843162670123137,"Moderate quiet-breakout probability with high residual-upside magnitude. Prior momentum rank is 43.8%, inside the not-hot gate. Market-depth adequacy is high (0.830).",Wave 3 support is moderate; structural brakes are light. Supports: fragility/support balance is moderate (0.663); developability is moderate (0.622); optionality is moderate (0.622). Brakes: no major structural brakes flagged.
90,,02122,"Kenai Peninsula Borough, Alaska",AK,0.034863874303099694,0.39388842049298256,61259.0,0.8829717908982697,0.1559909142656328,0.1406351263771873,"Moderate quiet-breakout probability with high residual-upside magnitude. Prior momentum rank is 14.1%, inside the not-hot gate. Market-depth adequacy is high (0.883).",Wave 3 support is strong; structural brakes are moderate. Supports: scarcity/amenity balance is strong (0.885); optionality is moderate (0.666); site-thesis support is moderate (0.657). Brakes: fragility pressure is moderate (0.628).
91,,22039,"Evangeline Parish, Louisiana",LA,0.034817812730987455,0.39783770884289343,31745.0,0.7713681831146408,-0.1860173712754216,0.07744653272845108,"Moderate quiet-breakout probability with high residual-upside magnitude. Prior momentum rank is 7.7%, inside the not-hot gate. Market-depth adequacy is high (0.771).",Wave 3 support is moderate; structural brakes are moderate. Supports: no major structural supports flagged. Brakes: fragility pressure is heavy (0.755); wetlands constraint is moderate (0.665); constraint complexity is moderate (0.614).
92,,54069,"Ohio County, West Virginia",WV,0.034619618364372974,0.35081773461768617,41090.0,0.990353191217716,0.2703269852966414,0.2744653272845107,"Moderate quiet-breakout probability with high residual-upside magnitude. Prior momentum rank is 27.4%, inside the not-hot gate. Market-depth adequacy is high (0.990).",Wave 3 support is moderate; structural brakes are light. Supports: fragility/support balance is strong (0.763); optionality is strong (0.698); developability is moderate (0.610). Brakes: no major structural brakes flagged.
93,,36023,"Cortland County, New York",NY,0.034329038875810645,0.02136506261799714,45945.0,0.9813063736795561,-0.0433921079399379,0.7083603370058328,"Low quiet-breakout probability with high residual-upside magnitude. Prior momentum rank is 70.8%, inside the not-hot gate. Market-depth adequacy is high (0.981).",Wave 3 support is moderate; structural brakes are moderate. Supports: no major structural supports flagged. Brakes: constraint pressure is heavy (0.709); constraint complexity is moderate (0.562).
94,,41043,"Linn County, Oregon",OR,0.03426485888466171,0.2507442197105276,132474.0,0.7116499217901553,-0.1289372975726742,0.3856124432922878,"Low quiet-breakout probability with high residual-upside magnitude. Prior momentum rank is 38.6%, inside the not-hot gate. Market-depth adequacy is high (0.712).",Wave 3 support is moderate; structural brakes are moderate. Supports: scarcity/amenity balance is moderate (0.635). Brakes: constraint pressure is heavy (0.673); constraint complexity is moderate (0.665); fragility pressure is moderate (0.632).
95,,21177,"Muhlenberg County, Kentucky",KY,0.03394332571572031,0.4162692594966868,30512.0,0.8025411564442462,-0.0624115726333006,0.4219053791315619,"Moderate quiet-breakout probability with high residual-upside magnitude. Prior momentum rank is 42.2%, inside the not-hot gate. Market-depth adequacy is high (0.803).",Wave 3 support is moderate; structural brakes are moderate. Supports: scarcity/amenity balance is strong (0.679). Brakes: constraint pressure is moderate (0.649); wetlands constraint is moderate (0.615); constraint complexity is moderate (0.591).
96,,51035,"Carroll County, Virginia",VA,0.033828222794606295,0.3542408043210682,29242.0,0.8198045534094813,0.1718806878011257,0.3438107582631238,"Moderate quiet-breakout probability with high residual-upside magnitude. Prior momentum rank is 34.4%, inside the not-hot gate. Market-depth adequacy is high (0.820).",Wave 3 support is moderate; structural brakes are light. Supports: optionality is moderate (0.640); fragility/support balance is moderate (0.604). Brakes: no major structural brakes flagged.
97,,42047,"Elk County, Pennsylvania",PA,0.03369446834471019,0.7106955378164843,30124.0,0.8553517350354872,0.2108944037257135,0.2741412832145172,"High quiet-breakout probability with high residual-upside magnitude. Prior momentum rank is 27.4%, inside the not-hot gate. Market-depth adequacy is high (0.855).",Wave 3 support is moderate; structural brakes are moderate. Supports: scarcity/amenity balance is strong (0.749); optionality is moderate (0.634); fragility/support balance is moderate (0.627). Brakes: constraint pressure is moderate (0.641).
98,,22071,"Orleans Parish, Louisiana",LA,0.03342809282219232,0.4643231420540861,362701.0,0.5666734265773721,-0.2787348023080144,0.04504212572909916,"High quiet-breakout probability with high residual-upside magnitude. Prior momentum rank is 4.5%, inside the not-hot gate. Market-depth adequacy is moderate (0.567).",Wave 3 support is moderate; structural brakes are heavy. Supports: scarcity/amenity balance is moderate (0.657). Brakes: wetlands constraint is heavy (0.919); fragility pressure is heavy (0.838); constraint complexity is heavy (0.684).
99,,40015,"Caddo County, Oklahoma",OK,0.032713241742289116,0.5770647972097463,26337.0,0.7101882076511765,0.0815755850488756,0.12346079066753078,"High quiet-breakout probability with high residual-upside magnitude. Prior momentum rank is 12.3%, inside the not-hot gate. Market-depth adequacy is high (0.710).",Wave 3 support is moderate; structural brakes are moderate. Supports: optionality is strong (0.670). Brakes: fragility pressure is moderate (0.580).
100,,26029,"Charlevoix County, Michigan",MI,0.032649889310637156,0.0425051331012789,26105.0,0.8658303241020013,0.1793198676055922,0.7271548930654569,"Low quiet-breakout probability with high residual-upside magnitude. Prior momentum rank is 72.7%, inside the not-hot gate. Market-depth adequacy is high (0.866).",Wave 3 support is moderate; structural brakes are moderate. Supports: fragility/support balance is strong (0.768); scarcity/amenity balance is strong (0.722). Brakes: wetlands constraint is heavy (0.775).
