blend_rank,export_priority_rank,fips,county,state_abbr,census_region,qa_status,qa_flags,blend_score,preboom_classifier_score,classifier_rank_pct,investable_residual_model_score,residual_rank_pct,preboom_prior_momentum_rank_pct,emerging_market_depth_adequacy,wave3_net_support,overall_rank,total_population,short_thesis,structural_summary,support_narrative,brake_narrative
1,163,29041,"Chariton County, Missouri",MO,Midwest,review,very_small_market; thin_market_depth; negative_wave3_net_support; low_structural_support; heavy_structural_brakes,0.9986603284356094,0.8441795656641439,0.9995678478824547,0.07495652875921947,0.9904926534140017,0.0003240440699935191,0.2718548832971167,-0.264828970211891,1765,7397.0,"High quiet-breakout probability with high residual-upside magnitude. Prior momentum rank is 0.0%, inside the not-hot gate. Market-depth adequacy is low (0.272).",Wave 3 support is thin; structural brakes are moderate. Supports: no major structural supports flagged. Brakes: constraint pressure is heavy (0.679); wetlands constraint is moderate (0.651); constraint complexity is moderate (0.635).,Structural support: no major structural supports flagged,Structural brakes: constraint pressure is heavy (0.679); wetlands constraint is moderate (0.651); constraint complexity is moderate (0.635)
2,6,42021,"Cambria County, Pennsylvania",PA,Northeast,advance_with_notes,already_high_in_live_ranking,0.9972342264477096,0.7489723701278652,0.9969749351771824,0.13399939265908967,0.9995678478824547,0.027219701879455604,0.7232553927732912,0.2175746866884713,22,130108.0,"High quiet-breakout probability with high residual-upside magnitude. Prior momentum rank is 2.7%, inside the not-hot gate. Market-depth adequacy is high (0.723).",Wave 3 support is moderate; structural brakes are light. Supports: fragility/support balance is strong (0.670); scarcity/amenity balance is moderate (0.648); optionality is moderate (0.629). Brakes: no major structural brakes flagged.,Structural support: fragility/support balance is strong (0.670); scarcity/amenity balance is moderate (0.648); optionality is moderate (0.629),Structural brakes: no major structural brakes flagged
3,37,22101,"St. Mary Parish, Louisiana",LA,South,review,small_market; negative_wave3_net_support; heavy_structural_brakes; recent_population_decline,0.9958513396715644,0.7407139231592521,0.996542783059637,0.07383222570206456,0.989628349178911,0.12410887880751782,0.9765860629757497,-0.2814415363563649,2143,46799.0,"High quiet-breakout probability with high residual-upside magnitude. Prior momentum rank is 12.4%, inside the not-hot gate. Market-depth adequacy is high (0.977).",Wave 3 support is moderate; structural brakes are heavy. Supports: scarcity/amenity balance is moderate (0.641). Brakes: wetlands constraint is heavy (0.978); fragility pressure is heavy (0.773); constraint complexity is moderate (0.647).,Structural support: scarcity/amenity balance is moderate (0.641),Structural brakes: wetlands constraint is heavy (0.978); fragility pressure is heavy (0.773); constraint complexity is moderate (0.647)
4,23,30057,"Madison County, Montana",MT,West,review,very_small_market; moderate_market_depth,0.9949006050129645,0.7363788594560627,0.9956784788245462,0.07257671652648563,0.9878997407087294,0.3486714193130266,0.46623350573372946,0.2360052381177041,1244,9753.0,"High quiet-breakout probability with high residual-upside magnitude. Prior momentum rank is 34.9%, inside the not-hot gate. Market-depth adequacy is moderate (0.466).",Wave 3 support is moderate; structural brakes are moderate. Supports: optionality is strong (0.681); fragility/support balance is strong (0.675); scarcity/amenity balance is strong (0.673). Brakes: no major structural brakes flagged.,Structural support: optionality is strong (0.681); fragility/support balance is strong (0.675); scarcity/amenity balance is strong (0.673),Structural brakes: no major structural brakes flagged
5,130,37015,"Bertie County, North Carolina",NC,South,review,very_small_market; moderate_market_depth; negative_wave3_net_support; low_structural_support; heavy_structural_brakes,0.9930423509075194,0.7120255678955073,0.9935177182368193,0.07328839513622078,0.9887640449438202,0.1762799740764744,0.5373150948593743,-0.3526148901979442,359,16939.0,"High quiet-breakout probability with high residual-upside magnitude. Prior momentum rank is 17.6%, inside the not-hot gate. Market-depth adequacy is moderate (0.537).",Wave 3 support is moderate; structural brakes are heavy. Supports: no major structural supports flagged. Brakes: wetlands constraint is heavy (0.933); fragility pressure is heavy (0.774); constraint complexity is heavy (0.696).,Structural support: no major structural supports flagged,Structural brakes: wetlands constraint is heavy (0.933); fragility pressure is heavy (0.774); constraint complexity is heavy (0.696)
6,52,21131,"Leslie County, Kentucky",KY,South,review,very_small_market; thin_market_depth; recent_population_decline; labor_stress,0.9911840968020743,0.7550838152615702,0.9974070872947277,0.03622421670102125,0.9351771823681936,0.5320803629293583,0.28250285037787837,0.2603492423024856,1329,9729.0,"High quiet-breakout probability with high residual-upside magnitude. Prior momentum rank is 53.2%, inside the not-hot gate. Market-depth adequacy is low (0.283).",Wave 3 support is moderate; structural brakes are moderate. Supports: scarcity/amenity balance is strong (0.751); optionality is strong (0.706); site-thesis support is moderate (0.658). Brakes: no major structural brakes flagged.,Structural support: scarcity/amenity balance is strong (0.751); optionality is strong (0.706); site-thesis support is moderate (0.658),Structural brakes: no major structural brakes flagged
7,5,42033,"Clearfield County, Pennsylvania",PA,Northeast,advance,,0.99019014693172,0.6963546423958137,0.9909248055315472,0.06547665138202631,0.9835782195332757,0.04115359688917693,0.8299693585813452,0.1950322113039113,1051,78132.0,"High quiet-breakout probability with high residual-upside magnitude. Prior momentum rank is 4.1%, inside the not-hot gate. Market-depth adequacy is high (0.830).",Wave 3 support is moderate; structural brakes are moderate. Supports: scarcity/amenity balance is strong (0.697); optionality is moderate (0.635); fragility/support balance is moderate (0.613). Brakes: constraint pressure is moderate (0.552).,Structural support: scarcity/amenity balance is strong (0.697); optionality is moderate (0.635); fragility/support balance is moderate (0.613),Structural brakes: constraint pressure is moderate (0.552)
8,15,24510,"Baltimore city, Maryland",MD,South,advance_with_notes,moderate_market_depth,0.9897579948141747,0.6904100114560183,0.9900605012964564,0.06978659042838646,0.9870354364736387,0.29261179520414776,0.5221202771354487,0.285614313956667,153,568271.0,"High quiet-breakout probability with high residual-upside magnitude. Prior momentum rank is 29.3%, inside the not-hot gate. Market-depth adequacy is moderate (0.522).",Wave 3 support is strong; structural brakes are light. Supports: fragility/support balance is strong (0.769); scarcity/amenity balance is strong (0.696); optionality is moderate (0.666). Brakes: no major structural brakes flagged.,Structural support: fragility/support balance is strong (0.769); scarcity/amenity balance is strong (0.696); optionality is moderate (0.666),Structural brakes: no major structural brakes flagged
9,83,42023,"Cameron County, Pennsylvania",PA,Northeast,review,very_small_market; thin_market_depth; recent_population_decline,0.9893258426966293,0.8119996997521174,0.9987035436473639,0.025445839799444824,0.9049265341400173,0.005508749189889825,0.1758695915825217,0.2099850106772645,1334,4348.0,"High quiet-breakout probability with high residual-upside magnitude. Prior momentum rank is 0.6%, inside the not-hot gate. Market-depth adequacy is low (0.176).",Wave 3 support is moderate; structural brakes are moderate. Supports: scarcity/amenity balance is strong (0.726); optionality is moderate (0.660); site-thesis support is moderate (0.633). Brakes: constraint pressure is moderate (0.619).,Structural support: scarcity/amenity balance is strong (0.726); optionality is moderate (0.660); site-thesis support is moderate (0.633),Structural brakes: constraint pressure is moderate (0.619)
10,3,42083,"McKean County, Pennsylvania",PA,Northeast,advance_with_notes,small_market,0.9885047536732929,0.6764076678438742,0.9878997407087294,0.08152082970254258,0.9939498703543648,0.1743357096565133,0.8965249816462688,0.1575542554258862,218,39478.0,"High quiet-breakout probability with high residual-upside magnitude. Prior momentum rank is 17.4%, inside the not-hot gate. Market-depth adequacy is high (0.897).",Wave 3 support is moderate; structural brakes are moderate. Supports: scarcity/amenity balance is strong (0.672); optionality is moderate (0.636); fragility/support balance is moderate (0.603). Brakes: constraint pressure is moderate (0.617).,Structural support: scarcity/amenity balance is strong (0.672); optionality is moderate (0.636); fragility/support balance is moderate (0.603),Structural brakes: constraint pressure is moderate (0.617)
11,60,21165,"Menifee County, Kentucky",KY,South,review,very_small_market; thin_market_depth; labor_stress,0.9877268798617114,0.7049667908383441,0.9922212618841832,0.040629376547057706,0.9472774416594641,0.6176279974076474,0.21298712574787748,0.2463005429807748,351,6341.0,"High quiet-breakout probability with high residual-upside magnitude. Prior momentum rank is 61.8%, inside the not-hot gate. Market-depth adequacy is low (0.213).",Wave 3 support is strong; structural brakes are moderate. Supports: scarcity/amenity balance is strong (0.798); optionality is strong (0.694); fragility/support balance is moderate (0.667). Brakes: no major structural brakes flagged.,Structural support: scarcity/amenity balance is strong (0.798); optionality is strong (0.694); fragility/support balance is moderate (0.667),Structural brakes: no major structural brakes flagged
12,9,42047,"Elk County, Pennsylvania",PA,Northeast,advance_with_notes,small_market,0.9865168539325843,0.7106955378164843,0.993085566119274,0.03369446834471019,0.9273984442523768,0.2741412832145172,0.8553517350354872,0.2108944037257135,137,30124.0,"High quiet-breakout probability with high residual-upside magnitude. Prior momentum rank is 27.4%, inside the not-hot gate. Market-depth adequacy is high (0.855).",Wave 3 support is moderate; structural brakes are moderate. Supports: scarcity/amenity balance is strong (0.749); optionality is moderate (0.634); fragility/support balance is moderate (0.627). Brakes: constraint pressure is moderate (0.641).,Structural support: scarcity/amenity balance is strong (0.749); optionality is moderate (0.634); fragility/support balance is moderate (0.627),Structural brakes: constraint pressure is moderate (0.641)
13,24,36005,"Bronx County, New York",NY,Northeast,advance_with_notes,moderate_market_depth; labor_stress,0.98552290406223,0.6565326175685305,0.9844425237683665,0.08324619715377789,0.9952463267070009,0.03240440699935191,0.5226789064034656,0.1960292613429747,1877,1384724.0,"High quiet-breakout probability with high residual-upside magnitude. Prior momentum rank is 3.2%, inside the not-hot gate. Market-depth adequacy is moderate (0.523).",Wave 3 support is strong; structural brakes are moderate. Supports: site-thesis support is strong (0.736); scarcity/amenity balance is strong (0.735); fragility/support balance is strong (0.722). Brakes: wetlands constraint is moderate (0.604).,Structural support: site-thesis support is strong (0.736); scarcity/amenity balance is strong (0.735); fragility/support balance is strong (0.722),Structural brakes: wetlands constraint is moderate (0.604)
14,104,26071,"Iron County, Michigan",MI,Midwest,review,very_small_market; moderate_market_depth; negative_wave3_net_support; heavy_structural_brakes; labor_stress; already_high_in_live_ranking,0.985133967156439,0.6778808011001548,0.9883318928262749,0.04555096951830826,0.956352636127917,0.4740764744005185,0.5056220197307931,-0.0474097667498804,12,11709.0,"High quiet-breakout probability with high residual-upside magnitude. Prior momentum rank is 47.4%, inside the not-hot gate. Market-depth adequacy is moderate (0.506).",Wave 3 support is moderate; structural brakes are moderate. Supports: scarcity/amenity balance is strong (0.818); site-thesis support is moderate (0.608). Brakes: constraint pressure is heavy (0.801); wetlands constraint is heavy (0.771); constraint complexity is moderate (0.584).,Structural support: scarcity/amenity balance is strong (0.818); site-thesis support is moderate (0.608),Structural brakes: constraint pressure is heavy (0.801); wetlands constraint is heavy (0.771); constraint complexity is moderate (0.584)
15,26,21195,"Pike County, Kentucky",KY,South,advance_with_notes,recent_population_decline; labor_stress,0.982713915298185,0.7097795854113551,0.9926534140017286,0.023317757632308637,0.8932584269662921,0.25826312378483474,0.9643794302306267,0.0648047601365439,847,55430.0,"High quiet-breakout probability with moderate residual-upside magnitude. Prior momentum rank is 25.8%, inside the not-hot gate. Market-depth adequacy is high (0.964).",Wave 3 support is moderate; structural brakes are moderate. Supports: no major structural supports flagged. Brakes: no major structural brakes flagged.,Structural support: no major structural supports flagged,Structural brakes: no major structural brakes flagged
16,1,35005,"Chaves County, New Mexico",NM,West,advance,,0.9817631806395851,0.6477902509788129,0.9835782195332757,0.050145571825169453,0.9654278305963699,0.09202851587815943,0.9129171771491311,0.3327727551676472,874,63697.0,"High quiet-breakout probability with high residual-upside magnitude. Prior momentum rank is 9.2%, inside the not-hot gate. Market-depth adequacy is high (0.913).",Wave 3 support is strong; structural brakes are light. Supports: optionality is strong (0.731); fragility/support balance is strong (0.718); site-thesis support is strong (0.715). Brakes: no major structural brakes flagged.,Structural support: optionality is strong (0.731); fragility/support balance is strong (0.718); site-thesis support is strong (0.715),Structural brakes: no major structural brakes flagged
17,169,37091,"Hertford County, North Carolina",NC,South,review,very_small_market; moderate_market_depth; negative_wave3_net_support; low_structural_support; heavy_structural_brakes,0.9810717372515126,0.6817145208129519,0.9891961970613656,0.026170960599200665,0.907951598962835,0.15132858068697344,0.6143542596549312,-0.3050700100189862,1494,19169.0,"High quiet-breakout probability with high residual-upside magnitude. Prior momentum rank is 15.1%, inside the not-hot gate. Market-depth adequacy is moderate (0.614).",Wave 3 support is thin; structural brakes are heavy. Supports: no major structural supports flagged. Brakes: fragility pressure is heavy (0.737); wetlands constraint is heavy (0.710); constraint complexity is moderate (0.666).,Structural support: no major structural supports flagged,Structural brakes: fragility pressure is heavy (0.737); wetlands constraint is heavy (0.710); constraint complexity is moderate (0.666)
18,49,16019,"Bonneville County, Idaho",ID,West,advance_with_notes,moderate_market_depth,0.9806395851339671,0.6625842000382623,0.9857389801210026,0.03599021002129792,0.9347450302506483,0.13836681788723265,0.696662733952822,0.0599250429343566,2174,133644.0,"High quiet-breakout probability with high residual-upside magnitude. Prior momentum rank is 13.8%, inside the not-hot gate. Market-depth adequacy is moderate (0.697).",Wave 3 support is moderate; structural brakes are moderate. Supports: scarcity/amenity balance is strong (0.789); optionality is moderate (0.659); site-thesis support is moderate (0.642). Brakes: fragility pressure is moderate (0.595); constraint complexity is moderate (0.566); constraint pressure is moderate (0.555).,Structural support: scarcity/amenity balance is strong (0.789); optionality is moderate (0.659); site-thesis support is moderate (0.642),Structural brakes: fragility pressure is moderate (0.595); constraint complexity is moderate (0.566); constraint pressure is moderate (0.555)
19,152,38041,"Hettinger County, North Dakota",ND,Midwest,review,very_small_market; thin_market_depth; low_structural_support,0.9796888504753674,0.6608954199791621,0.9853068280034573,0.034046638252832835,0.9291270527225584,0.11244329228775113,0.08270773853086821,0.0356812708920367,1825,2419.0,"High quiet-breakout probability with high residual-upside magnitude. Prior momentum rank is 11.2%, inside the not-hot gate. Market-depth adequacy is low (0.083).",Wave 3 support is moderate; structural brakes are moderate. Supports: no major structural supports flagged. Brakes: no major structural brakes flagged.,Structural support: no major structural supports flagged,Structural brakes: no major structural brakes flagged
20,19,55043,"Grant County, Wisconsin",WI,Midwest,advance,,0.9794727744165945,0.666838743306634,0.9870354364736387,0.02720804079775037,0.9114088159031979,0.5521710952689566,0.977524513772997,0.0651473722051872,236,52330.0,"High quiet-breakout probability with high residual-upside magnitude. Prior momentum rank is 55.2%, inside the not-hot gate. Market-depth adequacy is high (0.978).",Wave 3 support is moderate; structural brakes are moderate. Supports: optionality is moderate (0.608). Brakes: no major structural brakes flagged.,Structural support: optionality is moderate (0.608),Structural brakes: no major structural brakes flagged
21,2,42031,"Clarion County, Pennsylvania",PA,Northeast,advance_with_notes,small_market,0.9782195332757131,0.6118032550508549,0.9770959377700951,0.07289087592496318,0.9883318928262749,0.2375243033052495,0.881085089711573,0.2171597191795655,180,36855.0,"High quiet-breakout probability with high residual-upside magnitude. Prior momentum rank is 23.8%, inside the not-hot gate. Market-depth adequacy is high (0.881).",Wave 3 support is moderate; structural brakes are moderate. Supports: scarcity/amenity balance is strong (0.707); fragility/support balance is moderate (0.660); optionality is moderate (0.638). Brakes: constraint pressure is moderate (0.576).,Structural support: scarcity/amenity balance is strong (0.707); fragility/support balance is moderate (0.660); optionality is moderate (0.638),Structural brakes: constraint pressure is moderate (0.576)
22,55,26053,"Gogebic County, Michigan",MI,Midwest,review,very_small_market; moderate_market_depth; already_high_in_live_ranking,0.978219533275713,0.6447424774189068,0.9822817631806395,0.03813960846587194,0.9416594641313742,0.5220349967595593,0.557052107023218,0.1224241755590345,8,14217.0,"High quiet-breakout probability with high residual-upside magnitude. Prior momentum rank is 52.2%, inside the not-hot gate. Market-depth adequacy is moderate (0.557).",Wave 3 support is moderate; structural brakes are moderate. Supports: scarcity/amenity balance is strong (0.887); fragility/support balance is strong (0.719); site-thesis support is moderate (0.647). Brakes: wetlands constraint is heavy (0.776); constraint pressure is moderate (0.640).,Structural support: scarcity/amenity balance is strong (0.887); fragility/support balance is strong (0.719); site-thesis support is moderate (0.647),Structural brakes: wetlands constraint is heavy (0.776); constraint pressure is moderate (0.640)
23,20,36033,"Franklin County, New York",NY,Northeast,review,small_market; negative_wave3_net_support,0.9781763180639584,0.6128122142810378,0.9779602420051858,0.06217913682746574,0.9801210025929127,0.49546338302009074,0.945938720848503,-0.0104118839109976,699,47086.0,"High quiet-breakout probability with high residual-upside magnitude. Prior momentum rank is 49.5%, inside the not-hot gate. Market-depth adequacy is high (0.946).",Wave 3 support is moderate; structural brakes are moderate. Supports: scarcity/amenity balance is strong (0.817); site-thesis support is moderate (0.607). Brakes: constraint pressure is heavy (0.721); wetlands constraint is heavy (0.708); constraint complexity is moderate (0.566).,Structural support: scarcity/amenity balance is strong (0.817); site-thesis support is moderate (0.607),Structural brakes: constraint pressure is heavy (0.721); wetlands constraint is heavy (0.708); constraint complexity is moderate (0.566)
24,30,21019,"Boyd County, Kentucky",KY,South,advance_with_notes,small_market; labor_stress,0.9779170267934313,0.658006501164401,0.9848746758859118,0.028598006918078064,0.9152981849611063,0.11535968891769281,0.96083224127864,0.0240887719446271,643,47777.0,"High quiet-breakout probability with high residual-upside magnitude. Prior momentum rank is 11.5%, inside the not-hot gate. Market-depth adequacy is high (0.961).",Wave 3 support is moderate; structural brakes are moderate. Supports: no major structural supports flagged. Brakes: no major structural brakes flagged.,Structural support: no major structural supports flagged,Structural brakes: no major structural brakes flagged
25,28,35006,"Cibola County, New Mexico",NM,West,advance_with_notes,small_market; moderate_market_depth,0.9778738115816766,0.6221271175240561,0.9801210025929127,0.046460620074039935,0.9576490924805532,0.34996759559300067,0.649216955862457,0.1704649993789556,784,26686.0,"High quiet-breakout probability with high residual-upside magnitude. Prior momentum rank is 35.0%, inside the not-hot gate. Market-depth adequacy is moderate (0.649).",Wave 3 support is moderate; structural brakes are moderate. Supports: optionality is moderate (0.649); scarcity/amenity balance is moderate (0.647); site-thesis support is moderate (0.607). Brakes: fragility pressure is moderate (0.633).,Structural support: optionality is moderate (0.649); scarcity/amenity balance is moderate (0.647); site-thesis support is moderate (0.607),Structural brakes: fragility pressure is moderate (0.633)
26,7,24001,"Allegany County, Maryland",MD,South,advance_with_notes,already_high_in_live_ranking,0.9773120138288678,0.6016044434441595,0.9753673292999135,0.08274581667492621,0.9948141745894555,0.339598185353208,0.8820301887480312,0.1435444898070478,36,67097.0,"High quiet-breakout probability with high residual-upside magnitude. Prior momentum rank is 34.0%, inside the not-hot gate. Market-depth adequacy is high (0.882).",Wave 3 support is moderate; structural brakes are moderate. Supports: optionality is moderate (0.616). Brakes: no major structural brakes flagged.,Structural support: optionality is moderate (0.616),Structural brakes: no major structural brakes flagged
27,112,11001,"District of Columbia, District of Columbia",DC,South,advance_with_notes,moderate_market_depth,0.9772255834053587,0.714358003114456,0.9943820224719101,0.006464525616892525,0.8228176318063959,0.07453013609850939,0.50615503248079,0.1472035058887597,1986,702250.0,"High quiet-breakout probability with moderate residual-upside magnitude. Prior momentum rank is 7.5%, inside the not-hot gate. Market-depth adequacy is moderate (0.506).",Wave 3 support is moderate; structural brakes are moderate. Supports: fragility/support balance is strong (0.692); scarcity/amenity balance is strong (0.682); optionality is moderate (0.666). Brakes: wetlands constraint is moderate (0.644).,Structural support: fragility/support balance is strong (0.692); scarcity/amenity balance is strong (0.682); optionality is moderate (0.666),Structural brakes: wetlands constraint is moderate (0.644)
28,62,01015,"Calhoun County, Alabama",AL,South,review,negative_wave3_net_support,0.9768798617113224,0.616311609162995,0.9792566983578219,0.04534830525240706,0.9554883318928262,0.2031756318859365,0.7405342075641788,-0.0169398584301371,183,116427.0,"High quiet-breakout probability with high residual-upside magnitude. Prior momentum rank is 20.3%, inside the not-hot gate. Market-depth adequacy is high (0.741).",Wave 3 support is moderate; structural brakes are moderate. Supports: scarcity/amenity balance is strong (0.681). Brakes: fragility pressure is moderate (0.668); constraint complexity is moderate (0.588).,Structural support: scarcity/amenity balance is strong (0.681),Structural brakes: fragility pressure is moderate (0.668); constraint complexity is moderate (0.588)
29,27,05093,"Mississippi County, Arkansas",AR,South,advance_with_notes,small_market; recent_population_decline,0.9763612791702679,0.6961402727020423,0.9904926534140017,0.012182049847828669,0.8491789109766638,0.03661697990926766,0.9367631999828756,0.1506809476102385,1201,38095.0,"High quiet-breakout probability with moderate residual-upside magnitude. Prior momentum rank is 3.7%, inside the not-hot gate. Market-depth adequacy is high (0.937).",Wave 3 support is moderate; structural brakes are moderate. Supports: fragility/support balance is strong (0.734). Brakes: wetlands constraint is moderate (0.652); constraint pressure is moderate (0.558).,Structural support: fragility/support balance is strong (0.734),Structural brakes: wetlands constraint is moderate (0.652); constraint pressure is moderate (0.558)
30,25,16085,"Valley County, Idaho",ID,West,review,very_small_market; moderate_market_depth,0.9761884183232497,0.6124983441152013,0.9775280898876404,0.049422177009275696,0.9641313742437337,0.2018794556059624,0.6794799820169676,0.1553127567527407,2305,12777.0,"High quiet-breakout probability with high residual-upside magnitude. Prior momentum rank is 20.2%, inside the not-hot gate. Market-depth adequacy is moderate (0.679).",Wave 3 support is moderate; structural brakes are moderate. Supports: scarcity/amenity balance is strong (0.810); site-thesis support is moderate (0.664); optionality is moderate (0.652). Brakes: no major structural brakes flagged.,Structural support: scarcity/amenity balance is strong (0.810); site-thesis support is moderate (0.664); optionality is moderate (0.652),Structural brakes: no major structural brakes flagged
31,4,39087,"Lawrence County, Ohio",OH,Midwest,advance_with_notes,recent_population_decline,0.9745894554883319,0.5967492568782681,0.973638720829732,0.0652758443212466,0.9831460674157303,0.38107582631237846,0.9567717436245275,0.1704154739379719,275,55829.0,"High quiet-breakout probability with high residual-upside magnitude. Prior momentum rank is 38.1%, inside the not-hot gate. Market-depth adequacy is high (0.957).",Wave 3 support is moderate; structural brakes are moderate. Supports: optionality is strong (0.680); scarcity/amenity balance is strong (0.670); site-thesis support is moderate (0.631). Brakes: constraint pressure is moderate (0.565).,Structural support: optionality is strong (0.680); scarcity/amenity balance is strong (0.670); site-thesis support is moderate (0.631),Structural brakes: constraint pressure is moderate (0.565)
32,51,35055,"Taos County, New Mexico",NM,West,advance_with_notes,small_market,0.9745462402765773,0.8328614841618245,0.9991356957649092,-0.006082821151530723,0.7532411408815903,0.06772521062864549,0.9055046447451496,0.1942637597881878,3054,34482.0,"High quiet-breakout probability with moderate residual-upside magnitude. Prior momentum rank is 6.8%, inside the not-hot gate. Market-depth adequacy is high (0.906).",Wave 3 support is moderate; structural brakes are moderate. Supports: optionality is strong (0.677); site-thesis support is moderate (0.655); scarcity/amenity balance is moderate (0.634). Brakes: no major structural brakes flagged.,Structural support: optionality is strong (0.677); site-thesis support is moderate (0.655); scarcity/amenity balance is moderate (0.634),Structural brakes: no major structural brakes flagged
33,11,21089,"Greenup County, Kentucky",KY,South,advance_with_notes,small_market; labor_stress; already_high_in_live_ranking,0.974114088159032,0.6070180189424511,0.975799481417459,0.046580234866292335,0.9589455488331893,0.48152948801036943,0.8605672680066107,0.1234386357191276,37,35273.0,"High quiet-breakout probability with high residual-upside magnitude. Prior momentum rank is 48.2%, inside the not-hot gate. Market-depth adequacy is high (0.861).",Wave 3 support is moderate; structural brakes are moderate. Supports: optionality is moderate (0.616); fragility/support balance is moderate (0.612). Brakes: no major structural brakes flagged.,Structural support: optionality is moderate (0.616); fragility/support balance is moderate (0.612),Structural brakes: no major structural brakes flagged
34,99,21109,"Jackson County, Kentucky",KY,South,review,very_small_market; thin_market_depth; labor_stress,0.9734226447709594,0.6455512221839892,0.982713915298185,0.022259561776296184,0.8898012100259292,0.037589112119248216,0.3702874187087454,0.1584731157853984,2536,13358.0,"High quiet-breakout probability with moderate residual-upside magnitude. Prior momentum rank is 3.8%, inside the not-hot gate. Market-depth adequacy is low (0.370).",Wave 3 support is moderate; structural brakes are moderate. Supports: optionality is strong (0.691); scarcity/amenity balance is moderate (0.634); site-thesis support is moderate (0.628). Brakes: constraint pressure is moderate (0.603).,Structural support: optionality is strong (0.691); scarcity/amenity balance is moderate (0.634); site-thesis support is moderate (0.628),Structural brakes: constraint pressure is moderate (0.603)
35,90,42053,"Forest County, Pennsylvania",PA,Northeast,review,very_small_market; thin_market_depth,0.9727312013828868,0.6381319231651668,0.9818496110630942,0.022339688029939932,0.8906655142610199,0.018794556059624108,0.2623696867333124,0.2437399129600344,1088,6601.0,"High quiet-breakout probability with moderate residual-upside magnitude. Prior momentum rank is 1.9%, inside the not-hot gate. Market-depth adequacy is low (0.262).",Wave 3 support is moderate; structural brakes are moderate. Supports: scarcity/amenity balance is strong (0.719); fragility/support balance is strong (0.695); optionality is moderate (0.645). Brakes: constraint pressure is moderate (0.605).,Structural support: scarcity/amenity balance is strong (0.719); fragility/support balance is strong (0.695); optionality is moderate (0.645),Structural brakes: constraint pressure is moderate (0.605)
36,121,32033,"White Pine County, Nevada",NV,West,review,very_small_market; thin_market_depth,0.972428694900605,0.5990577870579509,0.9749351771823682,0.041958218377915586,0.9498703543647364,0.14484769928710303,0.36053740479435936,0.0038533957709189,2443,8534.0,"High quiet-breakout probability with high residual-upside magnitude. Prior momentum rank is 14.5%, inside the not-hot gate. Market-depth adequacy is low (0.361).",Wave 3 support is moderate; structural brakes are moderate. Supports: optionality is moderate (0.622); scarcity/amenity balance is moderate (0.621); site-thesis support is moderate (0.618). Brakes: constraint pressure is moderate (0.650); constraint complexity is moderate (0.558).,Structural support: optionality is moderate (0.622); scarcity/amenity balance is moderate (0.621); site-thesis support is moderate (0.618),Structural brakes: constraint pressure is moderate (0.650); constraint complexity is moderate (0.558)
37,53,39105,"Meigs County, Ohio",OH,Midwest,review,very_small_market; moderate_market_depth; recent_population_decline; labor_stress,0.9718236819360415,0.5968703331306423,0.9740708729472775,0.04407155189849584,0.9515989628349178,0.11471160077770577,0.5995282222344045,0.1038574365613929,586,21491.0,"High quiet-breakout probability with high residual-upside magnitude. Prior momentum rank is 11.5%, inside the not-hot gate. Market-depth adequacy is moderate (0.600).",Wave 3 support is moderate; structural brakes are moderate. Supports: optionality is moderate (0.604). Brakes: no major structural brakes flagged.,Structural support: optionality is moderate (0.604),Structural brakes: no major structural brakes flagged
38,93,47081,"Hickman County, Tennessee",TN,South,review,small_market; negative_wave3_net_support; low_structural_support,0.971780466724287,0.6159051979936367,0.9788245462402766,0.026536685444204244,0.9083837510803803,0.09397278029812055,0.7117232940389229,-0.0287953597499852,1067,25859.0,"High quiet-breakout probability with high residual-upside magnitude. Prior momentum rank is 9.4%, inside the not-hot gate. Market-depth adequacy is high (0.712).",Wave 3 support is moderate; structural brakes are moderate. Supports: no major structural supports flagged. Brakes: no major structural brakes flagged.,Structural support: no major structural supports flagged,Structural brakes: no major structural brakes flagged
39,82,26131,"Ontonagon County, Michigan",MI,Midwest,review,very_small_market; thin_market_depth; recent_population_decline; labor_stress,0.9716508210890233,0.5978764589310533,0.9745030250648228,0.039292053157410384,0.945980985306828,0.13869086195722619,0.24044591258454162,0.1618801360439096,686,5824.0,"High quiet-breakout probability with high residual-upside magnitude. Prior momentum rank is 13.9%, inside the not-hot gate. Market-depth adequacy is low (0.240).",Wave 3 support is moderate; structural brakes are moderate. Supports: scarcity/amenity balance is strong (0.830); fragility/support balance is strong (0.730). Brakes: wetlands constraint is moderate (0.639); constraint pressure is moderate (0.608).,Structural support: scarcity/amenity balance is strong (0.830); fragility/support balance is strong (0.730),Structural brakes: wetlands constraint is moderate (0.639); constraint pressure is moderate (0.608)
40,137,30031,"Gallatin County, Montana",MT,West,advance_with_notes,moderate_market_depth,0.9706568712186691,0.7581468472422392,0.9978392394122731,-0.011391533562112293,0.7260155574762316,0.34899546338302007,0.6895124781069184,0.1025216135673803,2393,126984.0,"High quiet-breakout probability with low residual-upside magnitude. Prior momentum rank is 34.9%, inside the not-hot gate. Market-depth adequacy is moderate (0.690).",Wave 3 support is moderate; structural brakes are moderate. Supports: scarcity/amenity balance is strong (0.727); site-thesis support is moderate (0.632); optionality is moderate (0.631). Brakes: constraint pressure is moderate (0.582).,Structural support: scarcity/amenity balance is strong (0.727); site-thesis support is moderate (0.632); optionality is moderate (0.631),Structural brakes: constraint pressure is moderate (0.582)
41,13,39013,"Belmont County, Ohio",OH,Midwest,advance,,0.9702247191011235,0.5909908151233977,0.9706136560069144,0.051864908299534086,0.966724286949006,0.28548282566429034,0.8860612888964715,0.0915763569846039,323,64692.0,"High quiet-breakout probability with high residual-upside magnitude. Prior momentum rank is 28.5%, inside the not-hot gate. Market-depth adequacy is high (0.886).",Wave 3 support is moderate; structural brakes are moderate. Supports: optionality is moderate (0.629). Brakes: constraint pressure is moderate (0.560).,Structural support: optionality is moderate (0.629),Structural brakes: constraint pressure is moderate (0.560)
42,197,37017,"Bladen County, North Carolina",NC,South,review,small_market; negative_wave3_net_support; low_structural_support; heavy_structural_brakes,0.9697925669835783,0.6899461833260693,0.989628349178911,0.000334977571539268,0.7912705272255834,0.18081659105638367,0.8171472430168085,-0.4088130610965992,1725,29777.0,"High quiet-breakout probability with moderate residual-upside magnitude. Prior momentum rank is 18.1%, inside the not-hot gate. Market-depth adequacy is high (0.817).",Wave 3 support is thin; structural brakes are heavy. Supports: no major structural supports flagged. Brakes: fragility pressure is heavy (0.828); wetlands constraint is heavy (0.784); constraint complexity is heavy (0.748).,Structural support: no major structural supports flagged,Structural brakes: fragility pressure is heavy (0.828); wetlands constraint is heavy (0.784); constraint complexity is heavy (0.748)
43,35,42101,"Philadelphia County, Pennsylvania",PA,Northeast,advance_with_notes,moderate_market_depth,0.9694036300777873,0.5919137267019516,0.9714779602420052,0.04271974659059933,0.9507346585998271,0.27025275437459495,0.47593339018978864,0.2983633005511744,298,1573916.0,"High quiet-breakout probability with high residual-upside magnitude. Prior momentum rank is 27.0%, inside the not-hot gate. Market-depth adequacy is moderate (0.476).",Wave 3 support is strong; structural brakes are moderate. Supports: scarcity/amenity balance is strong (0.785); fragility/support balance is strong (0.775); site-thesis support is strong (0.722). Brakes: wetlands constraint is moderate (0.561).,Structural support: scarcity/amenity balance is strong (0.785); fragility/support balance is strong (0.775); site-thesis support is strong (0.722),Structural brakes: wetlands constraint is moderate (0.561)
44,151,04011,"Greenlee County, Arizona",AZ,West,review,very_small_market; thin_market_depth,0.9689282627484874,0.700898643655955,0.9917891097666378,-0.004215511076350622,0.7631806395851339,0.06286454957874271,0.31606545734214364,0.2520135943742472,2651,9410.0,"High quiet-breakout probability with moderate residual-upside magnitude. Prior momentum rank is 6.3%, inside the not-hot gate. Market-depth adequacy is low (0.316).",Wave 3 support is moderate; structural brakes are moderate. Supports: optionality is strong (0.709); scarcity/amenity balance is strong (0.700); site-thesis support is strong (0.676). Brakes: no major structural brakes flagged.,Structural support: optionality is strong (0.709); scarcity/amenity balance is strong (0.700); site-thesis support is strong (0.676),Structural brakes: no major structural brakes flagged
45,78,21071,"Floyd County, Kentucky",KY,South,advance_with_notes,small_market; recent_population_decline; labor_stress,0.9682800345721694,0.679201571613236,0.9887640449438202,-0.0007599528115308317,0.783923941227312,0.26830848995463386,0.8589657883309322,0.1032915192005945,1506,34532.0,"High quiet-breakout probability with moderate residual-upside magnitude. Prior momentum rank is 26.8%, inside the not-hot gate. Market-depth adequacy is high (0.859).",Wave 3 support is moderate; structural brakes are moderate. Supports: optionality is moderate (0.630). Brakes: no major structural brakes flagged.,Structural support: optionality is moderate (0.630),Structural brakes: no major structural brakes flagged
46,36,21133,"Letcher County, Kentucky",KY,South,review,very_small_market; moderate_market_depth; recent_population_decline; labor_stress,0.9675885911840968,0.5854898574460019,0.9684528954191876,0.04717604170029412,0.95980985306828,0.0829552819183409,0.5700354607716868,0.1741518766477424,2002,20139.0,"High quiet-breakout probability with high residual-upside magnitude. Prior momentum rank is 8.3%, inside the not-hot gate. Market-depth adequacy is moderate (0.570).",Wave 3 support is moderate; structural brakes are light. Supports: optionality is moderate (0.629). Brakes: no major structural brakes flagged.,Structural support: optionality is moderate (0.629),Structural brakes: no major structural brakes flagged
47,84,42007,"Beaver County, Pennsylvania",PA,Northeast,advance_with_notes,moderate_market_depth,0.9675885911840968,0.635082844892798,0.9809853068280034,0.011622111327715423,0.8470181503889369,0.39436163318211276,0.6741033149784554,0.1077106656067294,130,165540.0,"High quiet-breakout probability with moderate residual-upside magnitude. Prior momentum rank is 39.4%, inside the not-hot gate. Market-depth adequacy is moderate (0.674).",Wave 3 support is moderate; structural brakes are moderate. Supports: optionality is moderate (0.629); fragility/support balance is moderate (0.612). Brakes: no major structural brakes flagged.,Structural support: optionality is moderate (0.629); fragility/support balance is moderate (0.612),Structural brakes: no major structural brakes flagged
48,113,36081,"Queens County, New York",NY,Northeast,advance_with_notes,moderate_market_depth,0.9669403630077787,0.6092331616021154,0.9762316335350043,0.020402700858079197,0.8833189282627485,0.11309138042773817,0.4779765387842736,0.1004055728201973,2484,2316841.0,"High quiet-breakout probability with moderate residual-upside magnitude. Prior momentum rank is 11.3%, inside the not-hot gate. Market-depth adequacy is moderate (0.478).",Wave 3 support is moderate; structural brakes are moderate. Supports: scarcity/amenity balance is strong (0.770); site-thesis support is strong (0.724); optionality is moderate (0.646). Brakes: fragility pressure is moderate (0.645); wetlands constraint is moderate (0.609).,Structural support: scarcity/amenity balance is strong (0.770); site-thesis support is strong (0.724); optionality is moderate (0.646),Structural brakes: fragility pressure is moderate (0.645); wetlands constraint is moderate (0.609)
49,133,28027,"Coahoma County, Mississippi",MS,South,review,very_small_market; moderate_market_depth; negative_wave3_net_support; heavy_structural_brakes; recent_population_decline,0.966724286949006,0.5927480441416321,0.9723422644770959,0.0292959113876207,0.916162489196197,0.0012961762799740765,0.5864320433116812,-0.0964749345220763,1529,20105.0,"High quiet-breakout probability with high residual-upside magnitude. Prior momentum rank is 0.1%, inside the not-hot gate. Market-depth adequacy is moderate (0.586).",Wave 3 support is moderate; structural brakes are moderate. Supports: scarcity/amenity balance is moderate (0.645). Brakes: wetlands constraint is heavy (0.777); fragility pressure is moderate (0.664); constraint complexity is moderate (0.567).,Structural support: scarcity/amenity balance is moderate (0.645),Structural brakes: wetlands constraint is heavy (0.777); fragility pressure is moderate (0.664); constraint complexity is moderate (0.567)
50,86,51017,"Bath County, Virginia",VA,South,review,very_small_market; thin_market_depth,0.9659464131374244,0.5909967917550997,0.9710458081244598,0.03177381690733065,0.9200518582541054,0.4419961114711601,0.20944476463168116,0.2374029919931042,1074,4071.0,"High quiet-breakout probability with high residual-upside magnitude. Prior momentum rank is 44.2%, inside the not-hot gate. Market-depth adequacy is low (0.209).",Wave 3 support is moderate; structural brakes are moderate. Supports: scarcity/amenity balance is strong (0.777); optionality is strong (0.688); site-thesis support is moderate (0.663). Brakes: constraint pressure is moderate (0.580).,Structural support: scarcity/amenity balance is strong (0.777); optionality is strong (0.688); site-thesis support is moderate (0.663),Structural brakes: constraint pressure is moderate (0.580)
51,108,16007,"Bear Lake County, Idaho",ID,West,review,very_small_market; thin_market_depth,0.9651253241140881,0.5659811516105073,0.9628349178910977,0.06734534520572924,0.9857389801210026,0.28839922229423204,0.3045152504083699,0.0354731913384835,2245,6779.0,"High quiet-breakout probability with high residual-upside magnitude. Prior momentum rank is 28.8%, inside the not-hot gate. Market-depth adequacy is low (0.305).",Wave 3 support is moderate; structural brakes are moderate. Supports: scarcity/amenity balance is strong (0.852); site-thesis support is moderate (0.645); optionality is moderate (0.608). Brakes: wetlands constraint is heavy (0.702); constraint pressure is moderate (0.650); constraint complexity is moderate (0.557).,Structural support: scarcity/amenity balance is strong (0.852); site-thesis support is moderate (0.645); optionality is moderate (0.608),Structural brakes: wetlands constraint is heavy (0.702); constraint pressure is moderate (0.650); constraint complexity is moderate (0.557)
52,45,37153,"Richmond County, North Carolina",NC,South,review,small_market; negative_wave3_net_support; heavy_structural_brakes,0.9636992221261884,0.5668769701245444,0.9636992221261884,0.048813567018669686,0.9636992221261884,0.41250810110174985,0.9573164812127898,-0.0921908018518161,608,41990.0,"High quiet-breakout probability with high residual-upside magnitude. Prior momentum rank is 41.3%, inside the not-hot gate. Market-depth adequacy is high (0.957).",Wave 3 support is moderate; structural brakes are moderate. Supports: scarcity/amenity balance is moderate (0.631). Brakes: wetlands constraint is moderate (0.638); fragility pressure is moderate (0.629); constraint complexity is moderate (0.585).,Structural support: scarcity/amenity balance is moderate (0.631),Structural brakes: wetlands constraint is moderate (0.638); fragility pressure is moderate (0.629); constraint complexity is moderate (0.585)
53,182,28049,"Hinds County, Mississippi",MS,South,review,moderate_market_depth; negative_wave3_net_support; recent_population_decline,0.9630509939498705,0.6352575080632185,0.9814174589455489,0.001230496890812308,0.797752808988764,0.057679844458846406,0.6275939831720352,-0.0454928352788159,1260,211975.0,"High quiet-breakout probability with moderate residual-upside magnitude. Prior momentum rank is 5.8%, inside the not-hot gate. Market-depth adequacy is moderate (0.628).",Wave 3 support is moderate; structural brakes are moderate. Supports: optionality is moderate (0.638). Brakes: wetlands constraint is moderate (0.627); fragility pressure is moderate (0.598).,Structural support: optionality is moderate (0.638),Structural brakes: wetlands constraint is moderate (0.627); fragility pressure is moderate (0.598)
54,57,40015,"Caddo County, Oklahoma",OK,South,advance_with_notes,small_market,0.9629213483146069,0.5770647972097463,0.9671564390665515,0.032713241742289116,0.9248055315471045,0.12346079066753078,0.7101882076511765,0.0815755850488756,1047,26337.0,"High quiet-breakout probability with high residual-upside magnitude. Prior momentum rank is 12.3%, inside the not-hot gate. Market-depth adequacy is high (0.710).",Wave 3 support is moderate; structural brakes are moderate. Supports: optionality is strong (0.670). Brakes: fragility pressure is moderate (0.580).,Structural support: optionality is strong (0.670),Structural brakes: fragility pressure is moderate (0.580)
55,33,29029,"Camden County, Missouri",MO,Midwest,advance_with_notes,small_market,0.9628781331028522,0.5591235245458869,0.9611063094209161,0.06176221288510609,0.9788245462402766,0.17368762151652625,0.8912146565192852,0.0066626553790813,2087,44135.0,"High quiet-breakout probability with high residual-upside magnitude. Prior momentum rank is 17.4%, inside the not-hot gate. Market-depth adequacy is high (0.891).",Wave 3 support is moderate; structural brakes are moderate. Supports: optionality is moderate (0.617). Brakes: wetlands constraint is moderate (0.616).,Structural support: optionality is moderate (0.617),Structural brakes: wetlands constraint is moderate (0.616)
56,12,42097,"Northumberland County, Pennsylvania",PA,Northeast,advance_with_notes,already_high_in_live_ranking,0.9614088159031979,0.550743378960796,0.9580812445980985,0.07709475999135193,0.9913569576490925,0.2427090084251458,0.8128246620345736,0.1289845661824599,50,90027.0,"High quiet-breakout probability with high residual-upside magnitude. Prior momentum rank is 24.3%, inside the not-hot gate. Market-depth adequacy is high (0.813).",Wave 3 support is moderate; structural brakes are moderate. Supports: scarcity/amenity balance is strong (0.694); optionality is moderate (0.657); fragility/support balance is moderate (0.626). Brakes: fragility pressure is moderate (0.557).,Structural support: scarcity/amenity balance is strong (0.694); optionality is moderate (0.657); fragility/support balance is moderate (0.626),Structural brakes: fragility pressure is moderate (0.557)
57,132,21013,"Bell County, Kentucky",KY,South,review,very_small_market; moderate_market_depth; recent_population_decline; labor_stress,0.9612791702679343,0.6972074867954562,0.9913569576490925,-0.016442410858889155,0.6905790838375108,0.1049902786779002,0.6701020943668363,0.2026493481970541,2768,23051.0,"High quiet-breakout probability with low residual-upside magnitude. Prior momentum rank is 10.5%, inside the not-hot gate. Market-depth adequacy is moderate (0.670).",Wave 3 support is moderate; structural brakes are moderate. Supports: optionality is strong (0.680); scarcity/amenity balance is moderate (0.629); site-thesis support is moderate (0.619). Brakes: no major structural brakes flagged.,Structural support: optionality is strong (0.680); scarcity/amenity balance is moderate (0.629); site-thesis support is moderate (0.619),Structural brakes: no major structural brakes flagged
58,63,06033,"Lake County, California",CA,West,advance_with_notes,labor_stress,0.9606309420916161,0.590638613750321,0.9697493517718236,0.018735299659557753,0.8785652549697494,0.07841866493843162,0.8633896182144382,0.0513138782090034,1913,67764.0,"High quiet-breakout probability with moderate residual-upside magnitude. Prior momentum rank is 7.8%, inside the not-hot gate. Market-depth adequacy is high (0.863).",Wave 3 support is moderate; structural brakes are moderate. Supports: scarcity/amenity balance is strong (0.871); optionality is strong (0.671); site-thesis support is moderate (0.643). Brakes: fragility pressure is moderate (0.663); constraint complexity is moderate (0.572); wetlands constraint is moderate (0.569).,Structural support: scarcity/amenity balance is strong (0.871); optionality is strong (0.671); site-thesis support is moderate (0.643),Structural brakes: fragility pressure is moderate (0.663); constraint complexity is moderate (0.572); wetlands constraint is moderate (0.569)
59,65,42127,"Wayne County, Pennsylvania",PA,Northeast,review,negative_wave3_net_support,0.9602852203975799,0.5628031284626142,0.9619706136560069,0.03910881751238433,0.9451166810717373,0.4471808165910564,0.91740149550034,-0.0964565745341606,939,51419.0,"High quiet-breakout probability with high residual-upside magnitude. Prior momentum rank is 44.7%, inside the not-hot gate. Market-depth adequacy is high (0.917).",Wave 3 support is moderate; structural brakes are moderate. Supports: no major structural supports flagged. Brakes: constraint pressure is moderate (0.641); constraint complexity is moderate (0.600); wetlands constraint is moderate (0.564).,Structural support: no major structural supports flagged,Structural brakes: constraint pressure is moderate (0.641); constraint complexity is moderate (0.600); wetlands constraint is moderate (0.564)
60,166,19007,"Appanoose County, Iowa",IA,Midwest,review,very_small_market; moderate_market_depth; negative_wave3_net_support,0.959896283491789,0.569771445550505,0.9645635263612792,0.030215868144847995,0.9178910976663786,0.1218405703175632,0.4527073759028053,-0.0568198857066681,1125,12106.0,"High quiet-breakout probability with high residual-upside magnitude. Prior momentum rank is 12.2%, inside the not-hot gate. Market-depth adequacy is moderate (0.453).",Wave 3 support is moderate; structural brakes are moderate. Supports: scarcity/amenity balance is strong (0.691). Brakes: constraint pressure is moderate (0.641); wetlands constraint is moderate (0.600); constraint complexity is moderate (0.582).,Structural support: scarcity/amenity balance is strong (0.691),Structural brakes: constraint pressure is moderate (0.641); wetlands constraint is moderate (0.600); constraint complexity is moderate (0.582)
61,204,36061,"New York County, New York",NY,Northeast,advance_with_notes,moderate_market_depth,0.9597666378565255,0.7381385144865636,0.9961106309420916,-0.02515861508668537,0.6326707000864304,0.030784186649384315,0.4931985336179595,0.2722632012231489,2886,1660664.0,"High quiet-breakout probability with low residual-upside magnitude. Prior momentum rank is 3.1%, inside the not-hot gate. Market-depth adequacy is moderate (0.493).",Wave 3 support is strong; structural brakes are moderate. Supports: fragility/support balance is strong (0.758); scarcity/amenity balance is strong (0.747); site-thesis support is strong (0.731). Brakes: wetlands constraint is moderate (0.646).,Structural support: fragility/support balance is strong (0.758); scarcity/amenity balance is strong (0.747); site-thesis support is strong (0.731),Structural brakes: wetlands constraint is moderate (0.646)
62,21,30081,"Ravalli County, Montana",MT,West,advance_with_notes,small_market,0.9589023336214347,0.5713337141114866,0.9658599827139153,0.02391785298022391,0.8962834917891098,0.40343486714193133,0.9769130997449975,0.1245874637050692,2099,48187.0,"High quiet-breakout probability with moderate residual-upside magnitude. Prior momentum rank is 40.3%, inside the not-hot gate. Market-depth adequacy is high (0.977).",Wave 3 support is moderate; structural brakes are moderate. Supports: scarcity/amenity balance is strong (0.682); site-thesis support is moderate (0.625); optionality is moderate (0.619). Brakes: no major structural brakes flagged.,Structural support: scarcity/amenity balance is strong (0.682); site-thesis support is moderate (0.625); optionality is moderate (0.619),Structural brakes: no major structural brakes flagged
63,61,16023,"Butte County, Idaho",ID,West,review,very_small_market; thin_market_depth,0.9585998271391529,0.5449363445063011,0.9559204840103717,0.06460509962647869,0.982713915298185,0.4364873622812703,0.18796433526484835,0.324162534601031,1784,2735.0,"High quiet-breakout probability with high residual-upside magnitude. Prior momentum rank is 43.6%, inside the not-hot gate. Market-depth adequacy is low (0.188).",Wave 3 support is strong; structural brakes are light. Supports: optionality is strong (0.729); site-thesis support is strong (0.700); fragility/support balance is strong (0.697). Brakes: no major structural brakes flagged.,Structural support: optionality is strong (0.729); site-thesis support is strong (0.700); fragility/support balance is strong (0.697),Structural brakes: no major structural brakes flagged
64,48,30063,"Missoula County, Montana",MT,West,advance,,0.9579948141745894,0.5777949700816263,0.9675885911840968,0.017158641838551,0.8716508210890234,0.533700583279326,0.7096121814333467,0.2010702738674933,2086,122546.0,"High quiet-breakout probability with moderate residual-upside magnitude. Prior momentum rank is 53.4%, inside the not-hot gate. Market-depth adequacy is high (0.710).",Wave 3 support is moderate; structural brakes are moderate. Supports: scarcity/amenity balance is strong (0.785); optionality is strong (0.671); site-thesis support is moderate (0.650). Brakes: no major structural brakes flagged.,Structural support: scarcity/amenity balance is strong (0.785); optionality is strong (0.671); site-thesis support is moderate (0.650),Structural brakes: no major structural brakes flagged
65,22,42061,"Huntingdon County, Pennsylvania",PA,Northeast,advance_with_notes,small_market,0.95514261019879,0.5749719063588555,0.9662921348314607,0.013506016447419129,0.8547968885047537,0.2825664290343487,0.9654039848973988,0.2038669092234106,1209,43359.0,"High quiet-breakout probability with moderate residual-upside magnitude. Prior momentum rank is 28.3%, inside the not-hot gate. Market-depth adequacy is high (0.965).",Wave 3 support is moderate; structural brakes are moderate. Supports: scarcity/amenity balance is strong (0.752); fragility/support balance is moderate (0.667); optionality is moderate (0.638). Brakes: no major structural brakes flagged.,Structural support: scarcity/amenity balance is strong (0.752); fragility/support balance is moderate (0.667); optionality is moderate (0.638),Structural brakes: no major structural brakes flagged
66,205,35003,"Catron County, New Mexico",NM,West,review,very_small_market; thin_market_depth,0.9545375972342265,0.5909398246368922,0.9701815038893691,0.004848549188516603,0.8137424373379429,0.10110174983797797,0.13893721309084495,0.1065587000088139,2560,3795.0,"High quiet-breakout probability with moderate residual-upside magnitude. Prior momentum rank is 10.1%, inside the not-hot gate. Market-depth adequacy is low (0.139).",Wave 3 support is moderate; structural brakes are moderate. Supports: optionality is strong (0.686); site-thesis support is moderate (0.639); scarcity/amenity balance is moderate (0.623). Brakes: fragility pressure is heavy (0.710); constraint complexity is moderate (0.551).,Structural support: optionality is strong (0.686); site-thesis support is moderate (0.639); scarcity/amenity balance is moderate (0.623),Structural brakes: fragility pressure is heavy (0.710); constraint complexity is moderate (0.551)
67,16,42013,"Blair County, Pennsylvania",PA,Northeast,advance,,0.9540190146931721,0.536002333664391,0.9503025064822818,0.07121975958131155,0.9874675885911841,0.19248217757615035,0.7299763963326438,0.1902300265410224,190,120269.0,"High quiet-breakout probability with high residual-upside magnitude. Prior momentum rank is 19.2%, inside the not-hot gate. Market-depth adequacy is high (0.730).",Wave 3 support is moderate; structural brakes are light. Supports: optionality is moderate (0.642); fragility/support balance is moderate (0.610). Brakes: no major structural brakes flagged.,Structural support: optionality is moderate (0.642); fragility/support balance is moderate (0.610),Structural brakes: no major structural brakes flagged
68,253,40057,"Harmon County, Oklahoma",OK,South,review,very_small_market; thin_market_depth; recent_population_decline,0.9524200518582541,0.5884686932688918,0.9693171996542783,0.0017337863209669392,0.8003457216940363,0.06740116655865197,0.06088540015333599,0.0376355525889131,669,2315.0,"High quiet-breakout probability with moderate residual-upside magnitude. Prior momentum rank is 6.7%, inside the not-hot gate. Market-depth adequacy is low (0.061).",Wave 3 support is moderate; structural brakes are moderate. Supports: developability is moderate (0.619). Brakes: fragility pressure is moderate (0.584).,Structural support: developability is moderate (0.619),Structural brakes: fragility pressure is moderate (0.584)
69,46,42051,"Fayette County, Pennsylvania",PA,Northeast,advance_with_notes,recent_population_decline,0.9513396715643907,0.5531716891361986,0.95980985306828,0.017909596022363472,0.8751080380293863,0.2151652624756967,0.7387435414356902,0.2004631095689263,455,123941.0,"High quiet-breakout probability with moderate residual-upside magnitude. Prior momentum rank is 21.5%, inside the not-hot gate. Market-depth adequacy is high (0.739).",Wave 3 support is moderate; structural brakes are moderate. Supports: fragility/support balance is moderate (0.654); optionality is moderate (0.650); scarcity/amenity balance is moderate (0.633). Brakes: no major structural brakes flagged.,Structural support: fragility/support balance is moderate (0.654); optionality is moderate (0.650); scarcity/amenity balance is moderate (0.633),Structural brakes: no major structural brakes flagged
70,251,35023,"Hidalgo County, New Mexico",NM,West,review,very_small_market; thin_market_depth,0.9511668107173725,0.6183418049635157,0.9796888504753674,-0.01602905940432457,0.6944684528954191,0.08457550226830848,0.1178336631826522,0.1899051422996575,2597,3966.0,"High quiet-breakout probability with low residual-upside magnitude. Prior momentum rank is 8.5%, inside the not-hot gate. Market-depth adequacy is low (0.118).",Wave 3 support is moderate; structural brakes are moderate. Supports: optionality is strong (0.704); scarcity/amenity balance is strong (0.702); site-thesis support is strong (0.673). Brakes: no major structural brakes flagged.,Structural support: optionality is strong (0.704); scarcity/amenity balance is strong (0.702); site-thesis support is strong (0.673),Structural brakes: no major structural brakes flagged
71,281,48245,"Jefferson County, Texas",TX,South,review,moderate_market_depth; negative_wave3_net_support; low_structural_support; heavy_structural_brakes,0.9511668107173725,0.5924221312281465,0.9719101123595506,-0.0039208603190165215,0.7644770959377701,0.10758263123784835,0.6273274893355365,-0.4165901779686727,1567,253948.0,"High quiet-breakout probability with moderate residual-upside magnitude. Prior momentum rank is 10.8%, inside the not-hot gate. Market-depth adequacy is moderate (0.627).",Wave 3 support is moderate; structural brakes are heavy. Supports: scarcity/amenity balance is moderate (0.619). Brakes: fragility pressure is heavy (0.978); wetlands constraint is heavy (0.968); constraint complexity is heavy (0.773).,Structural support: scarcity/amenity balance is moderate (0.619),Structural brakes: fragility pressure is heavy (0.978); wetlands constraint is heavy (0.968); constraint complexity is heavy (0.773)
72,80,21221,"Trigg County, Kentucky",KY,South,review,very_small_market; moderate_market_depth,0.951037165082109,0.551041681161887,0.958513396715644,0.020442608108517,0.8837510803802938,0.008425145819831496,0.5204921058697882,0.2011298446958329,2278,14559.0,"High quiet-breakout probability with moderate residual-upside magnitude. Prior momentum rank is 0.8%, inside the not-hot gate. Market-depth adequacy is moderate (0.520).",Wave 3 support is strong; structural brakes are moderate. Supports: scarcity/amenity balance is strong (0.826); fragility/support balance is strong (0.729); optionality is strong (0.719). Brakes: wetlands constraint is moderate (0.629).,Structural support: scarcity/amenity balance is strong (0.826); fragility/support balance is strong (0.729); optionality is strong (0.719),Structural brakes: wetlands constraint is moderate (0.629)
73,39,26061,"Houghton County, Michigan",MI,Midwest,advance_with_notes,small_market,0.9506482281763181,0.559707250362393,0.9615384615384616,0.013209994760357953,0.8526361279170268,0.3723266364225535,0.8909107266656966,0.153890298220951,188,38041.0,"High quiet-breakout probability with moderate residual-upside magnitude. Prior momentum rank is 37.2%, inside the not-hot gate. Market-depth adequacy is high (0.891).",Wave 3 support is moderate; structural brakes are moderate. Supports: scarcity/amenity balance is strong (0.860); fragility/support balance is strong (0.730); site-thesis support is moderate (0.641). Brakes: wetlands constraint is heavy (0.719); constraint pressure is moderate (0.601).,Structural support: scarcity/amenity balance is strong (0.860); fragility/support balance is strong (0.730); site-thesis support is moderate (0.641),Structural brakes: wetlands constraint is heavy (0.719); constraint pressure is moderate (0.601)
74,8,42121,"Venango County, Pennsylvania",PA,Northeast,advance_with_notes,small_market,0.9492653414001728,0.5264035178521966,0.9468452895419187,0.05595763258770774,0.9710458081244598,0.46014257939079717,0.9846990702029416,0.1634900329855637,132,49476.0,"High quiet-breakout probability with high residual-upside magnitude. Prior momentum rank is 46.0%, inside the not-hot gate. Market-depth adequacy is high (0.985).",Wave 3 support is moderate; structural brakes are moderate. Supports: scarcity/amenity balance is moderate (0.667); fragility/support balance is moderate (0.639); optionality is moderate (0.624). Brakes: constraint pressure is moderate (0.600).,Structural support: scarcity/amenity balance is moderate (0.667); fragility/support balance is moderate (0.639); optionality is moderate (0.624),Structural brakes: constraint pressure is moderate (0.600)
75,131,08091,"Ouray County, Colorado",CO,West,review,very_small_market; thin_market_depth,0.9475367329299913,0.5444231935360369,0.9554883318928262,0.018245471987118764,0.8759723422644771,0.49902786779001945,0.27761593209803137,0.1567362175367975,2303,5197.0,"High quiet-breakout probability with moderate residual-upside magnitude. Prior momentum rank is 49.9%, inside the not-hot gate. Market-depth adequacy is low (0.278).",Wave 3 support is moderate; structural brakes are moderate. Supports: scarcity/amenity balance is strong (0.692); optionality is moderate (0.631); site-thesis support is moderate (0.602). Brakes: no major structural brakes flagged.,Structural support: scarcity/amenity balance is strong (0.692); optionality is moderate (0.631); site-thesis support is moderate (0.602),Structural brakes: no major structural brakes flagged
76,162,37131,"Northampton County, North Carolina",NC,South,review,very_small_market; moderate_market_depth; negative_wave3_net_support; low_structural_support; heavy_structural_brakes; recent_population_decline,0.9471910112359551,0.5221455185203324,0.9442523768366465,0.05938010212372486,0.973638720829732,0.12086843810758263,0.5693488790358436,-0.2303336869731828,619,16580.0,"High quiet-breakout probability with high residual-upside magnitude. Prior momentum rank is 12.1%, inside the not-hot gate. Market-depth adequacy is moderate (0.569).",Wave 3 support is moderate; structural brakes are moderate. Supports: no major structural supports flagged. Brakes: wetlands constraint is heavy (0.712); fragility pressure is heavy (0.671); constraint complexity is moderate (0.613).,Structural support: no major structural supports flagged,Structural brakes: wetlands constraint is heavy (0.712); fragility pressure is heavy (0.671); constraint complexity is moderate (0.613)
77,299,06075,"San Francisco County, California",CA,West,advance_with_notes,moderate_market_depth,0.9464995678478825,0.77467836003445,0.9982713915298185,-0.046271348409362985,0.48055315471045806,0.04082955281918341,0.5093799883693083,0.2967641674547207,2659,827526.0,"High quiet-breakout probability with low residual-upside magnitude. Prior momentum rank is 4.1%, inside the not-hot gate. Market-depth adequacy is moderate (0.509).",Wave 3 support is strong; structural brakes are light. Supports: fragility/support balance is strong (0.773); scarcity/amenity balance is strong (0.716); optionality is strong (0.715). Brakes: no major structural brakes flagged.,Structural support: fragility/support balance is strong (0.773); scarcity/amenity balance is strong (0.716); optionality is strong (0.715),Structural brakes: no major structural brakes flagged
78,118,01127,"Walker County, Alabama",AL,South,review,negative_wave3_net_support; already_high_in_live_ranking,0.9461538461538461,0.5519717909208506,0.9589455488331893,0.008016079376994622,0.831028522039758,0.1458198314970836,0.8916968631667327,-0.0625770098541264,99,65260.0,"High quiet-breakout probability with moderate residual-upside magnitude. Prior momentum rank is 14.6%, inside the not-hot gate. Market-depth adequacy is high (0.892).",Wave 3 support is moderate; structural brakes are moderate. Supports: optionality is moderate (0.617). Brakes: constraint pressure is moderate (0.579).,Structural support: optionality is moderate (0.617),Structural brakes: constraint pressure is moderate (0.579)
79,383,40045,"Ellis County, Oklahoma",OK,South,review,very_small_market; thin_market_depth; recent_population_decline,0.9459377700950734,0.6524878565152157,0.9840103716508211,-0.029220716934315345,0.6032843560933449,0.12994167206740118,0.1190876844677834,0.065035531190402,2477,3601.0,"High quiet-breakout probability with low residual-upside magnitude. Prior momentum rank is 13.0%, inside the not-hot gate. Market-depth adequacy is low (0.119).",Wave 3 support is moderate; structural brakes are moderate. Supports: no major structural supports flagged. Brakes: fragility pressure is moderate (0.606).,Structural support: no major structural supports flagged,Structural brakes: fragility pressure is moderate (0.606)
80,110,05069,"Jefferson County, Arkansas",AR,South,advance,,0.9444684528954191,0.55388808476351,0.9602420051858254,0.002342907721410056,0.8025064822817631,0.13285806869734285,0.9020947982527006,0.0195236766986535,595,63672.0,"High quiet-breakout probability with moderate residual-upside magnitude. Prior momentum rank is 13.3%, inside the not-hot gate. Market-depth adequacy is high (0.902).",Wave 3 support is moderate; structural brakes are moderate. Supports: scarcity/amenity balance is strong (0.680); optionality is moderate (0.608). Brakes: wetlands constraint is heavy (0.690).,Structural support: scarcity/amenity balance is strong (0.680); optionality is moderate (0.608),Structural brakes: wetlands constraint is heavy (0.690)
81,126,32021,"Mineral County, Nevada",NV,West,review,very_small_market; thin_market_depth; recent_population_decline; labor_stress,0.9434745030250649,0.532112049749091,0.9481417458945549,0.024960913635675746,0.9014693171996543,0.004860661049902786,0.14034537469793829,0.2016954697698594,2378,4475.0,"High quiet-breakout probability with high residual-upside magnitude. Prior momentum rank is 0.5%, inside the not-hot gate. Market-depth adequacy is low (0.140).",Wave 3 support is moderate; structural brakes are moderate. Supports: scarcity/amenity balance is strong (0.774); site-thesis support is strong (0.686); optionality is strong (0.686). Brakes: no major structural brakes flagged.,Structural support: scarcity/amenity balance is strong (0.774); site-thesis support is strong (0.686); optionality is strong (0.686),Structural brakes: no major structural brakes flagged
82,161,30029,"Flathead County, Montana",MT,West,advance,,0.943171996542783,0.566647524666903,0.9632670700086431,-0.004354383513642513,0.7623163353500432,0.4507453013609851,0.7203914548404793,0.0436939426086843,2508,114527.0,"High quiet-breakout probability with moderate residual-upside magnitude. Prior momentum rank is 45.1%, inside the not-hot gate. Market-depth adequacy is high (0.720).",Wave 3 support is moderate; structural brakes are moderate. Supports: scarcity/amenity balance is strong (0.851); optionality is moderate (0.652); site-thesis support is moderate (0.624). Brakes: constraint pressure is heavy (0.678); constraint complexity is moderate (0.580).,Structural support: scarcity/amenity balance is strong (0.851); optionality is moderate (0.652); site-thesis support is moderate (0.624),Structural brakes: constraint pressure is heavy (0.678); constraint complexity is moderate (0.580)
83,72,54101,"Webster County, West Virginia",WV,South,review,very_small_market; thin_market_depth; recent_population_decline,0.9428694900605012,0.5075834611825107,0.9386343993085566,0.06369807890848204,0.9809853068280034,0.36292935839274143,0.23258353401379728,0.2568858421928347,718,7947.0,"High quiet-breakout probability with high residual-upside magnitude. Prior momentum rank is 36.3%, inside the not-hot gate. Market-depth adequacy is low (0.233).",Wave 3 support is moderate; structural brakes are light. Supports: optionality is strong (0.677); fragility/support balance is moderate (0.661); scarcity/amenity balance is moderate (0.618). Brakes: constraint pressure is moderate (0.558).,Structural support: optionality is strong (0.677); fragility/support balance is moderate (0.661); scarcity/amenity balance is moderate (0.618),Structural brakes: constraint pressure is moderate (0.558)
84,194,26135,"Oscoda County, Michigan",MI,Midwest,review,very_small_market; thin_market_depth; labor_stress; already_high_in_live_ranking,0.9426534140017286,0.5573080754739014,0.9606741573033708,-0.0017801790898935585,0.780466724286949,0.5346727154893065,0.36303931765713227,0.1303416705413473,89,8596.0,"High quiet-breakout probability with moderate residual-upside magnitude. Prior momentum rank is 53.5%, inside the not-hot gate. Market-depth adequacy is low (0.363).",Wave 3 support is moderate; structural brakes are moderate. Supports: scarcity/amenity balance is strong (0.755); site-thesis support is moderate (0.669); fragility/support balance is moderate (0.641). Brakes: wetlands constraint is moderate (0.605); constraint pressure is moderate (0.563).,Structural support: scarcity/amenity balance is strong (0.755); site-thesis support is moderate (0.669); fragility/support balance is moderate (0.641),Structural brakes: wetlands constraint is moderate (0.605); constraint pressure is moderate (0.563)
85,223,05003,"Ashley County, Arkansas",AR,South,review,very_small_market; moderate_market_depth; negative_wave3_net_support; heavy_structural_brakes; recent_population_decline,0.9423509075194468,0.5412198577092382,0.9541918755401901,0.009249373063040493,0.8357821953327571,0.06999351911860013,0.5795151430271541,-0.1461738555166756,1431,17984.0,"High quiet-breakout probability with moderate residual-upside magnitude. Prior momentum rank is 7.0%, inside the not-hot gate. Market-depth adequacy is moderate (0.580).",Wave 3 support is moderate; structural brakes are moderate. Supports: no major structural supports flagged. Brakes: wetlands constraint is heavy (0.700); constraint pressure is moderate (0.604); constraint complexity is moderate (0.580).,Structural support: no major structural supports flagged,Structural brakes: wetlands constraint is heavy (0.700); constraint pressure is moderate (0.604); constraint complexity is moderate (0.580)
86,300,22021,"Caldwell Parish, Louisiana",LA,South,review,very_small_market; thin_market_depth; negative_wave3_net_support; low_structural_support; heavy_structural_brakes,0.9420051858254106,0.5387238786904872,0.9520311149524633,0.012927231484167932,0.851771823681936,0.02624756966947505,0.33424722593475675,-0.3526545769595361,2238,9393.0,"High quiet-breakout probability with moderate residual-upside magnitude. Prior momentum rank is 2.6%, inside the not-hot gate. Market-depth adequacy is low (0.334).",Wave 3 support is thin; structural brakes are heavy. Supports: no major structural supports flagged. Brakes: wetlands constraint is heavy (0.773); fragility pressure is heavy (0.760); constraint complexity is heavy (0.715).,Structural support: no major structural supports flagged,Structural brakes: wetlands constraint is heavy (0.773); fragility pressure is heavy (0.760); constraint complexity is heavy (0.715)
87,31,56033,"Sheridan County, Wyoming",WY,West,advance_with_notes,small_market,0.9414866032843561,0.5194391064301234,0.9438202247191011,0.03182790872772104,0.9204840103716508,0.42449773169151006,0.905455027643847,0.1343970678882518,1327,32978.0,"High quiet-breakout probability with high residual-upside magnitude. Prior momentum rank is 42.4%, inside the not-hot gate. Market-depth adequacy is high (0.905).",Wave 3 support is moderate; structural brakes are moderate. Supports: optionality is strong (0.672); site-thesis support is moderate (0.624). Brakes: no major structural brakes flagged.,Structural support: optionality is strong (0.672); site-thesis support is moderate (0.624),Structural brakes: no major structural brakes flagged
88,147,29223,"Wayne County, Missouri",MO,Midwest,review,very_small_market; thin_market_depth,0.9414866032843561,0.5100855219445471,0.9407951598962835,0.0407906012824155,0.9477095937770095,0.09883344134802333,0.40455900914305787,0.0112855466644787,1179,10820.0,"High quiet-breakout probability with high residual-upside magnitude. Prior momentum rank is 9.9%, inside the not-hot gate. Market-depth adequacy is low (0.405).",Wave 3 support is moderate; structural brakes are moderate. Supports: scarcity/amenity balance is strong (0.769); optionality is moderate (0.603). Brakes: constraint pressure is moderate (0.595); constraint complexity is moderate (0.561).,Structural support: scarcity/amenity balance is strong (0.769); optionality is moderate (0.603),Structural brakes: constraint pressure is moderate (0.595); constraint complexity is moderate (0.561)
89,159,40025,"Cimarron County, Oklahoma",OK,South,review,very_small_market; thin_market_depth; recent_population_decline,0.9406222990492653,0.5342496478688037,0.9490060501296457,0.015783628046558112,0.8651685393258427,0.2997407647440052,0.05413164918016078,0.2163653340721206,783,2133.0,"High quiet-breakout probability with moderate residual-upside magnitude. Prior momentum rank is 30.0%, inside the not-hot gate. Market-depth adequacy is low (0.054).",Wave 3 support is moderate; structural brakes are light. Supports: optionality is strong (0.681); site-thesis support is moderate (0.626); developability is moderate (0.625). Brakes: no major structural brakes flagged.,Structural support: optionality is strong (0.681); site-thesis support is moderate (0.626); developability is moderate (0.625),Structural brakes: no major structural brakes flagged
90,279,35059,"Union County, New Mexico",NM,West,review,very_small_market; thin_market_depth; recent_population_decline,0.9405358686257563,0.6102456816721371,0.9766637856525497,-0.027604958874591072,0.6153846153846154,0.29390797148412184,0.13208554250498306,0.2931295184102501,1433,3926.0,"High quiet-breakout probability with low residual-upside magnitude. Prior momentum rank is 29.4%, inside the not-hot gate. Market-depth adequacy is low (0.132).",Wave 3 support is moderate; structural brakes are light. Supports: optionality is strong (0.726); fragility/support balance is strong (0.690); site-thesis support is strong (0.672). Brakes: no major structural brakes flagged.,Structural support: optionality is strong (0.726); fragility/support balance is strong (0.690); site-thesis support is strong (0.672),Structural brakes: no major structural brakes flagged
91,503,45033,"Dillon County, South Carolina",SC,South,review,small_market; negative_wave3_net_support; low_structural_support; heavy_structural_brakes; labor_stress,0.9401037165082109,0.7294423612451811,0.9952463267070009,-0.05191671781425688,0.4438202247191011,0.017498379779650033,0.7473569563242858,-0.4212666291086149,1971,27577.0,"High quiet-breakout probability with low residual-upside magnitude. Prior momentum rank is 1.7%, inside the not-hot gate. Market-depth adequacy is high (0.747).",Wave 3 support is thin; structural brakes are heavy. Supports: no major structural supports flagged. Brakes: fragility pressure is heavy (0.807); wetlands constraint is heavy (0.796); constraint complexity is heavy (0.707).,Structural support: no major structural supports flagged,Structural brakes: fragility pressure is heavy (0.807); wetlands constraint is heavy (0.796); constraint complexity is heavy (0.707)
92,286,26095,"Luce County, Michigan",MI,Midwest,review,very_small_market; thin_market_depth; recent_population_decline; labor_stress,0.9388072601555747,0.5867311498136752,0.9688850475367329,-0.020079859409634162,0.6681071737251513,0.18924173687621518,0.2219774109007917,0.1292275556875194,310,6328.0,"High quiet-breakout probability with low residual-upside magnitude. Prior momentum rank is 18.9%, inside the not-hot gate. Market-depth adequacy is low (0.222).",Wave 3 support is strong; structural brakes are moderate. Supports: scarcity/amenity balance is strong (0.889); fragility/support balance is strong (0.731); site-thesis support is strong (0.672). Brakes: wetlands constraint is heavy (0.808); constraint pressure is moderate (0.665).,Structural support: scarcity/amenity balance is strong (0.889); fragility/support balance is strong (0.731); site-thesis support is strong (0.672),Structural brakes: wetlands constraint is heavy (0.808); constraint pressure is moderate (0.665)
93,160,30079,"Prairie County, Montana",MT,West,review,very_small_market; thin_market_depth,0.9385479688850477,0.5359481135733802,0.9498703543647364,0.0095430586616765,0.8366464995678479,0.5051847051198963,0.021096748001166232,0.3280192756791006,1779,1112.0,"High quiet-breakout probability with moderate residual-upside magnitude. Prior momentum rank is 50.5%, inside the not-hot gate. Market-depth adequacy is low (0.021).",Wave 3 support is strong; structural brakes are light. Supports: optionality is strong (0.739); fragility/support balance is strong (0.721); site-thesis support is strong (0.710). Brakes: no major structural brakes flagged.,Structural support: optionality is strong (0.739); fragility/support balance is strong (0.721); site-thesis support is strong (0.710),Structural brakes: no major structural brakes flagged
94,135,45087,"Union County, South Carolina",SC,South,advance_with_notes,small_market,0.9384615384615385,0.5443151307265083,0.9550561797752809,0.00010976169971117937,0.7891097666378565,0.12443292287751134,0.7383133908387522,0.0617088859235508,1263,26678.0,"High quiet-breakout probability with moderate residual-upside magnitude. Prior momentum rank is 12.4%, inside the not-hot gate. Market-depth adequacy is high (0.738).",Wave 3 support is moderate; structural brakes are moderate. Supports: optionality is moderate (0.617); scarcity/amenity balance is moderate (0.606). Brakes: no major structural brakes flagged.,Structural support: optionality is moderate (0.617); scarcity/amenity balance is moderate (0.606),Structural brakes: no major structural brakes flagged
95,117,42039,"Crawford County, Pennsylvania",PA,Northeast,review,negative_wave3_net_support; heavy_structural_brakes,0.9382022471910112,0.505948760550316,0.9377700950734659,0.038305958829705576,0.9420916162489196,0.19539857420609202,0.8190642448211709,-0.1826749218709842,1089,82089.0,"High quiet-breakout probability with high residual-upside magnitude. Prior momentum rank is 19.5%, inside the not-hot gate. Market-depth adequacy is high (0.819).",Wave 3 support is moderate; structural brakes are moderate. Supports: no major structural supports flagged. Brakes: constraint pressure is heavy (0.676); wetlands constraint is moderate (0.669); constraint complexity is moderate (0.633).,Structural support: no major structural supports flagged,Structural brakes: constraint pressure is heavy (0.676); wetlands constraint is moderate (0.669); constraint complexity is moderate (0.633)
96,124,42009,"Bedford County, Pennsylvania",PA,Northeast,advance_with_notes,small_market,0.9381590319792568,0.5711105683809735,0.9654278305963699,-0.016258832052995543,0.6927398444252377,0.17757615035644847,0.9757596529379493,0.0899216236974753,1339,47643.0,"High quiet-breakout probability with low residual-upside magnitude. Prior momentum rank is 17.8%, inside the not-hot gate. Market-depth adequacy is high (0.976).",Wave 3 support is moderate; structural brakes are moderate. Supports: optionality is moderate (0.609). Brakes: constraint pressure is moderate (0.610).,Structural support: optionality is moderate (0.609),Structural brakes: constraint pressure is moderate (0.610)
97,32,21199,"Pulaski County, Kentucky",KY,South,advance,,0.937856525496975,0.5080203613003793,0.9394987035436474,0.0324837057617271,0.9230769230769231,0.16202203499675957,0.8728688561838598,0.1580229140550229,891,66842.0,"High quiet-breakout probability with high residual-upside magnitude. Prior momentum rank is 16.2%, inside the not-hot gate. Market-depth adequacy is high (0.873).",Wave 3 support is moderate; structural brakes are moderate. Supports: scarcity/amenity balance is strong (0.744); optionality is moderate (0.665); fragility/support balance is moderate (0.640). Brakes: constraint pressure is moderate (0.599).,Structural support: scarcity/amenity balance is strong (0.744); optionality is moderate (0.665); fragility/support balance is moderate (0.640),Structural brakes: constraint pressure is moderate (0.599)
98,17,54099,"Wayne County, West Virginia",WV,South,advance_with_notes,small_market; recent_population_decline,0.9369922212618842,0.4981843185140421,0.935609334485739,0.04194816604949601,0.949438202247191,0.45366169799092676,0.8627789812819942,0.2104214455858495,700,37589.0,"High quiet-breakout probability with high residual-upside magnitude. Prior momentum rank is 45.4%, inside the not-hot gate. Market-depth adequacy is high (0.863).",Wave 3 support is moderate; structural brakes are moderate. Supports: optionality is strong (0.696); scarcity/amenity balance is strong (0.693); fragility/support balance is moderate (0.630). Brakes: no major structural brakes flagged.,Structural support: optionality is strong (0.696); scarcity/amenity balance is strong (0.693); fragility/support balance is moderate (0.630),Structural brakes: no major structural brakes flagged
99,185,19151,"Pocahontas County, Iowa",IA,Midwest,review,very_small_market; thin_market_depth,0.9365168539325842,0.5370520912863824,0.9507346585998271,0.003754012336006414,0.8085566119273985,0.35677252106286456,0.2590405106321967,0.1630736631505304,902,7006.0,"High quiet-breakout probability with moderate residual-upside magnitude. Prior momentum rank is 35.7%, inside the not-hot gate. Market-depth adequacy is low (0.259).",Wave 3 support is moderate; structural brakes are light. Supports: fragility/support balance is moderate (0.620). Brakes: no major structural brakes flagged.,Structural support: fragility/support balance is moderate (0.620),Structural brakes: no major structural brakes flagged
100,138,54021,"Gilmer County, West Virginia",WV,South,review,very_small_market; thin_market_depth; recent_population_decline,0.9362143474503025,0.50149566178099,0.9360414866032843,0.037028424406118296,0.9377700950734659,0.49773169151004537,0.20117043713073868,0.1077605325838494,1026,7116.0,"High quiet-breakout probability with high residual-upside magnitude. Prior momentum rank is 49.8%, inside the not-hot gate. Market-depth adequacy is low (0.201).",Wave 3 support is moderate; structural brakes are light. Supports: optionality is moderate (0.614). Brakes: no major structural brakes flagged.,Structural support: optionality is moderate (0.614),Structural brakes: no major structural brakes flagged
