export_priority_rank,fips,county,state_abbr,export_priority_score,preboom_classifier_score,breakout_probability_rank,breakout_probability_rank_pct,investable_residual_model_score,residual_model_score,residual_upside_rank,residual_upside_rank_pct,preboom_prior_momentum_rank_pct,emerging_market_depth_adequacy,wave3_net_support,wave3_support_score,wave3_brake_score,short_thesis,structural_summary,support_narrative,brake_narrative,next_diligence_check
1,35005,"Chaves County, New Mexico",NM,0.9661624891961971,0.6477902509788129,39,0.9835782195332757,0.050145571825169453,0.051955338852965306,81,0.9654278305963699,0.09202851587815943,0.9129171771491311,0.3327727551676472,0.676208407974734,0.3434356528070867,"High quiet-breakout probability with high residual-upside magnitude. Prior momentum rank is 9.2%, inside the not-hot gate. Market-depth adequacy is high (0.913).",Wave 3 support is strong; structural brakes are light. Supports: optionality is strong (0.731); fragility/support balance is strong (0.718); site-thesis support is strong (0.715). Brakes: no major structural brakes flagged.,Structural support: optionality is strong (0.731); fragility/support balance is strong (0.718); site-thesis support is strong (0.715),Structural brakes: no major structural brakes flagged,"Operator check: verify parcel availability, local listings, zoning/subdivision path, and whether the county-level signal is concentrated in investable submarkets."
2,42031,"Clarion County, Pennsylvania",PA,0.9576058772687988,0.6118032550508549,54,0.9770959377700951,0.07289087592496318,0.07653115405232394,28,0.9883318928262749,0.2375243033052495,0.881085089711573,0.2171597191795655,0.6247223033213855,0.4075625841418199,"High quiet-breakout probability with high residual-upside magnitude. Prior momentum rank is 23.8%, inside the not-hot gate. Market-depth adequacy is high (0.881).",Wave 3 support is moderate; structural brakes are moderate. Supports: scarcity/amenity balance is strong (0.707); fragility/support balance is moderate (0.660); optionality is moderate (0.638). Brakes: constraint pressure is moderate (0.576).,Structural support: scarcity/amenity balance is strong (0.707); fragility/support balance is moderate (0.660); optionality is moderate (0.638),Structural brakes: constraint pressure is moderate (0.576),"Operator check: verify parcel availability, local listings, zoning/subdivision path, and whether the county-level signal is concentrated in investable submarkets."
3,42083,"McKean County, Pennsylvania",PA,0.9563094209161624,0.6764076678438742,29,0.9878997407087294,0.08152082970254258,0.08504066338434606,15,0.9939498703543648,0.1743357096565133,0.8965249816462688,0.1575542554258862,0.6046209649705356,0.4470667095446494,"High quiet-breakout probability with high residual-upside magnitude. Prior momentum rank is 17.4%, inside the not-hot gate. Market-depth adequacy is high (0.897).",Wave 3 support is moderate; structural brakes are moderate. Supports: scarcity/amenity balance is strong (0.672); optionality is moderate (0.636); fragility/support balance is moderate (0.603). Brakes: constraint pressure is moderate (0.617).,Structural support: scarcity/amenity balance is strong (0.672); optionality is moderate (0.636); fragility/support balance is moderate (0.603),Structural brakes: constraint pressure is moderate (0.617),"Operator check: verify parcel availability, local listings, zoning/subdivision path, and whether the county-level signal is concentrated in investable submarkets."
4,39087,"Lawrence County, Ohio",OH,0.955790838375108,0.5967492568782681,62,0.973638720829732,0.0652758443212466,0.06642440887176576,40,0.9831460674157303,0.38107582631237846,0.9567717436245275,0.1704154739379719,0.6205060646741473,0.4500905907361753,"High quiet-breakout probability with high residual-upside magnitude. Prior momentum rank is 38.1%, inside the not-hot gate. Market-depth adequacy is high (0.957).",Wave 3 support is moderate; structural brakes are moderate. Supports: optionality is strong (0.680); scarcity/amenity balance is strong (0.670); site-thesis support is moderate (0.631). Brakes: constraint pressure is moderate (0.565).,Structural support: optionality is strong (0.680); scarcity/amenity balance is strong (0.670); site-thesis support is moderate (0.631),Structural brakes: constraint pressure is moderate (0.565),"Operator check: verify parcel availability, local listings, zoning/subdivision path, and whether the county-level signal is concentrated in investable submarkets."
5,42033,"Clearfield County, Pennsylvania",PA,0.9526145203111496,0.6963546423958137,22,0.9909248055315472,0.06547665138202631,0.07025484170089392,39,0.9835782195332757,0.04115359688917693,0.8299693585813452,0.1950322113039113,0.6136526156965855,0.4186204043926741,"High quiet-breakout probability with high residual-upside magnitude. Prior momentum rank is 4.1%, inside the not-hot gate. Market-depth adequacy is high (0.830).",Wave 3 support is moderate; structural brakes are moderate. Supports: scarcity/amenity balance is strong (0.697); optionality is moderate (0.635); fragility/support balance is moderate (0.613). Brakes: constraint pressure is moderate (0.552).,Structural support: scarcity/amenity balance is strong (0.697); optionality is moderate (0.635); fragility/support balance is moderate (0.613),Structural brakes: constraint pressure is moderate (0.552),"Operator check: verify parcel availability, local listings, zoning/subdivision path, and whether the county-level signal is concentrated in investable submarkets."
6,42021,"Cambria County, Pennsylvania",PA,0.9502160760587727,0.7489723701278652,8,0.9969749351771824,0.13399939265908967,0.15067926192224218,2,0.9995678478824547,0.027219701879455604,0.7232553927732912,0.2175746866884713,0.6137906816508953,0.396215994962424,"High quiet-breakout probability with high residual-upside magnitude. Prior momentum rank is 2.7%, inside the not-hot gate. Market-depth adequacy is high (0.723).",Wave 3 support is moderate; structural brakes are light. Supports: fragility/support balance is strong (0.670); scarcity/amenity balance is moderate (0.648); optionality is moderate (0.629). Brakes: no major structural brakes flagged.,Structural support: fragility/support balance is strong (0.670); scarcity/amenity balance is moderate (0.648); optionality is moderate (0.629),Structural brakes: no major structural brakes flagged,"Operator check: verify parcel availability, local listings, zoning/subdivision path, and whether the county-level signal is concentrated in investable submarkets."
7,24001,"Allegany County, Maryland",MD,0.9460458081244598,0.6016044434441595,58,0.9753673292999135,0.08274581667492621,0.08684379512253003,13,0.9948141745894555,0.339598185353208,0.8820301887480312,0.1435444898070478,0.5574004098713068,0.413855920064259,"High quiet-breakout probability with high residual-upside magnitude. Prior momentum rank is 34.0%, inside the not-hot gate. Market-depth adequacy is high (0.882).",Wave 3 support is moderate; structural brakes are moderate. Supports: optionality is moderate (0.616). Brakes: no major structural brakes flagged.,Structural support: optionality is moderate (0.616),Structural brakes: no major structural brakes flagged,"Operator check: verify parcel availability, local listings, zoning/subdivision path, and whether the county-level signal is concentrated in investable submarkets."
8,42121,"Venango County, Pennsylvania",PA,0.9429127052722557,0.5264035178521966,124,0.9468452895419187,0.05595763258770774,0.05630222313313913,68,0.9710458081244598,0.46014257939079717,0.9846990702029416,0.1634900329855637,0.6062904432655319,0.4428004102799682,"High quiet-breakout probability with high residual-upside magnitude. Prior momentum rank is 46.0%, inside the not-hot gate. Market-depth adequacy is high (0.985).",Wave 3 support is moderate; structural brakes are moderate. Supports: scarcity/amenity balance is moderate (0.667); fragility/support balance is moderate (0.639); optionality is moderate (0.624). Brakes: constraint pressure is moderate (0.600).,Structural support: scarcity/amenity balance is moderate (0.667); fragility/support balance is moderate (0.639); optionality is moderate (0.624),Structural brakes: constraint pressure is moderate (0.600),"Operator check: verify parcel availability, local listings, zoning/subdivision path, and whether the county-level signal is concentrated in investable submarkets."
9,42047,"Elk County, Pennsylvania",PA,0.9384615384615386,0.7106955378164843,17,0.993085566119274,0.03369446834471019,0.03576373312264816,169,0.9273984442523768,0.2741412832145172,0.8553517350354872,0.2108944037257135,0.6274003155039029,0.4165059117781893,"High quiet-breakout probability with high residual-upside magnitude. Prior momentum rank is 27.4%, inside the not-hot gate. Market-depth adequacy is high (0.855).",Wave 3 support is moderate; structural brakes are moderate. Supports: scarcity/amenity balance is strong (0.749); optionality is moderate (0.634); fragility/support balance is moderate (0.627). Brakes: constraint pressure is moderate (0.641).,Structural support: scarcity/amenity balance is strong (0.749); optionality is moderate (0.634); fragility/support balance is moderate (0.627),Structural brakes: constraint pressure is moderate (0.641),"Operator check: verify parcel availability, local listings, zoning/subdivision path, and whether the county-level signal is concentrated in investable submarkets."
10,16013,"Blaine County, Idaho",ID,0.9292999135695764,0.43788584113811546,239,0.8971477960242005,0.16769777982292364,0.17600476701702755,1,1.0,0.4118600129617628,0.8820062187108225,0.2427670979635803,0.676201891856784,0.4334347938932036,"Moderate quiet-breakout probability with high residual-upside magnitude. Prior momentum rank is 41.2%, inside the not-hot gate. Market-depth adequacy is high (0.882).",Wave 3 support is strong; structural brakes are moderate. Supports: scarcity/amenity balance is strong (0.778); optionality is strong (0.696); site-thesis support is strong (0.678). Brakes: no major structural brakes flagged.,Structural support: scarcity/amenity balance is strong (0.778); optionality is strong (0.696); site-thesis support is strong (0.678),Structural brakes: no major structural brakes flagged,"Operator check: verify parcel availability, local listings, zoning/subdivision path, and whether the county-level signal is concentrated in investable submarkets."
11,21089,"Greenup County, Kentucky",KY,0.9261668107173725,0.6070180189424511,57,0.975799481417459,0.046580234866292335,0.049331611407146196,96,0.9589455488331893,0.48152948801036943,0.8605672680066107,0.1234386357191276,0.5714041835529045,0.4479655478337768,"High quiet-breakout probability with high residual-upside magnitude. Prior momentum rank is 48.2%, inside the not-hot gate. Market-depth adequacy is high (0.861).",Wave 3 support is moderate; structural brakes are moderate. Supports: optionality is moderate (0.616); fragility/support balance is moderate (0.612). Brakes: no major structural brakes flagged.,Structural support: optionality is moderate (0.616); fragility/support balance is moderate (0.612),Structural brakes: no major structural brakes flagged,"Operator check: verify parcel availability, local listings, zoning/subdivision path, and whether the county-level signal is concentrated in investable submarkets."
12,42097,"Northumberland County, Pennsylvania",PA,0.9246542783059637,0.550743378960796,98,0.9580812445980985,0.07709475999135193,0.08333398685260936,21,0.9913569576490925,0.2427090084251458,0.8128246620345736,0.1289845661824599,0.6180749465133374,0.4890903803308774,"High quiet-breakout probability with high residual-upside magnitude. Prior momentum rank is 24.3%, inside the not-hot gate. Market-depth adequacy is high (0.813).",Wave 3 support is moderate; structural brakes are moderate. Supports: scarcity/amenity balance is strong (0.694); optionality is moderate (0.657); fragility/support balance is moderate (0.626). Brakes: fragility pressure is moderate (0.557).,Structural support: scarcity/amenity balance is strong (0.694); optionality is moderate (0.657); fragility/support balance is moderate (0.626),Structural brakes: fragility pressure is moderate (0.557),"Operator check: verify parcel availability, local listings, zoning/subdivision path, and whether the county-level signal is concentrated in investable submarkets."
13,39013,"Belmont County, Ohio",OH,0.9231417458945548,0.5909908151233977,69,0.9706136560069144,0.051864908299534086,0.05434155080266302,78,0.966724286949006,0.28548282566429034,0.8860612888964715,0.0915763569846039,0.537673404291151,0.446097047306547,"High quiet-breakout probability with high residual-upside magnitude. Prior momentum rank is 28.5%, inside the not-hot gate. Market-depth adequacy is high (0.886).",Wave 3 support is moderate; structural brakes are moderate. Supports: optionality is moderate (0.629). Brakes: constraint pressure is moderate (0.560).,Structural support: optionality is moderate (0.629),Structural brakes: constraint pressure is moderate (0.560),"Operator check: verify parcel availability, local listings, zoning/subdivision path, and whether the county-level signal is concentrated in investable submarkets."
14,13111,"Fannin County, Georgia",GA,0.9228608470181503,0.4625671587653743,194,0.9165946413137425,0.10492077011302237,0.11093230466678095,6,0.9978392394122731,0.19604666234607906,0.8645224542161983,0.169642895904289,0.6421742177498014,0.4725313218455124,"High quiet-breakout probability with high residual-upside magnitude. Prior momentum rank is 19.6%, inside the not-hot gate. Market-depth adequacy is high (0.865).",Wave 3 support is moderate; structural brakes are moderate. Supports: scarcity/amenity balance is strong (0.783); optionality is strong (0.674); site-thesis support is moderate (0.651). Brakes: no major structural brakes flagged.,Structural support: scarcity/amenity balance is strong (0.783); optionality is strong (0.674); site-thesis support is moderate (0.651),Structural brakes: no major structural brakes flagged,"Operator check: verify parcel availability, local listings, zoning/subdivision path, and whether the county-level signal is concentrated in investable submarkets."
15,24510,"Baltimore city, Maryland",MD,0.9224503025064822,0.6904100114560183,24,0.9900605012964564,0.06978659042838646,0.08627898055506208,31,0.9870354364736387,0.29261179520414776,0.5221202771354487,0.285614313956667,0.6832788517030612,0.3976645377463942,"High quiet-breakout probability with high residual-upside magnitude. Prior momentum rank is 29.3%, inside the not-hot gate. Market-depth adequacy is moderate (0.522).",Wave 3 support is strong; structural brakes are light. Supports: fragility/support balance is strong (0.769); scarcity/amenity balance is strong (0.696); optionality is moderate (0.666). Brakes: no major structural brakes flagged.,Structural support: fragility/support balance is strong (0.769); scarcity/amenity balance is strong (0.696); optionality is moderate (0.666),Structural brakes: no major structural brakes flagged,"Operator check: verify parcel availability, local listings, zoning/subdivision path, and whether the county-level signal is concentrated in investable submarkets."
16,42013,"Blair County, Pennsylvania",PA,0.9217372515125324,0.536002333664391,116,0.9503025064822818,0.07121975958131155,0.07984362491284387,30,0.9874675885911841,0.19248217757615035,0.7299763963326438,0.1902300265410224,0.5779918608460681,0.3877618343050457,"High quiet-breakout probability with high residual-upside magnitude. Prior momentum rank is 19.2%, inside the not-hot gate. Market-depth adequacy is high (0.730).",Wave 3 support is moderate; structural brakes are light. Supports: optionality is moderate (0.642); fragility/support balance is moderate (0.610). Brakes: no major structural brakes flagged.,Structural support: optionality is moderate (0.642); fragility/support balance is moderate (0.610),Structural brakes: no major structural brakes flagged,"Operator check: verify parcel availability, local listings, zoning/subdivision path, and whether the county-level signal is concentrated in investable submarkets."
17,54099,"Wayne County, West Virginia",WV,0.9210458081244599,0.4981843185140421,150,0.935609334485739,0.04194816604949601,0.04438435247415294,118,0.949438202247191,0.45366169799092676,0.8627789812819942,0.2104214455858495,0.6370179933405756,0.4265965477547261,"High quiet-breakout probability with high residual-upside magnitude. Prior momentum rank is 45.4%, inside the not-hot gate. Market-depth adequacy is high (0.863).",Wave 3 support is moderate; structural brakes are moderate. Supports: optionality is strong (0.696); scarcity/amenity balance is strong (0.693); fragility/support balance is moderate (0.630). Brakes: no major structural brakes flagged.,Structural support: optionality is strong (0.696); scarcity/amenity balance is strong (0.693); fragility/support balance is moderate (0.630),Structural brakes: no major structural brakes flagged,"Operator check: verify parcel availability, local listings, zoning/subdivision path, and whether the county-level signal is concentrated in investable submarkets."
18,42065,"Jefferson County, Pennsylvania",PA,0.9205272255834054,0.4809176985368864,165,0.9291270527225584,0.056289584016789476,0.05681590641821181,67,0.9714779602420052,0.10661049902786779,0.9768408868835001,0.10344321825676,0.5331540187995332,0.4297108005427731,"High quiet-breakout probability with high residual-upside magnitude. Prior momentum rank is 10.7%, inside the not-hot gate. Market-depth adequacy is high (0.977).",Wave 3 support is moderate; structural brakes are moderate. Supports: no major structural supports flagged. Brakes: constraint pressure is moderate (0.650).,Structural support: no major structural supports flagged,Structural brakes: constraint pressure is moderate (0.650),"Operator check: verify parcel availability, local listings, zoning/subdivision path, and whether the county-level signal is concentrated in investable submarkets."
19,55043,"Grant County, Wisconsin",WI,0.9176534140017285,0.666838743306634,31,0.9870354364736387,0.02720804079775037,0.02745486537721025,206,0.9114088159031979,0.5521710952689566,0.977524513772997,0.0651473722051872,0.5507034820296949,0.4855561098245076,"High quiet-breakout probability with high residual-upside magnitude. Prior momentum rank is 55.2%, inside the not-hot gate. Market-depth adequacy is high (0.978).",Wave 3 support is moderate; structural brakes are moderate. Supports: optionality is moderate (0.608). Brakes: no major structural brakes flagged.,Structural support: optionality is moderate (0.608),Structural brakes: no major structural brakes flagged,"Operator check: verify parcel availability, local listings, zoning/subdivision path, and whether the county-level signal is concentrated in investable submarkets."
20,36033,"Franklin County, New York",NY,0.9167891097666379,0.6128122142810378,52,0.9779602420051858,0.06217913682746574,0.0635534491292321,47,0.9801210025929127,0.49546338302009074,0.945938720848503,-0.0104118839109976,0.5802421044503026,0.5906539883613002,"High quiet-breakout probability with high residual-upside magnitude. Prior momentum rank is 49.5%, inside the not-hot gate. Market-depth adequacy is high (0.946).",Wave 3 support is moderate; structural brakes are moderate. Supports: scarcity/amenity balance is strong (0.817); site-thesis support is moderate (0.607). Brakes: constraint pressure is heavy (0.721); wetlands constraint is heavy (0.708); constraint complexity is moderate (0.566).,Structural support: scarcity/amenity balance is strong (0.817); site-thesis support is moderate (0.607),Structural brakes: constraint pressure is heavy (0.721); wetlands constraint is heavy (0.708); constraint complexity is moderate (0.566),"Operator check: verify parcel availability, local listings, zoning/subdivision path, and whether the county-level signal is concentrated in investable submarkets."
21,30081,"Ravalli County, Montana",MT,0.9157087294727745,0.5713337141114866,80,0.9658599827139153,0.02391785298022391,0.024140787360168482,241,0.8962834917891098,0.40343486714193133,0.9769130997449975,0.1245874637050692,0.5878107909334096,0.4632233272283403,"High quiet-breakout probability with moderate residual-upside magnitude. Prior momentum rank is 40.3%, inside the not-hot gate. Market-depth adequacy is high (0.977).",Wave 3 support is moderate; structural brakes are moderate. Supports: scarcity/amenity balance is strong (0.682); site-thesis support is moderate (0.625); optionality is moderate (0.619). Brakes: no major structural brakes flagged.,Structural support: scarcity/amenity balance is strong (0.682); site-thesis support is moderate (0.625); optionality is moderate (0.619),Structural brakes: no major structural brakes flagged,"Operator check: verify parcel availability, local listings, zoning/subdivision path, and whether the county-level signal is concentrated in investable submarkets."
22,42061,"Huntingdon County, Pennsylvania",PA,0.9150388936905791,0.5749719063588555,79,0.9662921348314607,0.013506016447419129,0.013695540903391945,337,0.8547968885047537,0.2825664290343487,0.9654039848973988,0.2038669092234106,0.637944809971503,0.4340779007480924,"High quiet-breakout probability with moderate residual-upside magnitude. Prior momentum rank is 28.3%, inside the not-hot gate. Market-depth adequacy is high (0.965).",Wave 3 support is moderate; structural brakes are moderate. Supports: scarcity/amenity balance is strong (0.752); fragility/support balance is moderate (0.667); optionality is moderate (0.638). Brakes: no major structural brakes flagged.,Structural support: scarcity/amenity balance is strong (0.752); fragility/support balance is moderate (0.667); optionality is moderate (0.638),Structural brakes: no major structural brakes flagged,"Operator check: verify parcel availability, local listings, zoning/subdivision path, and whether the county-level signal is concentrated in investable submarkets."
23,30057,"Madison County, Montana",MT,0.9137856525496975,0.7363788594560627,11,0.9956784788245462,0.07257671652648563,0.09227886249883957,29,0.9878997407087294,0.3486714193130266,0.46623350573372946,0.2360052381177041,0.6481501342139803,0.4121448960962761,"High quiet-breakout probability with high residual-upside magnitude. Prior momentum rank is 34.9%, inside the not-hot gate. Market-depth adequacy is moderate (0.466).",Wave 3 support is moderate; structural brakes are moderate. Supports: optionality is strong (0.681); fragility/support balance is strong (0.675); scarcity/amenity balance is strong (0.673). Brakes: no major structural brakes flagged.,Structural support: optionality is strong (0.681); fragility/support balance is strong (0.675); scarcity/amenity balance is strong (0.673),Structural brakes: no major structural brakes flagged,"Operator check: verify parcel availability, local listings, zoning/subdivision path, and whether the county-level signal is concentrated in investable submarkets."
24,36005,"Bronx County, New York",NY,0.9137640449438202,0.6565326175685305,37,0.9844425237683665,0.08324619715377789,0.10289101855246803,12,0.9952463267070009,0.03240440699935191,0.5226789064034656,0.1960292613429747,0.6873812641200033,0.4913520027770285,"High quiet-breakout probability with high residual-upside magnitude. Prior momentum rank is 3.2%, inside the not-hot gate. Market-depth adequacy is moderate (0.523).",Wave 3 support is strong; structural brakes are moderate. Supports: site-thesis support is strong (0.736); scarcity/amenity balance is strong (0.735); fragility/support balance is strong (0.722). Brakes: wetlands constraint is moderate (0.604).,Structural support: site-thesis support is strong (0.736); scarcity/amenity balance is strong (0.735); fragility/support balance is strong (0.722),Structural brakes: wetlands constraint is moderate (0.604),"Operator check: verify parcel availability, local listings, zoning/subdivision path, and whether the county-level signal is concentrated in investable submarkets."
25,16085,"Valley County, Idaho",ID,0.912294727744166,0.6124983441152013,53,0.9775280898876404,0.049422177009275696,0.0566903314288974,84,0.9641313742437337,0.2018794556059624,0.6794799820169676,0.1553127567527407,0.6489700417282132,0.4936572849754724,"High quiet-breakout probability with high residual-upside magnitude. Prior momentum rank is 20.2%, inside the not-hot gate. Market-depth adequacy is moderate (0.679).",Wave 3 support is moderate; structural brakes are moderate. Supports: scarcity/amenity balance is strong (0.810); site-thesis support is moderate (0.664); optionality is moderate (0.652). Brakes: no major structural brakes flagged.,Structural support: scarcity/amenity balance is strong (0.810); site-thesis support is moderate (0.664); optionality is moderate (0.652),Structural brakes: no major structural brakes flagged,"Operator check: verify parcel availability, local listings, zoning/subdivision path, and whether the county-level signal is concentrated in investable submarkets."
26,21195,"Pike County, Kentucky",KY,0.9117977528089887,0.7097795854113551,18,0.9926534140017286,0.023317757632308637,0.023654796564876443,248,0.8932584269662921,0.25826312378483474,0.9643794302306267,0.0648047601365439,0.4683438530993513,0.4035390929628074,"High quiet-breakout probability with moderate residual-upside magnitude. Prior momentum rank is 25.8%, inside the not-hot gate. Market-depth adequacy is high (0.964).",Wave 3 support is moderate; structural brakes are moderate. Supports: no major structural supports flagged. Brakes: no major structural brakes flagged.,Structural support: no major structural supports flagged,Structural brakes: no major structural brakes flagged,"Operator check: verify parcel availability, local listings, zoning/subdivision path, and whether the county-level signal is concentrated in investable submarkets."
27,05093,"Mississippi County, Arkansas",AR,0.9106525496974935,0.6961402727020423,23,0.9904926534140017,0.012182049847828669,0.012498188014241882,350,0.8491789109766638,0.03661697990926766,0.9367631999828756,0.1506809476102385,0.5928563723410032,0.4421754247307646,"High quiet-breakout probability with moderate residual-upside magnitude. Prior momentum rank is 3.7%, inside the not-hot gate. Market-depth adequacy is high (0.937).",Wave 3 support is moderate; structural brakes are moderate. Supports: fragility/support balance is strong (0.734). Brakes: wetlands constraint is moderate (0.652); constraint pressure is moderate (0.558).,Structural support: fragility/support balance is strong (0.734),Structural brakes: wetlands constraint is moderate (0.652); constraint pressure is moderate (0.558),"Operator check: verify parcel availability, local listings, zoning/subdivision path, and whether the county-level signal is concentrated in investable submarkets."
28,35006,"Cibola County, New Mexico",NM,0.91028522039758,0.6221271175240561,47,0.9801210025929127,0.046460620074039935,0.054043659886579255,99,0.9576490924805532,0.34996759559300067,0.649216955862457,0.1704649993789556,0.5924108120071936,0.421945812628238,"High quiet-breakout probability with high residual-upside magnitude. Prior momentum rank is 35.0%, inside the not-hot gate. Market-depth adequacy is moderate (0.649).",Wave 3 support is moderate; structural brakes are moderate. Supports: optionality is moderate (0.649); scarcity/amenity balance is moderate (0.647); site-thesis support is moderate (0.607). Brakes: fragility pressure is moderate (0.633).,Structural support: optionality is moderate (0.649); scarcity/amenity balance is moderate (0.647); site-thesis support is moderate (0.607),Structural brakes: fragility pressure is moderate (0.633),"Operator check: verify parcel availability, local listings, zoning/subdivision path, and whether the county-level signal is concentrated in investable submarkets."
29,54049,"Marion County, West Virginia",WV,0.9085133967156439,0.40641439486119324,305,0.8686257562662058,0.0571353022559442,0.058679225986459915,65,0.9723422644770959,0.3833441348023331,0.9342218773100395,0.207997791296489,0.5511780541723161,0.3431802628758271,"Moderate quiet-breakout probability with high residual-upside magnitude. Prior momentum rank is 38.3%, inside the not-hot gate. Market-depth adequacy is high (0.934).",Wave 3 support is moderate; structural brakes are light. Supports: fragility/support balance is moderate (0.665); optionality is moderate (0.634). Brakes: no major structural brakes flagged.,Structural support: fragility/support balance is moderate (0.665); optionality is moderate (0.634),Structural brakes: no major structural brakes flagged,"Operator check: verify parcel availability, local listings, zoning/subdivision path, and whether the county-level signal is concentrated in investable submarkets."
30,21019,"Boyd County, Kentucky",KY,0.906676750216076,0.658006501164401,36,0.9848746758859118,0.028598006918078064,0.02905318619283312,197,0.9152981849611063,0.11535968891769281,0.96083224127864,0.0240887719446271,0.4660342417426275,0.4419454697980003,"High quiet-breakout probability with high residual-upside magnitude. Prior momentum rank is 11.5%, inside the not-hot gate. Market-depth adequacy is high (0.961).",Wave 3 support is moderate; structural brakes are moderate. Supports: no major structural supports flagged. Brakes: no major structural brakes flagged.,Structural support: no major structural supports flagged,Structural brakes: no major structural brakes flagged,"Operator check: verify parcel availability, local listings, zoning/subdivision path, and whether the county-level signal is concentrated in investable submarkets."
31,56033,"Sheridan County, Wyoming",WY,0.9065254969749352,0.5194391064301234,131,0.9438202247191011,0.03182790872772104,0.033078885659833565,185,0.9204840103716508,0.42449773169151006,0.905455027643847,0.1343970678882518,0.5833393499427897,0.4489422820545378,"High quiet-breakout probability with high residual-upside magnitude. Prior momentum rank is 42.4%, inside the not-hot gate. Market-depth adequacy is high (0.905).",Wave 3 support is moderate; structural brakes are moderate. Supports: optionality is strong (0.672); site-thesis support is moderate (0.624). Brakes: no major structural brakes flagged.,Structural support: optionality is strong (0.672); site-thesis support is moderate (0.624),Structural brakes: no major structural brakes flagged,"Operator check: verify parcel availability, local listings, zoning/subdivision path, and whether the county-level signal is concentrated in investable submarkets."
32,21199,"Pulaski County, Kentucky",KY,0.9057908383751081,0.5080203613003793,141,0.9394987035436474,0.0324837057617271,0.034224084568635474,179,0.9230769230769231,0.16202203499675957,0.8728688561838598,0.1580229140550229,0.631757858411962,0.4737349443569391,"High quiet-breakout probability with high residual-upside magnitude. Prior momentum rank is 16.2%, inside the not-hot gate. Market-depth adequacy is high (0.873).",Wave 3 support is moderate; structural brakes are moderate. Supports: scarcity/amenity balance is strong (0.744); optionality is moderate (0.665); fragility/support balance is moderate (0.640). Brakes: constraint pressure is moderate (0.599).,Structural support: scarcity/amenity balance is strong (0.744); optionality is moderate (0.665); fragility/support balance is moderate (0.640),Structural brakes: constraint pressure is moderate (0.599),"Operator check: verify parcel availability, local listings, zoning/subdivision path, and whether the county-level signal is concentrated in investable submarkets."
33,29029,"Camden County, Missouri",MO,0.9054235090751944,0.5591235245458869,91,0.9611063094209161,0.06176221288510609,0.06457200811805075,50,0.9788245462402766,0.17368762151652625,0.8912146565192852,0.0066626553790813,0.5403244723471463,0.5336618169680649,"High quiet-breakout probability with high residual-upside magnitude. Prior momentum rank is 17.4%, inside the not-hot gate. Market-depth adequacy is high (0.891).",Wave 3 support is moderate; structural brakes are moderate. Supports: optionality is moderate (0.617). Brakes: wetlands constraint is moderate (0.616).,Structural support: optionality is moderate (0.617),Structural brakes: wetlands constraint is moderate (0.616),"Operator check: verify parcel availability, local listings, zoning/subdivision path, and whether the county-level signal is concentrated in investable submarkets."
34,02020,"Anchorage Municipality, Alaska",AK,0.8961538461538461,0.4775466628325494,174,0.92523768366465,0.06213842973851086,0.07419278945212948,48,0.9796888504753674,0.35029163966299415,0.5938163330077948,0.2361525037791313,0.7163050473503831,0.4801525435712517,"High quiet-breakout probability with high residual-upside magnitude. Prior momentum rank is 35.0%, inside the not-hot gate. Market-depth adequacy is moderate (0.594).",Wave 3 support is strong; structural brakes are moderate. Supports: scarcity/amenity balance is strong (0.906); fragility/support balance is strong (0.712); optionality is strong (0.701). Brakes: fragility pressure is moderate (0.618).,Structural support: scarcity/amenity balance is strong (0.906); fragility/support balance is strong (0.712); optionality is strong (0.701),Structural brakes: fragility pressure is moderate (0.618),"Operator check: verify parcel availability, local listings, zoning/subdivision path, and whether the county-level signal is concentrated in investable submarkets."
35,42101,"Philadelphia County, Pennsylvania",PA,0.8959377700950734,0.5919137267019516,67,0.9714779602420052,0.04271974659059933,0.05405008438378595,115,0.9507346585998271,0.27025275437459495,0.47593339018978864,0.2983633005511744,0.7301785378421647,0.4318152372909902,"High quiet-breakout probability with high residual-upside magnitude. Prior momentum rank is 27.0%, inside the not-hot gate. Market-depth adequacy is moderate (0.476).",Wave 3 support is strong; structural brakes are moderate. Supports: scarcity/amenity balance is strong (0.785); fragility/support balance is strong (0.775); site-thesis support is strong (0.722). Brakes: wetlands constraint is moderate (0.561).,Structural support: scarcity/amenity balance is strong (0.785); fragility/support balance is strong (0.775); site-thesis support is strong (0.722),Structural brakes: wetlands constraint is moderate (0.561),"Operator check: verify parcel availability, local listings, zoning/subdivision path, and whether the county-level signal is concentrated in investable submarkets."
36,21133,"Letcher County, Kentucky",KY,0.8957649092480553,0.5854898574460019,74,0.9684528954191876,0.04717604170029412,0.05697491974691512,94,0.95980985306828,0.0829552819183409,0.5700354607716868,0.1741518766477424,0.5603993376939317,0.3862474610461893,"High quiet-breakout probability with high residual-upside magnitude. Prior momentum rank is 8.3%, inside the not-hot gate. Market-depth adequacy is moderate (0.570).",Wave 3 support is moderate; structural brakes are light. Supports: optionality is moderate (0.629). Brakes: no major structural brakes flagged.,Structural support: optionality is moderate (0.629),Structural brakes: no major structural brakes flagged,"Operator check: verify parcel availability, local listings, zoning/subdivision path, and whether the county-level signal is concentrated in investable submarkets."
37,22101,"St. Mary Parish, Louisiana",LA,0.8949870354364736,0.7407139231592521,9,0.996542783059637,0.07383222570206456,0.07453024428045842,25,0.989628349178911,0.12410887880751782,0.9765860629757497,-0.2814415363563649,0.4517245985309339,0.7331661348872988,"High quiet-breakout probability with high residual-upside magnitude. Prior momentum rank is 12.4%, inside the not-hot gate. Market-depth adequacy is high (0.977).",Wave 3 support is moderate; structural brakes are heavy. Supports: scarcity/amenity balance is moderate (0.641). Brakes: wetlands constraint is heavy (0.978); fragility pressure is heavy (0.773); constraint complexity is moderate (0.647).,Structural support: scarcity/amenity balance is moderate (0.641),Structural brakes: wetlands constraint is heavy (0.978); fragility pressure is heavy (0.773); constraint complexity is moderate (0.647),"Operator check: verify parcel availability, local listings, zoning/subdivision path, and whether the county-level signal is concentrated in investable submarkets."
38,46081,"Lawrence County, South Dakota",SD,0.8941875540190146,0.47375275677530354,180,0.9226447709593777,0.027185335447767092,0.028407876275778322,207,0.9109766637856526,0.4646791963707064,0.8924118071918652,0.1430121971336919,0.5681295467557812,0.4251173496220892,"High quiet-breakout probability with high residual-upside magnitude. Prior momentum rank is 46.5%, inside the not-hot gate. Market-depth adequacy is high (0.892).",Wave 3 support is moderate; structural brakes are moderate. Supports: optionality is moderate (0.659); site-thesis support is moderate (0.608). Brakes: constraint pressure is moderate (0.580).,Structural support: optionality is moderate (0.659); site-thesis support is moderate (0.608),Structural brakes: constraint pressure is moderate (0.580),"Operator check: verify parcel availability, local listings, zoning/subdivision path, and whether the county-level signal is concentrated in investable submarkets."
39,26061,"Houghton County, Michigan",MI,0.8937770095073466,0.559707250362393,90,0.9615384615384616,0.013209994760357953,0.013812722713804832,342,0.8526361279170268,0.3723266364225535,0.8909107266656966,0.153890298220951,0.6670026252345564,0.5131123270136054,"High quiet-breakout probability with moderate residual-upside magnitude. Prior momentum rank is 37.2%, inside the not-hot gate. Market-depth adequacy is high (0.891).",Wave 3 support is moderate; structural brakes are moderate. Supports: scarcity/amenity balance is strong (0.860); fragility/support balance is strong (0.730); site-thesis support is moderate (0.641). Brakes: wetlands constraint is heavy (0.719); constraint pressure is moderate (0.601).,Structural support: scarcity/amenity balance is strong (0.860); fragility/support balance is strong (0.730); site-thesis support is moderate (0.641),Structural brakes: wetlands constraint is heavy (0.719); constraint pressure is moderate (0.601),"Operator check: verify parcel availability, local listings, zoning/subdivision path, and whether the county-level signal is concentrated in investable submarkets."
40,50015,"Lamoille County, Vermont",VT,0.8931719965427831,0.4778833907137474,172,0.9261019878997407,0.08248798885485613,0.08679724586871909,14,0.9943820224719101,0.313350615683733,0.8758815164371483,0.0116142810719008,0.5279720421647722,0.5163577610928713,"High quiet-breakout probability with high residual-upside magnitude. Prior momentum rank is 31.3%, inside the not-hot gate. Market-depth adequacy is high (0.876).",Wave 3 support is moderate; structural brakes are moderate. Supports: no major structural supports flagged. Brakes: constraint pressure is heavy (0.720); wetlands constraint is moderate (0.568).,Structural support: no major structural supports flagged,Structural brakes: constraint pressure is heavy (0.720); wetlands constraint is moderate (0.568),"Operator check: verify parcel availability, local listings, zoning/subdivision path, and whether the county-level signal is concentrated in investable submarkets."
41,39009,"Athens County, Ohio",OH,0.8927830596369923,0.46558356064052836,190,0.918323249783924,0.036494224098401896,0.03708369822201353,148,0.9364736387208298,0.4115359688917693,0.9602605624658468,0.0631122135033979,0.5574500341383197,0.4943378206349217,"High quiet-breakout probability with high residual-upside magnitude. Prior momentum rank is 41.2%, inside the not-hot gate. Market-depth adequacy is high (0.960).",Wave 3 support is moderate; structural brakes are moderate. Supports: optionality is moderate (0.651). Brakes: constraint pressure is moderate (0.624).,Structural support: optionality is moderate (0.651),Structural brakes: constraint pressure is moderate (0.624),"Operator check: verify parcel availability, local listings, zoning/subdivision path, and whether the county-level signal is concentrated in investable submarkets."
42,08117,"Summit County, Colorado",CO,0.8924373379429559,0.49306142608969245,156,0.9330164217804667,0.01249599649277961,0.012843680958753713,348,0.8500432152117545,0.14322747893713544,0.9323238277463718,0.1911223716153263,0.6698867247055272,0.4787643530902009,"High quiet-breakout probability with moderate residual-upside magnitude. Prior momentum rank is 14.3%, inside the not-hot gate. Market-depth adequacy is high (0.932).",Wave 3 support is moderate; structural brakes are moderate. Supports: scarcity/amenity balance is strong (0.844); fragility/support balance is strong (0.697); site-thesis support is moderate (0.668). Brakes: no major structural brakes flagged.,Structural support: scarcity/amenity balance is strong (0.844); fragility/support balance is strong (0.697); site-thesis support is moderate (0.668),Structural brakes: no major structural brakes flagged,"Operator check: verify parcel availability, local listings, zoning/subdivision path, and whether the county-level signal is concentrated in investable submarkets."
43,37111,"McDowell County, North Carolina",NC,0.8913353500432152,0.41990520112832097,277,0.8807260155574762,0.03754825724527424,0.03762908643134946,140,0.9399308556611927,0.4630589760207388,0.9946298732084097,0.1054820941635827,0.5963506653520836,0.4908685711885008,"Moderate quiet-breakout probability with high residual-upside magnitude. Prior momentum rank is 46.3%, inside the not-hot gate. Market-depth adequacy is high (0.995).",Wave 3 support is moderate; structural brakes are moderate. Supports: scarcity/amenity balance is strong (0.710); optionality is moderate (0.660); site-thesis support is moderate (0.612). Brakes: constraint pressure is moderate (0.574).,Structural support: scarcity/amenity balance is strong (0.710); optionality is moderate (0.660); site-thesis support is moderate (0.612),Structural brakes: constraint pressure is moderate (0.574),"Operator check: verify parcel availability, local listings, zoning/subdivision path, and whether the county-level signal is concentrated in investable submarkets."
44,42123,"Warren County, Pennsylvania",PA,0.891162489196197,0.4923443384410659,157,0.9325842696629213,0.024369397386709936,0.025157102923455632,236,0.8984442523768367,0.5291639662994168,0.9217213584626169,0.1090280094721529,0.5968337485045578,0.4878057390324049,"High quiet-breakout probability with moderate residual-upside magnitude. Prior momentum rank is 52.9%, inside the not-hot gate. Market-depth adequacy is high (0.922).",Wave 3 support is moderate; structural brakes are moderate. Supports: scarcity/amenity balance is strong (0.765); fragility/support balance is moderate (0.601). Brakes: constraint pressure is moderate (0.670).,Structural support: scarcity/amenity balance is strong (0.765); fragility/support balance is moderate (0.601),Structural brakes: constraint pressure is moderate (0.670),"Operator check: verify parcel availability, local listings, zoning/subdivision path, and whether the county-level signal is concentrated in investable submarkets."
45,37153,"Richmond County, North Carolina",NC,0.8909248055315471,0.5668769701245444,85,0.9636992221261884,0.048813567018669686,0.04966145731722977,85,0.9636992221261884,0.41250810110174985,0.9573164812127898,-0.0921908018518161,0.51053272134806,0.6027235231998762,"High quiet-breakout probability with high residual-upside magnitude. Prior momentum rank is 41.3%, inside the not-hot gate. Market-depth adequacy is high (0.957).",Wave 3 support is moderate; structural brakes are moderate. Supports: scarcity/amenity balance is moderate (0.631). Brakes: wetlands constraint is moderate (0.638); fragility pressure is moderate (0.629); constraint complexity is moderate (0.585).,Structural support: scarcity/amenity balance is moderate (0.631),Structural brakes: wetlands constraint is moderate (0.638); fragility pressure is moderate (0.629); constraint complexity is moderate (0.585),"Operator check: verify parcel availability, local listings, zoning/subdivision path, and whether the county-level signal is concentrated in investable submarkets."
46,42051,"Fayette County, Pennsylvania",PA,0.8893690579083837,0.5531716891361986,94,0.95980985306828,0.017909596022363472,0.019999606577176518,290,0.8751080380293863,0.2151652624756967,0.7387435414356902,0.2004631095689263,0.6115917259460042,0.4111286163770778,"High quiet-breakout probability with moderate residual-upside magnitude. Prior momentum rank is 21.5%, inside the not-hot gate. Market-depth adequacy is high (0.739).",Wave 3 support is moderate; structural brakes are moderate. Supports: fragility/support balance is moderate (0.654); optionality is moderate (0.650); scarcity/amenity balance is moderate (0.633). Brakes: no major structural brakes flagged.,Structural support: fragility/support balance is moderate (0.654); optionality is moderate (0.650); scarcity/amenity balance is moderate (0.633),Structural brakes: no major structural brakes flagged,"Operator check: verify parcel availability, local listings, zoning/subdivision path, and whether the county-level signal is concentrated in investable submarkets."
47,21193,"Perry County, Kentucky",KY,0.8885479688850476,0.48424872761440835,164,0.9295592048401037,0.03895488099174777,0.043471795460729705,130,0.9442523768366465,0.21062864549578741,0.740238790397886,0.1424667447997377,0.5362836432566096,0.3938168984568718,"High quiet-breakout probability with high residual-upside magnitude. Prior momentum rank is 21.1%, inside the not-hot gate. Market-depth adequacy is high (0.740).",Wave 3 support is moderate; structural brakes are light. Supports: optionality is moderate (0.645). Brakes: no major structural brakes flagged.,Structural support: optionality is moderate (0.645),Structural brakes: no major structural brakes flagged,"Operator check: verify parcel availability, local listings, zoning/subdivision path, and whether the county-level signal is concentrated in investable submarkets."
48,30063,"Missoula County, Montana",MT,0.8884615384615384,0.5777949700816263,76,0.9675885911840968,0.017158641838551,0.01941363509706533,298,0.8716508210890234,0.533700583279326,0.7096121814333467,0.2010702738674933,0.6571305276012185,0.4560602537337251,"High quiet-breakout probability with moderate residual-upside magnitude. Prior momentum rank is 53.4%, inside the not-hot gate. Market-depth adequacy is high (0.710).",Wave 3 support is moderate; structural brakes are moderate. Supports: scarcity/amenity balance is strong (0.785); optionality is strong (0.671); site-thesis support is moderate (0.650). Brakes: no major structural brakes flagged.,Structural support: scarcity/amenity balance is strong (0.785); optionality is strong (0.671); site-thesis support is moderate (0.650),Structural brakes: no major structural brakes flagged,"Operator check: verify parcel availability, local listings, zoning/subdivision path, and whether the county-level signal is concentrated in investable submarkets."
49,16019,"Bonneville County, Idaho",ID,0.8877700950734659,0.6625842000382623,34,0.9857389801210026,0.03599021002129792,0.040960099910893846,152,0.9347450302506483,0.13836681788723265,0.696662733952822,0.0599250429343566,0.6126369238743082,0.5527118809399516,"High quiet-breakout probability with high residual-upside magnitude. Prior momentum rank is 13.8%, inside the not-hot gate. Market-depth adequacy is moderate (0.697).",Wave 3 support is moderate; structural brakes are moderate. Supports: scarcity/amenity balance is strong (0.789); optionality is moderate (0.659); site-thesis support is moderate (0.642). Brakes: fragility pressure is moderate (0.595); constraint complexity is moderate (0.566); constraint pressure is moderate (0.555).,Structural support: scarcity/amenity balance is strong (0.789); optionality is moderate (0.659); site-thesis support is moderate (0.642),Structural brakes: fragility pressure is moderate (0.595); constraint complexity is moderate (0.566); constraint pressure is moderate (0.555),"Operator check: verify parcel availability, local listings, zoning/subdivision path, and whether the county-level signal is concentrated in investable submarkets."
50,54069,"Ohio County, West Virginia",WV,0.8857389801210026,0.35081773461768617,422,0.8180639585133967,0.034619618364372974,0.0347537233739172,160,0.9312878133102852,0.2744653272845107,0.990353191217716,0.2703269852966414,0.6380580010214814,0.3677310157248399,"Moderate quiet-breakout probability with high residual-upside magnitude. Prior momentum rank is 27.4%, inside the not-hot gate. Market-depth adequacy is high (0.990).",Wave 3 support is moderate; structural brakes are light. Supports: fragility/support balance is strong (0.763); optionality is strong (0.698); developability is moderate (0.610). Brakes: no major structural brakes flagged.,Structural support: fragility/support balance is strong (0.763); optionality is strong (0.698); developability is moderate (0.610),Structural brakes: no major structural brakes flagged,"Operator check: verify parcel availability, local listings, zoning/subdivision path, and whether the county-level signal is concentrated in investable submarkets."
51,35055,"Taos County, New Mexico",NM,0.8854148660328436,0.8328614841618245,3,0.9991356957649092,-0.006082821151530723,-0.006321772403161547,572,0.7532411408815903,0.06772521062864549,0.9055046447451496,0.1942637597881878,0.6202119316835273,0.4259481718953394,"High quiet-breakout probability with moderate residual-upside magnitude. Prior momentum rank is 6.8%, inside the not-hot gate. Market-depth adequacy is high (0.906).",Wave 3 support is moderate; structural brakes are moderate. Supports: optionality is strong (0.677); site-thesis support is moderate (0.655); scarcity/amenity balance is moderate (0.634). Brakes: no major structural brakes flagged.,Structural support: optionality is strong (0.677); site-thesis support is moderate (0.655); scarcity/amenity balance is moderate (0.634),Structural brakes: no major structural brakes flagged,"Operator check: verify parcel availability, local listings, zoning/subdivision path, and whether the county-level signal is concentrated in investable submarkets."
52,21131,"Leslie County, Kentucky",KY,0.8851771823681935,0.7550838152615702,7,0.9974070872947277,0.03622421670102125,0.05080527177465939,151,0.9351771823681936,0.5320803629293583,0.28250285037787837,0.2603492423024856,0.6648978185322418,0.4045485762297562,"High quiet-breakout probability with high residual-upside magnitude. Prior momentum rank is 53.2%, inside the not-hot gate. Market-depth adequacy is low (0.283).",Wave 3 support is moderate; structural brakes are moderate. Supports: scarcity/amenity balance is strong (0.751); optionality is strong (0.706); site-thesis support is moderate (0.658). Brakes: no major structural brakes flagged.,Structural support: scarcity/amenity balance is strong (0.751); optionality is strong (0.706); site-thesis support is moderate (0.658),Structural brakes: no major structural brakes flagged,"Operator check: verify parcel availability, local listings, zoning/subdivision path, and whether the county-level signal is concentrated in investable submarkets."
53,39105,"Meigs County, Ohio",OH,0.8850043215211755,0.5968703331306423,61,0.9740708729472775,0.04407155189849584,0.05247792269683458,113,0.9515989628349178,0.11471160077770577,0.5995282222344045,0.1038574365613929,0.5273287326692705,0.4234712961078776,"High quiet-breakout probability with high residual-upside magnitude. Prior momentum rank is 11.5%, inside the not-hot gate. Market-depth adequacy is moderate (0.600).",Wave 3 support is moderate; structural brakes are moderate. Supports: optionality is moderate (0.604). Brakes: no major structural brakes flagged.,Structural support: optionality is moderate (0.604),Structural brakes: no major structural brakes flagged,"Operator check: verify parcel availability, local listings, zoning/subdivision path, and whether the county-level signal is concentrated in investable submarkets."
54,21235,"Whitley County, Kentucky",KY,0.8848962834917892,0.49383684467630085,154,0.9338807260155575,0.015307832189022473,0.015912490634015973,315,0.8643042350907519,0.177900194426442,0.9050025450288518,0.1456813536368331,0.620746332394844,0.4750649787580108,"High quiet-breakout probability with moderate residual-upside magnitude. Prior momentum rank is 17.8%, inside the not-hot gate. Market-depth adequacy is high (0.905).",Wave 3 support is moderate; structural brakes are moderate. Supports: scarcity/amenity balance is strong (0.743); optionality is moderate (0.656). Brakes: no major structural brakes flagged.,Structural support: scarcity/amenity balance is strong (0.743); optionality is moderate (0.656),Structural brakes: no major structural brakes flagged,"Operator check: verify parcel availability, local listings, zoning/subdivision path, and whether the county-level signal is concentrated in investable submarkets."
55,26053,"Gogebic County, Michigan",MI,0.8837942955920484,0.6447424774189068,42,0.9822817631806395,0.03813960846587194,0.04635226343520312,136,0.9416594641313742,0.5220349967595593,0.557052107023218,0.1224241755590345,0.6618997767862609,0.5394756012272264,"High quiet-breakout probability with high residual-upside magnitude. Prior momentum rank is 52.2%, inside the not-hot gate. Market-depth adequacy is moderate (0.557).",Wave 3 support is moderate; structural brakes are moderate. Supports: scarcity/amenity balance is strong (0.887); fragility/support balance is strong (0.719); site-thesis support is moderate (0.647). Brakes: wetlands constraint is heavy (0.776); constraint pressure is moderate (0.640).,Structural support: scarcity/amenity balance is strong (0.887); fragility/support balance is strong (0.719); site-thesis support is moderate (0.647),Structural brakes: wetlands constraint is heavy (0.776); constraint pressure is moderate (0.640),"Operator check: verify parcel availability, local listings, zoning/subdivision path, and whether the county-level signal is concentrated in investable submarkets."
56,17199,"Williamson County, Illinois",IL,0.8836646499567847,0.41582068146465545,282,0.8785652549697494,0.07390034148512716,0.07791082159099454,24,0.9900605012964564,0.3233959818535321,0.8713118401279016,0.074210726683256,0.6360254204866103,0.5618146938033542,"Moderate quiet-breakout probability with high residual-upside magnitude. Prior momentum rank is 32.3%, inside the not-hot gate. Market-depth adequacy is high (0.871).",Wave 3 support is moderate; structural brakes are moderate. Supports: scarcity/amenity balance is strong (0.826); optionality is moderate (0.641); site-thesis support is moderate (0.620). Brakes: wetlands constraint is moderate (0.658); constraint pressure is moderate (0.570).,Structural support: scarcity/amenity balance is strong (0.826); optionality is moderate (0.641); site-thesis support is moderate (0.620),Structural brakes: wetlands constraint is moderate (0.658); constraint pressure is moderate (0.570),"Operator check: verify parcel availability, local listings, zoning/subdivision path, and whether the county-level signal is concentrated in investable submarkets."
57,40015,"Caddo County, Oklahoma",OK,0.8824978392394123,0.5770647972097463,77,0.9671564390665515,0.032713241742289116,0.03700277834829089,175,0.9248055315471045,0.12346079066753078,0.7101882076511765,0.0815755850488756,0.542659650103533,0.4610840650546573,"High quiet-breakout probability with high residual-upside magnitude. Prior momentum rank is 12.3%, inside the not-hot gate. Market-depth adequacy is high (0.710).",Wave 3 support is moderate; structural brakes are moderate. Supports: optionality is strong (0.670). Brakes: fragility pressure is moderate (0.580).,Structural support: optionality is strong (0.670),Structural brakes: fragility pressure is moderate (0.580),"Operator check: verify parcel availability, local listings, zoning/subdivision path, and whether the county-level signal is concentrated in investable submarkets."
58,08007,"Archuleta County, Colorado",CO,0.8822817631806396,0.46753163703190476,188,0.9191875540190146,0.04246675336220112,0.049902871017041016,116,0.9503025064822818,0.43486714193130266,0.6274704489296528,0.1939285265799014,0.636728906340015,0.4428003797601136,"High quiet-breakout probability with high residual-upside magnitude. Prior momentum rank is 43.5%, inside the not-hot gate. Market-depth adequacy is moderate (0.627).",Wave 3 support is moderate; structural brakes are moderate. Supports: scarcity/amenity balance is strong (0.703); optionality is strong (0.673); site-thesis support is moderate (0.638). Brakes: no major structural brakes flagged.,Structural support: scarcity/amenity balance is strong (0.703); optionality is strong (0.673); site-thesis support is moderate (0.638),Structural brakes: no major structural brakes flagged,"Operator check: verify parcel availability, local listings, zoning/subdivision path, and whether the county-level signal is concentrated in investable submarkets."
59,08051,"Gunnison County, Colorado",CO,0.8819576490924805,0.39078438971832274,336,0.8552290406222991,0.0858448598163841,0.09525666692374866,9,0.996542783059637,0.2929358392741413,0.7529882313933323,0.1733423392560403,0.634879657866891,0.4615373186108507,"Moderate quiet-breakout probability with high residual-upside magnitude. Prior momentum rank is 29.3%, inside the not-hot gate. Market-depth adequacy is high (0.753).",Wave 3 support is moderate; structural brakes are moderate. Supports: scarcity/amenity balance is strong (0.754); optionality is moderate (0.649); site-thesis support is moderate (0.642). Brakes: no major structural brakes flagged.,Structural support: scarcity/amenity balance is strong (0.754); optionality is moderate (0.649); site-thesis support is moderate (0.642),Structural brakes: no major structural brakes flagged,"Operator check: verify parcel availability, local listings, zoning/subdivision path, and whether the county-level signal is concentrated in investable submarkets."
60,21165,"Menifee County, Kentucky",KY,0.8815471045808125,0.7049667908383441,19,0.9922212618841832,0.040629376547057706,0.059296091512245346,123,0.9472774416594641,0.6176279974076474,0.21298712574787748,0.2463005429807748,0.674611979084901,0.4283114361041261,"High quiet-breakout probability with high residual-upside magnitude. Prior momentum rank is 61.8%, inside the not-hot gate. Market-depth adequacy is low (0.213).",Wave 3 support is strong; structural brakes are moderate. Supports: scarcity/amenity balance is strong (0.798); optionality is strong (0.694); fragility/support balance is moderate (0.667). Brakes: no major structural brakes flagged.,Structural support: scarcity/amenity balance is strong (0.798); optionality is strong (0.694); fragility/support balance is moderate (0.667),Structural brakes: no major structural brakes flagged,"Operator check: verify parcel availability, local listings, zoning/subdivision path, and whether the county-level signal is concentrated in investable submarkets."
61,16023,"Butte County, Idaho",ID,0.8812445980985306,0.5449363445063011,103,0.9559204840103717,0.06460509962647869,0.09568492988381459,41,0.982713915298185,0.4364873622812703,0.18796433526484835,0.324162534601031,0.680527698433712,0.3563651638326809,"High quiet-breakout probability with high residual-upside magnitude. Prior momentum rank is 43.6%, inside the not-hot gate. Market-depth adequacy is low (0.188).",Wave 3 support is strong; structural brakes are light. Supports: optionality is strong (0.729); site-thesis support is strong (0.700); fragility/support balance is strong (0.697). Brakes: no major structural brakes flagged.,Structural support: optionality is strong (0.729); site-thesis support is strong (0.700); fragility/support balance is strong (0.697),Structural brakes: no major structural brakes flagged,"Operator check: verify parcel availability, local listings, zoning/subdivision path, and whether the county-level signal is concentrated in investable submarkets."
62,01015,"Calhoun County, Alabama",AL,0.8810069144338807,0.616311609162995,49,0.9792566983578219,0.04534830525240706,0.05059988048755119,104,0.9554883318928262,0.2031756318859365,0.7405342075641788,-0.0169398584301371,0.5233577586727284,0.5402976171028655,"High quiet-breakout probability with high residual-upside magnitude. Prior momentum rank is 20.3%, inside the not-hot gate. Market-depth adequacy is high (0.741).",Wave 3 support is moderate; structural brakes are moderate. Supports: scarcity/amenity balance is strong (0.681). Brakes: fragility pressure is moderate (0.668); constraint complexity is moderate (0.588).,Structural support: scarcity/amenity balance is strong (0.681),Structural brakes: fragility pressure is moderate (0.668); constraint complexity is moderate (0.588),"Operator check: verify parcel availability, local listings, zoning/subdivision path, and whether the county-level signal is concentrated in investable submarkets."
63,06033,"Lake County, California",CA,0.8797104580812446,0.590638613750321,71,0.9697493517718236,0.018735299659557753,0.019818251204928746,282,0.8785652549697494,0.07841866493843162,0.8633896182144382,0.0513138782090034,0.636467804201916,0.5851539259929125,"High quiet-breakout probability with moderate residual-upside magnitude. Prior momentum rank is 7.8%, inside the not-hot gate. Market-depth adequacy is high (0.863).",Wave 3 support is moderate; structural brakes are moderate. Supports: scarcity/amenity balance is strong (0.871); optionality is strong (0.671); site-thesis support is moderate (0.643). Brakes: fragility pressure is moderate (0.663); constraint complexity is moderate (0.572); wetlands constraint is moderate (0.569).,Structural support: scarcity/amenity balance is strong (0.871); optionality is strong (0.671); site-thesis support is moderate (0.643),Structural brakes: fragility pressure is moderate (0.663); constraint complexity is moderate (0.572); wetlands constraint is moderate (0.569),"Operator check: verify parcel availability, local listings, zoning/subdivision path, and whether the county-level signal is concentrated in investable submarkets."
64,53047,"Okanogan County, Washington",WA,0.8785004321521177,0.3647481450894721,390,0.8318928262748487,0.036347470585142067,0.03642937228047195,149,0.9360414866032843,0.20868438107582632,0.9943794189823448,0.1550553473685808,0.6263334920049488,0.4712781446363679,"Moderate quiet-breakout probability with high residual-upside magnitude. Prior momentum rank is 20.9%, inside the not-hot gate. Market-depth adequacy is high (0.994).",Wave 3 support is moderate; structural brakes are moderate. Supports: scarcity/amenity balance is strong (0.711); optionality is moderate (0.666); site-thesis support is moderate (0.645). Brakes: no major structural brakes flagged.,Structural support: scarcity/amenity balance is strong (0.711); optionality is moderate (0.666); site-thesis support is moderate (0.645),Structural brakes: no major structural brakes flagged,"Operator check: verify parcel availability, local listings, zoning/subdivision path, and whether the county-level signal is concentrated in investable submarkets."
65,42127,"Wayne County, Pennsylvania",PA,0.878370786516854,0.5628031284626142,89,0.9619706136560069,0.03910881751238433,0.04044509940237483,128,0.9451166810717373,0.4471808165910564,0.91740149550034,-0.0964565745341606,0.4865098593974629,0.5829664339316236,"High quiet-breakout probability with high residual-upside magnitude. Prior momentum rank is 44.7%, inside the not-hot gate. Market-depth adequacy is high (0.917).",Wave 3 support is moderate; structural brakes are moderate. Supports: no major structural supports flagged. Brakes: constraint pressure is moderate (0.641); constraint complexity is moderate (0.600); wetlands constraint is moderate (0.564).,Structural support: no major structural supports flagged,Structural brakes: constraint pressure is moderate (0.641); constraint complexity is moderate (0.600); wetlands constraint is moderate (0.564),"Operator check: verify parcel availability, local listings, zoning/subdivision path, and whether the county-level signal is concentrated in investable submarkets."
66,42129,"Westmoreland County, Pennsylvania",PA,0.8768798617113224,0.4692609542157036,186,0.9200518582541054,0.03833524872031391,0.04633335925877252,134,0.942523768366465,0.25534672715489304,0.5684475145764284,0.2314038857268859,0.6133476050763637,0.3819437193494777,"High quiet-breakout probability with high residual-upside magnitude. Prior momentum rank is 25.5%, inside the not-hot gate. Market-depth adequacy is moderate (0.568).",Wave 3 support is moderate; structural brakes are light. Supports: fragility/support balance is strong (0.684); optionality is moderate (0.668). Brakes: no major structural brakes flagged.,Structural support: fragility/support balance is strong (0.684); optionality is moderate (0.668),Structural brakes: no major structural brakes flagged,"Operator check: verify parcel availability, local listings, zoning/subdivision path, and whether the county-level signal is concentrated in investable submarkets."
67,08113,"San Miguel County, Colorado",CO,0.8766421780466724,0.42683144147633245,258,0.8889369057908384,0.07890287836240019,0.0992341159084845,19,0.9922212618841832,0.3522359040829553,0.48779617372632855,0.3315533116095572,0.6877403879733908,0.3561870763638335,"Moderate quiet-breakout probability with high residual-upside magnitude. Prior momentum rank is 35.2%, inside the not-hot gate. Market-depth adequacy is moderate (0.488).",Wave 3 support is strong; structural brakes are light. Supports: fragility/support balance is strong (0.709); scarcity/amenity balance is strong (0.708); optionality is strong (0.703). Brakes: no major structural brakes flagged.,Structural support: fragility/support balance is strong (0.709); scarcity/amenity balance is strong (0.708); optionality is strong (0.703),Structural brakes: no major structural brakes flagged,"Operator check: verify parcel availability, local listings, zoning/subdivision path, and whether the county-level signal is concentrated in investable submarkets."
68,54051,"Marshall County, West Virginia",WV,0.8747191011235955,0.3674900536340504,380,0.8362143474503025,0.046106895285977695,0.050016989186861316,100,0.9572169403630078,0.1594296824368114,0.8045617117078119,0.2290451887772691,0.6070013459498534,0.3779561571725843,"Moderate quiet-breakout probability with high residual-upside magnitude. Prior momentum rank is 15.9%, inside the not-hot gate. Market-depth adequacy is high (0.805).",Wave 3 support is moderate; structural brakes are light. Supports: fragility/support balance is strong (0.726); optionality is strong (0.674). Brakes: no major structural brakes flagged.,Structural support: fragility/support balance is strong (0.726); optionality is strong (0.674),Structural brakes: no major structural brakes flagged,"Operator check: verify parcel availability, local listings, zoning/subdivision path, and whether the county-level signal is concentrated in investable submarkets."
69,02122,"Kenai Peninsula Borough, Alaska",AK,0.874589455488332,0.39388842049298256,330,0.8578219533275713,0.034863874303099694,0.03657604596523322,156,0.9330164217804667,0.1406351263771873,0.8829717908982697,0.1559909142656328,0.6722345361885421,0.5162436219229093,"Moderate quiet-breakout probability with high residual-upside magnitude. Prior momentum rank is 14.1%, inside the not-hot gate. Market-depth adequacy is high (0.883).",Wave 3 support is strong; structural brakes are moderate. Supports: scarcity/amenity balance is strong (0.885); optionality is moderate (0.666); site-thesis support is moderate (0.657). Brakes: fragility pressure is moderate (0.628).,Structural support: scarcity/amenity balance is strong (0.885); optionality is moderate (0.666); site-thesis support is moderate (0.657),Structural brakes: fragility pressure is moderate (0.628),"Operator check: verify parcel availability, local listings, zoning/subdivision path, and whether the county-level signal is concentrated in investable submarkets."
70,47155,"Sevier County, Tennessee",TN,0.874351771823682,0.47549005969819164,176,0.9243733794295592,0.11450451659689465,0.12910068335823696,5,0.9982713915298185,0.2592352559948153,0.7173491576175486,0.0121139803150394,0.5514994553466697,0.5393854750316303,"High quiet-breakout probability with high residual-upside magnitude. Prior momentum rank is 25.9%, inside the not-hot gate. Market-depth adequacy is high (0.717).",Wave 3 support is moderate; structural brakes are moderate. Supports: scarcity/amenity balance is strong (0.710); optionality is moderate (0.635). Brakes: constraint pressure is moderate (0.616); fragility pressure is moderate (0.605); constraint complexity is moderate (0.599).,Structural support: scarcity/amenity balance is strong (0.710); optionality is moderate (0.635),Structural brakes: constraint pressure is moderate (0.616); fragility pressure is moderate (0.605); constraint complexity is moderate (0.599),"Operator check: verify parcel availability, local listings, zoning/subdivision path, and whether the county-level signal is concentrated in investable submarkets."
71,16017,"Bonner County, Idaho",ID,0.8728608470181505,0.5135545131513435,133,0.9429559204840103,0.01750864788829906,0.018206031897662327,295,0.8729472774416595,0.2537265068049255,0.9042372311985222,0.0561372580614236,0.6352157427891918,0.5790784847277681,"High quiet-breakout probability with moderate residual-upside magnitude. Prior momentum rank is 25.4%, inside the not-hot gate. Market-depth adequacy is high (0.904).",Wave 3 support is moderate; structural brakes are moderate. Supports: scarcity/amenity balance is strong (0.853); site-thesis support is moderate (0.657); optionality is moderate (0.625). Brakes: wetlands constraint is heavy (0.678); constraint pressure is moderate (0.595); constraint complexity is moderate (0.551).,Structural support: scarcity/amenity balance is strong (0.853); site-thesis support is moderate (0.657); optionality is moderate (0.625),Structural brakes: wetlands constraint is heavy (0.678); constraint pressure is moderate (0.595); constraint complexity is moderate (0.551),"Operator check: verify parcel availability, local listings, zoning/subdivision path, and whether the county-level signal is concentrated in investable submarkets."
72,54101,"Webster County, West Virginia",WV,0.8710025929127053,0.5075834611825107,143,0.9386343993085566,0.06369807890848204,0.09191198816387745,45,0.9809853068280034,0.36292935839274143,0.23258353401379728,0.2568858421928347,0.6258633209362243,0.3689774787433896,"High quiet-breakout probability with high residual-upside magnitude. Prior momentum rank is 36.3%, inside the not-hot gate. Market-depth adequacy is low (0.233).",Wave 3 support is moderate; structural brakes are light. Supports: optionality is strong (0.677); fragility/support balance is moderate (0.661); scarcity/amenity balance is moderate (0.618). Brakes: constraint pressure is moderate (0.558).,Structural support: optionality is strong (0.677); fragility/support balance is moderate (0.661); scarcity/amenity balance is moderate (0.618),Structural brakes: constraint pressure is moderate (0.558),"Operator check: verify parcel availability, local listings, zoning/subdivision path, and whether the county-level signal is concentrated in investable submarkets."
73,54109,"Wyoming County, West Virginia",WV,0.8679775280898876,0.40683592814769476,303,0.8694900605012964,0.06905809181587762,0.08417868452802954,33,0.986171132238548,0.11406351263771873,0.5509376038325617,0.2386300059913566,0.5964068999141421,0.3577768939227854,"Moderate quiet-breakout probability with high residual-upside magnitude. Prior momentum rank is 11.4%, inside the not-hot gate. Market-depth adequacy is moderate (0.551).",Wave 3 support is moderate; structural brakes are light. Supports: optionality is strong (0.675); fragility/support balance is moderate (0.648). Brakes: no major structural brakes flagged.,Structural support: optionality is strong (0.675); fragility/support balance is moderate (0.648),Structural brakes: no major structural brakes flagged,"Operator check: verify parcel availability, local listings, zoning/subdivision path, and whether the county-level signal is concentrated in investable submarkets."
74,42035,"Clinton County, Pennsylvania",PA,0.8664866032843561,0.32494525634507265,521,0.7752808988764045,0.04818186707266986,0.04947540096900588,90,0.9615384615384616,0.3285806869734284,0.9346375233448657,0.2331944522954054,0.6492533262052065,0.416058873909801,"Moderate quiet-breakout probability with high residual-upside magnitude. Prior momentum rank is 32.9%, inside the not-hot gate. Market-depth adequacy is high (0.935).",Wave 3 support is moderate; structural brakes are moderate. Supports: scarcity/amenity balance is strong (0.758); fragility/support balance is moderate (0.668); optionality is moderate (0.657). Brakes: constraint pressure is moderate (0.595).,Structural support: scarcity/amenity balance is strong (0.758); fragility/support balance is moderate (0.668); optionality is moderate (0.657),Structural brakes: constraint pressure is moderate (0.595),"Operator check: verify parcel availability, local listings, zoning/subdivision path, and whether the county-level signal is concentrated in investable submarkets."
75,32019,"Lyon County, Nevada",NV,0.8662705272255833,0.36707221069680873,381,0.8357821953327571,0.04878390043845124,0.050828859238731865,86,0.9632670700086431,0.15780946208684382,0.899419403125107,0.1049467448694452,0.636071203789329,0.5311244589198838,"Moderate quiet-breakout probability with high residual-upside magnitude. Prior momentum rank is 15.8%, inside the not-hot gate. Market-depth adequacy is high (0.899).",Wave 3 support is moderate; structural brakes are moderate. Supports: scarcity/amenity balance is strong (0.793); optionality is moderate (0.660); site-thesis support is moderate (0.648). Brakes: constraint pressure is moderate (0.563).,Structural support: scarcity/amenity balance is strong (0.793); optionality is moderate (0.660); site-thesis support is moderate (0.648),Structural brakes: constraint pressure is moderate (0.563),"Operator check: verify parcel availability, local listings, zoning/subdivision path, and whether the county-level signal is concentrated in investable submarkets."
76,29213,"Taney County, Missouri",MO,0.8660328435609336,0.34026694200033386,461,0.801210025929127,0.0616029348455979,0.06483527001796865,51,0.9783923941227312,0.5038885288399222,0.8753635493661502,0.1728580094689453,0.6587958640493271,0.4859378545803818,"Moderate quiet-breakout probability with high residual-upside magnitude. Prior momentum rank is 50.4%, inside the not-hot gate. Market-depth adequacy is high (0.875).",Wave 3 support is moderate; structural brakes are moderate. Supports: scarcity/amenity balance is strong (0.808); optionality is strong (0.682); fragility/support balance is moderate (0.638). Brakes: no major structural brakes flagged.,Structural support: scarcity/amenity balance is strong (0.808); optionality is strong (0.682); fragility/support balance is moderate (0.638),Structural brakes: no major structural brakes flagged,"Operator check: verify parcel availability, local listings, zoning/subdivision path, and whether the county-level signal is concentrated in investable submarkets."
77,49019,"Grand County, Utah",UT,0.8660112359550561,0.43398203823215403,244,0.8949870354364736,0.04131998654866545,0.051805203916771,121,0.9481417458945549,0.24011665586519768,0.49400752359980815,0.3674431061921891,0.7055880142153406,0.3381449080231514,"Moderate quiet-breakout probability with high residual-upside magnitude. Prior momentum rank is 24.0%, inside the not-hot gate. Market-depth adequacy is moderate (0.494).",Wave 3 support is strong; structural brakes are light. Supports: scarcity/amenity balance is strong (0.746); fragility/support balance is strong (0.725); optionality is strong (0.706). Brakes: no major structural brakes flagged.,Structural support: scarcity/amenity balance is strong (0.746); fragility/support balance is strong (0.725); optionality is strong (0.706),Structural brakes: no major structural brakes flagged,"Operator check: verify parcel availability, local listings, zoning/subdivision path, and whether the county-level signal is concentrated in investable submarkets."
78,21071,"Floyd County, Kentucky",KY,0.865600691443388,0.679201571613236,27,0.9887640449438202,-0.0007599528115308317,-0.0008053876992304013,501,0.783923941227312,0.26830848995463386,0.8589657883309322,0.1032915192005945,0.5172434989460631,0.4139519797454686,"High quiet-breakout probability with moderate residual-upside magnitude. Prior momentum rank is 26.8%, inside the not-hot gate. Market-depth adequacy is high (0.859).",Wave 3 support is moderate; structural brakes are moderate. Supports: optionality is moderate (0.630). Brakes: no major structural brakes flagged.,Structural support: optionality is moderate (0.630),Structural brakes: no major structural brakes flagged,"Operator check: verify parcel availability, local listings, zoning/subdivision path, and whether the county-level signal is concentrated in investable submarkets."
79,06015,"Del Norte County, California",CA,0.8652549697493518,0.5104514148669397,137,0.9412273120138289,0.018328669561793506,0.02050597378310484,287,0.8764044943820225,0.220349967595593,0.7345524474549406,0.1208116275672006,0.6684069484833878,0.5475953209161871,"High quiet-breakout probability with moderate residual-upside magnitude. Prior momentum rank is 22.0%, inside the not-hot gate. Market-depth adequacy is high (0.735).",Wave 3 support is moderate; structural brakes are moderate. Supports: scarcity/amenity balance is strong (0.910); optionality is strong (0.679); site-thesis support is strong (0.676). Brakes: fragility pressure is moderate (0.635).,Structural support: scarcity/amenity balance is strong (0.910); optionality is strong (0.679); site-thesis support is strong (0.676),Structural brakes: fragility pressure is moderate (0.635),"Operator check: verify parcel availability, local listings, zoning/subdivision path, and whether the county-level signal is concentrated in investable submarkets."
80,21221,"Trigg County, Kentucky",KY,0.863331892826275,0.551041681161887,97,0.958513396715644,0.020442608108517,0.02529409549427167,270,0.8837510803802938,0.008425145819831496,0.5204921058697882,0.2011298446958329,0.7034348582840673,0.5023050135882343,"High quiet-breakout probability with moderate residual-upside magnitude. Prior momentum rank is 0.8%, inside the not-hot gate. Market-depth adequacy is moderate (0.520).",Wave 3 support is strong; structural brakes are moderate. Supports: scarcity/amenity balance is strong (0.826); fragility/support balance is strong (0.729); optionality is strong (0.719). Brakes: wetlands constraint is moderate (0.629).,Structural support: scarcity/amenity balance is strong (0.826); fragility/support balance is strong (0.729); optionality is strong (0.719),Structural brakes: wetlands constraint is moderate (0.629),"Operator check: verify parcel availability, local listings, zoning/subdivision path, and whether the county-level signal is concentrated in investable submarkets."
81,54059,"Mingo County, West Virginia",WV,0.8629861711322385,0.4777835702348573,173,0.9256698357821953,0.016767514061755584,0.01996062529076041,302,0.8699222126188418,0.21289695398574207,0.6000737473786842,0.2862509885307115,0.627686014326547,0.3414350257958354,"High quiet-breakout probability with moderate residual-upside magnitude. Prior momentum rank is 21.3%, inside the not-hot gate. Market-depth adequacy is moderate (0.600).",Wave 3 support is moderate; structural brakes are light. Supports: optionality is strong (0.694); fragility/support balance is strong (0.685); site-thesis support is moderate (0.614). Brakes: no major structural brakes flagged.,Structural support: optionality is strong (0.694); fragility/support balance is strong (0.685); site-thesis support is moderate (0.614),Structural brakes: no major structural brakes flagged,"Operator check: verify parcel availability, local listings, zoning/subdivision path, and whether the county-level signal is concentrated in investable submarkets."
82,26131,"Ontonagon County, Michigan",MI,0.8622731201382887,0.5978764589310533,60,0.9745030250648228,0.039292053157410384,0.05643963548838778,126,0.945980985306828,0.13869086195722619,0.24044591258454162,0.1618801360439096,0.6453542034539616,0.4834740674100519,"High quiet-breakout probability with high residual-upside magnitude. Prior momentum rank is 13.9%, inside the not-hot gate. Market-depth adequacy is low (0.240).",Wave 3 support is moderate; structural brakes are moderate. Supports: scarcity/amenity balance is strong (0.830); fragility/support balance is strong (0.730). Brakes: wetlands constraint is moderate (0.639); constraint pressure is moderate (0.608).,Structural support: scarcity/amenity balance is strong (0.830); fragility/support balance is strong (0.730),Structural brakes: wetlands constraint is moderate (0.639); constraint pressure is moderate (0.608),"Operator check: verify parcel availability, local listings, zoning/subdivision path, and whether the county-level signal is concentrated in investable submarkets."
83,42023,"Cameron County, Pennsylvania",PA,0.862208297320657,0.8119996997521174,4,0.9987035436473639,0.025445839799444824,0.03795915852768763,221,0.9049265341400173,0.005508749189889825,0.1758695915825217,0.2099850106772645,0.6291215221730974,0.4191365114958328,"High quiet-breakout probability with high residual-upside magnitude. Prior momentum rank is 0.6%, inside the not-hot gate. Market-depth adequacy is low (0.176).",Wave 3 support is moderate; structural brakes are moderate. Supports: scarcity/amenity balance is strong (0.726); optionality is moderate (0.660); site-thesis support is moderate (0.633). Brakes: constraint pressure is moderate (0.619).,Structural support: scarcity/amenity balance is strong (0.726); optionality is moderate (0.660); site-thesis support is moderate (0.633),Structural brakes: constraint pressure is moderate (0.619),"Operator check: verify parcel availability, local listings, zoning/subdivision path, and whether the county-level signal is concentrated in investable submarkets."
84,42007,"Beaver County, Pennsylvania",PA,0.8621002592912707,0.635082844892798,45,0.9809853068280034,0.011622111327715423,0.013364258321632008,355,0.8470181503889369,0.39436163318211276,0.6741033149784554,0.1077106656067294,0.5771181686061072,0.4694075029993777,"High quiet-breakout probability with moderate residual-upside magnitude. Prior momentum rank is 39.4%, inside the not-hot gate. Market-depth adequacy is moderate (0.674).",Wave 3 support is moderate; structural brakes are moderate. Supports: optionality is moderate (0.629); fragility/support balance is moderate (0.612). Brakes: no major structural brakes flagged.,Structural support: optionality is moderate (0.629); fragility/support balance is moderate (0.612),Structural brakes: no major structural brakes flagged,"Operator check: verify parcel availability, local listings, zoning/subdivision path, and whether the county-level signal is concentrated in investable submarkets."
85,29209,"Stone County, Missouri",MO,0.8616897147796024,0.3798674253652108,358,0.8457216940363008,0.018702929392258254,0.01936082254182918,283,0.878133102852204,0.4163966299416721,0.9150483988800654,0.1953555466691517,0.6874532981922459,0.4920977515230941,"Moderate quiet-breakout probability with moderate residual-upside magnitude. Prior momentum rank is 41.6%, inside the not-hot gate. Market-depth adequacy is high (0.915).",Wave 3 support is strong; structural brakes are moderate. Supports: scarcity/amenity balance is strong (0.803); fragility/support balance is strong (0.725); optionality is strong (0.700). Brakes: wetlands constraint is moderate (0.628).,Structural support: scarcity/amenity balance is strong (0.803); fragility/support balance is strong (0.725); optionality is strong (0.700),Structural brakes: wetlands constraint is moderate (0.628),"Operator check: verify parcel availability, local listings, zoning/subdivision path, and whether the county-level signal is concentrated in investable submarkets."
86,51017,"Bath County, Virginia",VA,0.8614952463267069,0.5909967917550997,68,0.9710458081244598,0.03177381690733065,0.046468036822144225,186,0.9200518582541054,0.4419961114711601,0.20944476463168116,0.2374029919931042,0.6636043233151593,0.426201331322055,"High quiet-breakout probability with high residual-upside magnitude. Prior momentum rank is 44.2%, inside the not-hot gate. Market-depth adequacy is low (0.209).",Wave 3 support is moderate; structural brakes are moderate. Supports: scarcity/amenity balance is strong (0.777); optionality is strong (0.688); site-thesis support is moderate (0.663). Brakes: constraint pressure is moderate (0.580).,Structural support: scarcity/amenity balance is strong (0.777); optionality is strong (0.688); site-thesis support is moderate (0.663),Structural brakes: constraint pressure is moderate (0.580),"Operator check: verify parcel availability, local listings, zoning/subdivision path, and whether the county-level signal is concentrated in investable submarkets."
87,49051,"Wasatch County, Utah",UT,0.860695764909248,0.2871854387179924,666,0.7126188418323249,0.12230758698211594,0.12274343924316947,3,0.9991356957649092,0.3891769280622165,0.9911226973974948,0.2444165878358268,0.7000404165902678,0.4556238287544409,"Low quiet-breakout probability with high residual-upside magnitude. Prior momentum rank is 38.9%, inside the not-hot gate. Market-depth adequacy is high (0.991).",Wave 3 support is strong; structural brakes are moderate. Supports: scarcity/amenity balance is strong (0.845); fragility/support balance is strong (0.711); optionality is strong (0.693). Brakes: no major structural brakes flagged.,Structural support: scarcity/amenity balance is strong (0.845); fragility/support balance is strong (0.711); optionality is strong (0.693),Structural brakes: no major structural brakes flagged,"Operator check: verify parcel availability, local listings, zoning/subdivision path, and whether the county-level signal is concentrated in investable submarkets."
88,50021,"Rutland County, Vermont",VT,0.860609334485739,0.4630855176614403,193,0.9170267934312878,0.015001957633364808,0.015781941720432936,320,0.8621434745030251,0.4611147116007777,0.8764435801238768,0.0926650705800292,0.6063428408936443,0.5136777703136151,"High quiet-breakout probability with moderate residual-upside magnitude. Prior momentum rank is 46.1%, inside the not-hot gate. Market-depth adequacy is high (0.876).",Wave 3 support is moderate; structural brakes are moderate. Supports: scarcity/amenity balance is strong (0.746); fragility/support balance is moderate (0.631). Brakes: constraint pressure is moderate (0.670); wetlands constraint is moderate (0.628).,Structural support: scarcity/amenity balance is strong (0.746); fragility/support balance is moderate (0.631),Structural brakes: constraint pressure is moderate (0.670); wetlands constraint is moderate (0.628),"Operator check: verify parcel availability, local listings, zoning/subdivision path, and whether the county-level signal is concentrated in investable submarkets."
89,41029,"Jackson County, Oregon",OR,0.8602203975799483,0.4739039768347114,179,0.9230769230769231,0.02871763842198437,0.03387160916194923,196,0.9157303370786517,0.16688269604666234,0.6195950777447311,0.1424996960111401,0.6061376188571973,0.4636379228460572,"High quiet-breakout probability with high residual-upside magnitude. Prior momentum rank is 16.7%, inside the not-hot gate. Market-depth adequacy is moderate (0.620).",Wave 3 support is moderate; structural brakes are moderate. Supports: scarcity/amenity balance is strong (0.740); optionality is moderate (0.643); site-thesis support is moderate (0.610). Brakes: constraint pressure is moderate (0.555).,Structural support: scarcity/amenity balance is strong (0.740); optionality is moderate (0.643); site-thesis support is moderate (0.610),Structural brakes: constraint pressure is moderate (0.555),"Operator check: verify parcel availability, local listings, zoning/subdivision path, and whether the county-level signal is concentrated in investable submarkets."
90,42053,"Forest County, Pennsylvania",PA,0.8600907519446845,0.6381319231651668,43,0.9818496110630942,0.022339688029939932,0.03168984379115749,254,0.8906655142610199,0.018794556059624108,0.2623696867333124,0.2437399129600344,0.6454984044580433,0.4017584914980088,"High quiet-breakout probability with moderate residual-upside magnitude. Prior momentum rank is 1.9%, inside the not-hot gate. Market-depth adequacy is low (0.262).",Wave 3 support is moderate; structural brakes are moderate. Supports: scarcity/amenity balance is strong (0.719); fragility/support balance is strong (0.695); optionality is moderate (0.645). Brakes: constraint pressure is moderate (0.605).,Structural support: scarcity/amenity balance is strong (0.719); fragility/support balance is strong (0.695); optionality is moderate (0.645),Structural brakes: constraint pressure is moderate (0.605),"Operator check: verify parcel availability, local listings, zoning/subdivision path, and whether the county-level signal is concentrated in investable submarkets."
91,42111,"Somerset County, Pennsylvania",PA,0.8600907519446844,0.47449283887806026,178,0.9235090751944685,0.01506742251280916,0.016056008315591827,319,0.8625756266205704,0.2880751782242385,0.8460722952817201,0.0951052638076698,0.5348425177113182,0.4397372539036484,"High quiet-breakout probability with moderate residual-upside magnitude. Prior momentum rank is 28.8%, inside the not-hot gate. Market-depth adequacy is high (0.846).",Wave 3 support is moderate; structural brakes are moderate. Supports: no major structural supports flagged. Brakes: constraint pressure is moderate (0.618).,Structural support: no major structural supports flagged,Structural brakes: constraint pressure is moderate (0.618),"Operator check: verify parcel availability, local listings, zoning/subdivision path, and whether the county-level signal is concentrated in investable submarkets."
92,42063,"Indiana County, Pennsylvania",PA,0.8593560933448574,0.4060052322813772,306,0.8681936041486603,0.013526254001739067,0.014499005919680742,335,0.8556611927398444,0.5939727802981205,0.8322726531511249,0.2457942469253908,0.6140059055047786,0.3682116585793878,"Moderate quiet-breakout probability with moderate residual-upside magnitude. Prior momentum rank is 59.4%, inside the not-hot gate. Market-depth adequacy is high (0.832).",Wave 3 support is moderate; structural brakes are light. Supports: fragility/support balance is strong (0.690); optionality is moderate (0.658). Brakes: no major structural brakes flagged.,Structural support: fragility/support balance is strong (0.690); optionality is moderate (0.658),Structural brakes: no major structural brakes flagged,"Operator check: verify parcel availability, local listings, zoning/subdivision path, and whether the county-level signal is concentrated in investable submarkets."
93,47081,"Hickman County, Tennessee",TN,0.8589671564390666,0.6159051979936367,50,0.9788245462402766,0.026536685444204244,0.029995485325545024,213,0.9083837510803803,0.09397278029812055,0.7117232940389229,-0.0287953597499852,0.4039392748204918,0.432734634570477,"High quiet-breakout probability with high residual-upside magnitude. Prior momentum rank is 9.4%, inside the not-hot gate. Market-depth adequacy is high (0.712).",Wave 3 support is moderate; structural brakes are moderate. Supports: no major structural supports flagged. Brakes: no major structural brakes flagged.,Structural support: no major structural supports flagged,Structural brakes: no major structural brakes flagged,"Operator check: verify parcel availability, local listings, zoning/subdivision path, and whether the county-level signal is concentrated in investable submarkets."
94,16037,"Custer County, Idaho",ID,0.8584917891097668,0.48608600467398216,161,0.9308556611927399,0.05971739551133702,0.08750796990132381,60,0.9745030250648228,0.17271548930654568,0.20605590492717019,0.2113318910554674,0.6432808628719402,0.4319489718164728,"High quiet-breakout probability with high residual-upside magnitude. Prior momentum rank is 17.3%, inside the not-hot gate. Market-depth adequacy is low (0.206).",Wave 3 support is moderate; structural brakes are moderate. Supports: scarcity/amenity balance is strong (0.699); optionality is strong (0.675); site-thesis support is moderate (0.658). Brakes: no major structural brakes flagged.,Structural support: scarcity/amenity balance is strong (0.699); optionality is strong (0.675); site-thesis support is moderate (0.658),Structural brakes: no major structural brakes flagged,"Operator check: verify parcel availability, local listings, zoning/subdivision path, and whether the county-level signal is concentrated in investable submarkets."
95,20061,"Geary County, Kansas",KS,0.856503889369058,0.4962162577011453,151,0.9351771823681936,0.013506216246563563,0.014098322136916131,336,0.8552290406222991,0.3402462734931951,0.8950041918814311,0.0307367596161738,0.5987763297945272,0.5680395701783534,"High quiet-breakout probability with moderate residual-upside magnitude. Prior momentum rank is 34.0%, inside the not-hot gate. Market-depth adequacy is high (0.895).",Wave 3 support is moderate; structural brakes are moderate. Supports: scarcity/amenity balance is strong (0.732); optionality is strong (0.680); site-thesis support is moderate (0.608). Brakes: fragility pressure is moderate (0.654); constraint complexity is moderate (0.567).,Structural support: scarcity/amenity balance is strong (0.732); optionality is strong (0.680); site-thesis support is moderate (0.608),Structural brakes: fragility pressure is moderate (0.654); constraint complexity is moderate (0.567),"Operator check: verify parcel availability, local listings, zoning/subdivision path, and whether the county-level signal is concentrated in investable submarkets."
96,06051,"Mono County, California",CA,0.8564174589455489,0.48040803449796265,167,0.9282627484874676,0.08954928821658192,0.1028849079872731,8,0.9969749351771824,0.2615035644847699,0.6759578243404567,-0.0595321104370503,0.5690785795852376,0.6286106900222879,"High quiet-breakout probability with high residual-upside magnitude. Prior momentum rank is 26.2%, inside the not-hot gate. Market-depth adequacy is moderate (0.676).",Wave 3 support is moderate; structural brakes are moderate. Supports: scarcity/amenity balance is strong (0.830); site-thesis support is moderate (0.627); optionality is moderate (0.606). Brakes: fragility pressure is heavy (0.671); constraint complexity is moderate (0.643); constraint pressure is moderate (0.635).,Structural support: scarcity/amenity balance is strong (0.830); site-thesis support is moderate (0.627); optionality is moderate (0.606),Structural brakes: fragility pressure is heavy (0.671); constraint complexity is moderate (0.643); constraint pressure is moderate (0.635),"Operator check: verify parcel availability, local listings, zoning/subdivision path, and whether the county-level signal is concentrated in investable submarkets."
97,37157,"Rockingham County, North Carolina",NC,0.8550345721694035,0.4934589279249381,155,0.9334485738980121,0.014951783491954357,0.016315605854280144,322,0.8612791702679343,0.3457550226830849,0.7910248668504073,0.080843377613259,0.5125864202589161,0.431743042645657,"High quiet-breakout probability with moderate residual-upside magnitude. Prior momentum rank is 34.6%, inside the not-hot gate. Market-depth adequacy is high (0.791).",Wave 3 support is moderate; structural brakes are moderate. Supports: no major structural supports flagged. Brakes: no major structural brakes flagged.,Structural support: no major structural supports flagged,Structural brakes: no major structural brakes flagged,"Operator check: verify parcel availability, local listings, zoning/subdivision path, and whether the county-level signal is concentrated in investable submarkets."
98,50019,"Orleans County, Vermont",VT,0.8544727744165947,0.43901825704845826,237,0.8980121002592912,0.03514897343880691,0.03717311388998842,154,0.9338807260155575,0.5502268308489955,0.8638706689213724,-0.0057657000545096,0.5196008619608529,0.5253665620153625,"Moderate quiet-breakout probability with high residual-upside magnitude. Prior momentum rank is 55.0%, inside the not-hot gate. Market-depth adequacy is high (0.864).",Wave 3 support is moderate; structural brakes are moderate. Supports: fragility/support balance is moderate (0.621). Brakes: wetlands constraint is heavy (0.701); constraint pressure is heavy (0.679).,Structural support: fragility/support balance is moderate (0.621),Structural brakes: wetlands constraint is heavy (0.701); constraint pressure is heavy (0.679),"Operator check: verify parcel availability, local listings, zoning/subdivision path, and whether the county-level signal is concentrated in investable submarkets."
99,21109,"Jackson County, Kentucky",KY,0.8544295592048401,0.6455512221839892,41,0.982713915298185,0.022259561776296184,0.029754199212418758,256,0.8898012100259292,0.037589112119248216,0.3702874187087454,0.1584731157853984,0.6013308302865176,0.4428577145011191,"High quiet-breakout probability with moderate residual-upside magnitude. Prior momentum rank is 3.8%, inside the not-hot gate. Market-depth adequacy is low (0.370).",Wave 3 support is moderate; structural brakes are moderate. Supports: optionality is strong (0.691); scarcity/amenity balance is moderate (0.634); site-thesis support is moderate (0.628). Brakes: constraint pressure is moderate (0.603).,Structural support: optionality is strong (0.691); scarcity/amenity balance is moderate (0.634); site-thesis support is moderate (0.628),Structural brakes: constraint pressure is moderate (0.603),"Operator check: verify parcel availability, local listings, zoning/subdivision path, and whether the county-level signal is concentrated in investable submarkets."
100,39167,"Washington County, Ohio",OH,0.8533707865168539,0.4415695098807351,232,0.9001728608470182,-0.0031462448095451426,-0.0032647389155798416,532,0.7705272255834054,0.2692806221646144,0.9092621882647133,0.2381401954635565,0.6433816440813341,0.4052414486177776,"High quiet-breakout probability with moderate residual-upside magnitude. Prior momentum rank is 26.9%, inside the not-hot gate. Market-depth adequacy is high (0.909).",Wave 3 support is moderate; structural brakes are moderate. Supports: fragility/support balance is strong (0.696); optionality is strong (0.678); scarcity/amenity balance is moderate (0.661). Brakes: no major structural brakes flagged.,Structural support: fragility/support balance is strong (0.696); optionality is strong (0.678); scarcity/amenity balance is moderate (0.661),Structural brakes: no major structural brakes flagged,"Operator check: verify parcel availability, local listings, zoning/subdivision path, and whether the county-level signal is concentrated in investable submarkets."
