sec_pit_0231__held_001,1 Infinite Loop,Cupertino,CA,95014
sec_pit_0231__held_002,1 Infinite Loop Dr,Cupertino,CA,95014
sec_pit_0032__held_003,1 Infinite Loop,Cupertino,CA,95014
sec_pit_0032__held_004,1 Infinite Loop Dr,Cupertino,CA,95014
sec_pit_0237__held_005,"12100 WILSHIRE BOULEVARD, 8TH FLOOR",Los Angeles,CA,90025
sec_pit_0036__held_006,4 Gatehall Drive,Parsippany,NJ,07054
sec_pit_0036__held_007,4 Gatehall Dr,Parsippany,NJ,07054
sec_pit_0037__held_008,4 Gatehall Drive,Parsippany,NJ,07054
sec_pit_0037__held_009,4 Gatehall Dr,Parsippany,NJ,07054
sec_pit_0300__held_010,804 Carnegie Center Blvd,Princeton,NJ,08540
sec_pit_0103__held_011,804 Carnegie Center Blvd,Princeton,NJ,08540
sec_pit_0131__held_012,"244 5TH AVENUE 2ND FL., SUITE 2821",New York,NY,10001
sec_pit_0326__held_013,"244 5TH AVENUE 2ND FL., SUITE 2821",New York,NY,10001
sec_pit_0381__held_014,910 LOUISIANA STREET SUITE 4440,Houston,TX,77002
