parse_review_priority,parse_review_category,recommended_action,queue_row_id,entity_name,primary_ticker,filing_date,form_type,filing_accession,address_parse_status,address_parse_error,current_snapshot_business_street,current_snapshot_business_city,current_snapshot_business_state,current_snapshot_business_zip,current_snapshot_fips,current_snapshot_county_name,filing_document_cache_path,filing_document_fetch_error
high,snapshot_address_text_found_needs_parser_pattern,add parser pattern around matched filing address text,sec_pit_0496,Above Food Ingredients Inc.,ABVE,2024-04-09,424B3,0001104659-24-044918,parse_review_needed,principal executive offices marker not parsed into domestic street/city/state/zip,2305 VICTORIA AVENUE #001,"REGINA, SASKATCHEWAN",,S4P 0S7,,,data/raw/sec_edgar_hq/filing_documents/CIK0001979484/000110465924044918/tm2326271-20_424b3.htm,
high,snapshot_address_text_found_needs_parser_pattern,add parser pattern around matched filing address text,sec_pit_0413,Above Food Ingredients Inc.,ABVE,2024-07-08,20-F,0001104659-24-078186,parse_review_needed,principal executive offices marker not parsed into domestic street/city/state/zip,2305 VICTORIA AVENUE #001,"REGINA, SASKATCHEWAN",,S4P 0S7,,,data/raw/sec_edgar_hq/filing_documents/CIK0001979484/000110465924078186/tm2418826d1_20f.htm,
high,snapshot_address_text_found_needs_parser_pattern,add parser pattern around matched filing address text,sec_pit_0495,Above Food Ingredients Inc.,ABVE,2024-07-19,F-1,0001104659-24-080939,parse_review_needed,principal executive offices marker not parsed into domestic street/city/state/zip,2305 VICTORIA AVENUE #001,"REGINA, SASKATCHEWAN",,S4P 0S7,,,data/raw/sec_edgar_hq/filing_documents/CIK0001979484/000110465924080939/tm2418998d1_f1.htm,
high,snapshot_address_text_found_needs_parser_pattern,add parser pattern around matched filing address text,sec_pit_0414,Activate Energy Acquisition Corp.,AEAQ,2026-03-11,10-K,0001213900-26-026243,parse_review_needed,principal executive offices marker not parsed into domestic street/city/state/zip,71 FORT STREET PO BOX 500,GRAND CAYMAN,,00000,,,data/raw/sec_edgar_hq/filing_documents/CIK0002083689/000121390026026243/ea0279420-10k_activate.htm,
high,snapshot_address_text_found_needs_parser_pattern,add parser pattern around matched filing address text,sec_pit_0419,"Allied Energy, Inc.",AGGI,2026-04-15,10-K,0001683168-26-002986,parse_review_needed,principal executive offices marker not parsed into domestic street/city/state/zip,104-360 COLLEGE STREET SUITE #251,TORONTO,,M5T 1S6,,,data/raw/sec_edgar_hq/filing_documents/CIK0001109262/000168316826002986/allied_i10k-123125.htm,
high,snapshot_address_text_found_needs_parser_pattern,add parser pattern around matched filing address text,sec_pit_0420,"Allied Energy, Inc.",AGGI,2026-04-17,10-K/A,0001683168-26-003039,parse_review_needed,principal executive offices marker not parsed into domestic street/city/state/zip,104-360 COLLEGE STREET SUITE #251,TORONTO,,M5T 1S6,,,data/raw/sec_edgar_hq/filing_documents/CIK0001109262/000168316826003039/allied_i10ka1-123125.htm,
high,snapshot_address_text_found_needs_parser_pattern,add parser pattern around matched filing address text,sec_pit_0435,Brenmiller Energy Ltd.,BNRG,2023-03-22,20-F,0001213900-23-021814,parse_review_needed,principal executive offices marker not parsed into domestic street/city/state/zip,13 AMAL STREET,ROSH HAAYIN,L3,4809249,,,data/raw/sec_edgar_hq/filing_documents/CIK0001901215/000121390023021814/f20f2022_brenmiller.htm,
high,snapshot_address_text_found_needs_parser_pattern,add parser pattern around matched filing address text,sec_pit_0436,Brenmiller Energy Ltd.,BNRG,2024-03-18,20-F,0001213900-24-023515,parse_review_needed,principal executive offices marker not parsed into domestic street/city/state/zip,13 AMAL STREET,ROSH HAAYIN,L3,4809249,,,data/raw/sec_edgar_hq/filing_documents/CIK0001901215/000121390024023515/ea0201044-20f_brenmiller.htm,
high,snapshot_address_text_found_needs_parser_pattern,add parser pattern around matched filing address text,sec_pit_0437,Brenmiller Energy Ltd.,BNRG,2025-03-04,20-F,0001213900-25-020178,parse_review_needed,principal executive offices marker not parsed into domestic street/city/state/zip,13 AMAL STREET,ROSH HAAYIN,L3,4809249,,,data/raw/sec_edgar_hq/filing_documents/CIK0001901215/000121390025020178/ea0231962-20f_brenmiller.htm,
high,snapshot_address_text_found_needs_parser_pattern,add parser pattern around matched filing address text,sec_pit_0438,Brenmiller Energy Ltd.,BNRG,2026-03-25,20-F,0001213900-26-034046,parse_review_needed,principal executive offices marker not parsed into domestic street/city/state/zip,13 AMAL STREET,ROSH HAAYIN,L3,4809249,,,data/raw/sec_edgar_hq/filing_documents/CIK0001901215/000121390026034046/ea0279203-20f_brenmiller.htm,
high,snapshot_address_text_found_needs_parser_pattern,add parser pattern around matched filing address text,sec_pit_0444,CENOVUS ENERGY INC.,CVE,2026-02-19,40-F,0001475260-26-000008,parse_review_needed,principal executive offices marker not parsed into domestic street/city/state/zip,225 - 6 AVENUE S.W. P.O. BOX 766,CALGARY,A0,T2P 1N2,,,data/raw/sec_edgar_hq/filing_documents/CIK0001475260/000147526026000008/cve-20251231_d2.htm,
high,snapshot_address_text_found_needs_parser_pattern,add parser pattern around matched filing address text,sec_pit_0073,CENTRUS ENERGY CORP,LEU,2026-02-11,10-K,0001628280-26-007117,parse_review_needed,principal executive offices marker not parsed into domestic street/city/state/zip,6901 ROCKLEDGE DR SUITE 800,BETHESDA,MD,20817,24031,Montgomery County,data/raw/sec_edgar_hq/filing_documents/CIK0001065059/000162828026007117/leu-20251231.htm,
high,snapshot_address_text_found_needs_parser_pattern,add parser pattern around matched filing address text,sec_pit_0448,CHECK POINT SOFTWARE TECHNOLOGIES LTD,CHKP,2026-03-31,20-F,0001178913-26-001932,parse_review_needed,principal executive offices marker not parsed into domestic street/city/state/zip,5 SHLOMO KAPLAN STREET,"TEL AVIV, ISRAEL",,6789159,,,data/raw/sec_edgar_hq/filing_documents/CIK0001015922/000117891326001932/zk2634942.htm,
high,snapshot_address_text_found_needs_parser_pattern,add parser pattern around matched filing address text,sec_pit_0453,CN Healthy Food Tech Group Corp.,UCFI,2024-04-01,10-K,0001213900-24-028817,parse_review_needed,principal executive offices marker not parsed into domestic street/city/state/zip,P.O. BOX 2506,TOLUCA LAKE,CA,91610,,,data/raw/sec_edgar_hq/filing_documents/CIK0001901203/000121390024028817/ea0202557-10k_ironhorse.htm,
high,snapshot_address_text_found_needs_parser_pattern,add parser pattern around matched filing address text,sec_pit_0454,CN Healthy Food Tech Group Corp.,UCFI,2025-02-21,10-K,0001213900-25-015846,parse_review_needed,principal executive offices marker not parsed into domestic street/city/state/zip,P.O. BOX 2506,TOLUCA LAKE,CA,91610,,,data/raw/sec_edgar_hq/filing_documents/CIK0001901203/000121390025015846/ea0230568-10k_ironhorse.htm,
high,snapshot_address_text_found_needs_parser_pattern,add parser pattern around matched filing address text,sec_pit_0456,Capital Clean Energy Carriers Corp.,CCEC,2008-04-04,20-F,0000950157-08-000257,parse_review_needed,principal executive offices marker not parsed into domestic street/city/state/zip,3 IASSONOS STREET,PIRAEUS,J3,18537,,,data/raw/sec_edgar_hq/filing_documents/CIK0001392326/000095015708000257/form20-f.htm,
high,snapshot_address_text_found_needs_parser_pattern,add parser pattern around matched filing address text,sec_pit_0457,Capital Clean Energy Carriers Corp.,CCEC,2009-03-27,20-F,0000950157-09-000145,parse_review_needed,principal executive offices marker not parsed into domestic street/city/state/zip,3 IASSONOS STREET,PIRAEUS,J3,18537,,,data/raw/sec_edgar_hq/filing_documents/CIK0001392326/000095015709000145/form20-f.htm,
high,snapshot_address_text_found_needs_parser_pattern,add parser pattern around matched filing address text,sec_pit_0458,Capital Clean Energy Carriers Corp.,CCEC,2010-02-04,20-F,0000950157-10-000073,parse_review_needed,principal executive offices marker not parsed into domestic street/city/state/zip,3 IASSONOS STREET,PIRAEUS,J3,18537,,,data/raw/sec_edgar_hq/filing_documents/CIK0001392326/000095015710000073/form20-f.htm,
high,snapshot_address_text_found_needs_parser_pattern,add parser pattern around matched filing address text,sec_pit_0459,Capital Clean Energy Carriers Corp.,CCEC,2026-04-27,20-F,0001193125-26-179568,parse_review_needed,principal executive offices marker not parsed into domestic street/city/state/zip,3 IASSONOS STREET,PIRAEUS,J3,18537,,,data/raw/sec_edgar_hq/filing_documents/CIK0001392326/000119312526179568/d41846d20f.htm,
high,snapshot_address_text_found_needs_parser_pattern,add parser pattern around matched filing address text,sec_pit_0463,Cognyte Software Ltd.,CGNT,2021-04-29,20-F,0001824814-21-000007,parse_review_needed,principal executive offices marker not parsed into domestic street/city/state/zip,33 MASKIT,HERZLIYA PITUACH,L3,4673333,,,data/raw/sec_edgar_hq/filing_documents/CIK0001824814/000182481421000007/cgnt-20210131.htm,
high,snapshot_address_text_found_needs_parser_pattern,add parser pattern around matched filing address text,sec_pit_0464,Cognyte Software Ltd.,CGNT,2022-04-05,20-F,0001824814-22-000013,parse_review_needed,principal executive offices marker not parsed into domestic street/city/state/zip,33 MASKIT,HERZLIYA PITUACH,L3,4673333,,,data/raw/sec_edgar_hq/filing_documents/CIK0001824814/000182481422000013/cgnt-20220131.htm,
high,snapshot_address_text_found_needs_parser_pattern,add parser pattern around matched filing address text,sec_pit_0465,Cognyte Software Ltd.,CGNT,2022-04-12,20-F/A,0001824814-22-000016,parse_review_needed,principal executive offices marker not parsed into domestic street/city/state/zip,33 MASKIT,HERZLIYA PITUACH,L3,4673333,,,data/raw/sec_edgar_hq/filing_documents/CIK0001824814/000182481422000016/cgnt-20220131.htm,
high,snapshot_address_text_found_needs_parser_pattern,add parser pattern around matched filing address text,sec_pit_0466,Cognyte Software Ltd.,CGNT,2026-03-25,20-F,0001824814-26-000021,parse_review_needed,principal executive offices marker not parsed into domestic street/city/state/zip,33 MASKIT,HERZLIYA PITUACH,L3,4673333,,,data/raw/sec_edgar_hq/filing_documents/CIK0001824814/000182481426000021/cgnt-20260131.htm,
medium,address_marker_or_address_text_not_found,manual parse or choose alternate filing document,sec_pit_0001,"ACORN ENERGY, INC.",ACFN,2003-04-16,10-K,0001144204-03-001800,parse_review_needed,principal executive offices marker not parsed into domestic street/city/state/zip,"1000 N WEST STREET, SUITE 1200",WILMINGTON,DE,19801,10003,New Castle County,data/raw/sec_edgar_hq/filing_documents/CIK0000880984/000114420403001800/doc1.txt,
medium,address_marker_or_address_text_not_found,manual parse or choose alternate filing document,sec_pit_0002,"ACORN ENERGY, INC.",ACFN,2003-05-07,10-K/A,0001144204-03-002170,parse_review_needed,principal executive offices marker not parsed into domestic street/city/state/zip,"1000 N WEST STREET, SUITE 1200",WILMINGTON,DE,19801,10003,New Castle County,data/raw/sec_edgar_hq/filing_documents/CIK0000880984/000114420403002170/doc1.txt,
medium,address_marker_or_address_text_not_found,manual parse or choose alternate filing document,sec_pit_0493,AIR Global PLC,AIIR,2026-04-22,424B3,0001193125-26-170549,parse_review_needed,principal executive offices marker not parsed into domestic street/city/state/zip,"FESTIVAL OFFICE TWR, DUBAI FESTIVAL CITY 7TH FLOOR, OFFICE NO. 700",DUBAI (DIFC),,00000,,,data/raw/sec_edgar_hq/filing_documents/CIK0002097725/000119312526170549/project_genesis_-_final_.htm,
medium,address_marker_or_address_text_not_found,manual parse or choose alternate filing document,sec_pit_0494,AIR Global PLC,AIIR,2026-05-12,424B3,0001193125-26-217201,parse_review_needed,principal executive offices marker not parsed into domestic street/city/state/zip,"FESTIVAL OFFICE TWR, DUBAI FESTIVAL CITY 7TH FLOOR, OFFICE NO. 700",DUBAI (DIFC),,00000,,,data/raw/sec_edgar_hq/filing_documents/CIK0002097725/000119312526217201/project_genesis_424b3_11.htm,
medium,address_marker_or_address_text_not_found,manual parse or choose alternate filing document,sec_pit_0411,AIR Global PLC,AIIR,2026-05-21,20-F,0001193125-26-234374,parse_review_needed,principal executive offices marker not parsed into domestic street/city/state/zip,"FESTIVAL OFFICE TWR, DUBAI FESTIVAL CITY 7TH FLOOR, OFFICE NO. 700",DUBAI (DIFC),,00000,,,data/raw/sec_edgar_hq/filing_documents/CIK0002097725/000119312526234374/genesis_-_super_20-f_fil.htm,
medium,address_marker_or_address_text_not_found,manual parse or choose alternate filing document,sec_pit_0210,AIR T INC,AIRT,2004-11-04,10-Q,0000353184-04-000036,parse_review_needed,principal executive offices marker not parsed into domestic street/city/state/zip,11020 DAVID TAYLOR DRIVE SUITE 305,CHARLOTTE,NC,28262,37119,Mecklenburg County,data/raw/sec_edgar_hq/filing_documents/CIK0000353184/000035318404000036/sep.txt,
medium,address_marker_or_address_text_not_found,manual parse or choose alternate filing document,sec_pit_0216,ALPHA & OMEGA SEMICONDUCTOR Ltd,AOSL,2026-05-06,10-Q,0001628280-26-031360,parse_review_needed,principal executive offices marker not parsed into domestic street/city/state/zip,475 OAKMEAD PARKWAY,SUNNYVALE,CA,94085,06085,Santa Clara County,data/raw/sec_edgar_hq/filing_documents/CIK0001387467/000162828026031360/aosl-20260331.htm,
medium,address_marker_or_address_text_not_found,manual parse or choose alternate filing document,sec_pit_0217,ALPHA & OMEGA SEMICONDUCTOR Ltd,AOSL,2026-05-12,8-K,0001628280-26-034090,parse_review_needed,principal executive offices marker not parsed into domestic street/city/state/zip,475 OAKMEAD PARKWAY,SUNNYVALE,CA,94085,06085,Santa Clara County,data/raw/sec_edgar_hq/filing_documents/CIK0001387467/000162828026034090/aosl-20260511.htm,
medium,address_marker_or_address_text_not_found,manual parse or choose alternate filing document,sec_pit_0498,Activate Energy Acquisition Corp.,AEAQ,2025-12-09,8-K,0001213900-25-119675,parse_review_needed,principal executive offices marker not parsed into domestic street/city/state/zip,71 FORT STREET PO BOX 500,GRAND CAYMAN,,00000,,,data/raw/sec_edgar_hq/filing_documents/CIK0002083689/000121390025119675/ea0268907-8k_activate.htm,
medium,address_marker_or_address_text_not_found,manual parse or choose alternate filing document,sec_pit_0499,Activate Energy Acquisition Corp.,AEAQ,2025-12-12,8-K,0001213900-25-120795,parse_review_needed,principal executive offices marker not parsed into domestic street/city/state/zip,71 FORT STREET PO BOX 500,GRAND CAYMAN,,00000,,,data/raw/sec_edgar_hq/filing_documents/CIK0002083689/000121390025120795/ea0269035-8k_activate.htm,
medium,address_marker_or_address_text_not_found,manual parse or choose alternate filing document,sec_pit_0415,Ads-Tec Energy Public Ltd Co,ADSE,2021-12-29,20-F,0001213900-21-067972,parse_review_needed,principal executive offices marker not parsed into domestic street/city/state/zip,10 EARLSFORT TERRACE DUBLIN 2,DUBLIN,,,,,data/raw/sec_edgar_hq/filing_documents/CIK0001879248/000121390021067972/f20f2021_adstecenergy.htm,
medium,address_marker_or_address_text_not_found,manual parse or choose alternate filing document,sec_pit_0416,Ads-Tec Energy Public Ltd Co,ADSE,2022-04-28,20-F,0001213900-22-022308,parse_review_needed,principal executive offices marker not parsed into domestic street/city/state/zip,10 EARLSFORT TERRACE DUBLIN 2,DUBLIN,,,,,data/raw/sec_edgar_hq/filing_documents/CIK0001879248/000121390022022308/f20f2021_adstecenergy.htm,
medium,address_marker_or_address_text_not_found,manual parse or choose alternate filing document,sec_pit_0417,Ads-Tec Energy Public Ltd Co,ADSE,2023-05-11,20-F,0001213900-23-038592,parse_review_needed,principal executive offices marker not parsed into domestic street/city/state/zip,10 EARLSFORT TERRACE DUBLIN 2,DUBLIN,,,,,data/raw/sec_edgar_hq/filing_documents/CIK0001879248/000121390023038592/f20f2022_adstecen.htm,
medium,address_marker_or_address_text_not_found,manual parse or choose alternate filing document,sec_pit_0418,Ads-Tec Energy Public Ltd Co,ADSE,2026-05-15,20-F,0001213900-26-057891,parse_review_needed,principal executive offices marker not parsed into domestic street/city/state/zip,10 EARLSFORT TERRACE DUBLIN 2,DUBLIN,,,,,data/raw/sec_edgar_hq/filing_documents/CIK0001879248/000121390026057891/ea0290629-20f_adstec.htm,
medium,address_marker_or_address_text_not_found,manual parse or choose alternate filing document,sec_pit_0028,"Air Products & Chemicals, Inc.",APD,2016-11-21,10-K,0001193125-16-773346,parse_review_needed,principal executive offices marker not parsed into domestic street/city/state/zip,1940 AIR PRODUCTS BLVD.,ALLENTOWN,PA,18106-5500,42077,Lehigh County,data/raw/sec_edgar_hq/filing_documents/CIK0000002969/000119312516773346/d271291d10k.htm,
medium,address_marker_or_address_text_not_found,manual parse or choose alternate filing document,sec_pit_0422,BAYTEX ENERGY CORP.,BTE,2006-03-31,40-F,0001104659-06-021388,parse_review_needed,principal executive offices marker not parsed into domestic street/city/state/zip,"2800, 520 3RD AVE SW",CALGARY,,T2P 0R3,,,data/raw/sec_edgar_hq/filing_documents/CIK0001279495/000110465906021388/a06-7766_140f.htm,
medium,address_marker_or_address_text_not_found,manual parse or choose alternate filing document,sec_pit_0423,BAYTEX ENERGY CORP.,BTE,2007-01-29,40-F,0001279495-07-000006,parse_review_needed,principal executive offices marker not parsed into domestic street/city/state/zip,"2800, 520 3RD AVE SW",CALGARY,,T2P 0R3,,,data/raw/sec_edgar_hq/filing_documents/CIK0001279495/000127949507000006/form40f_aletter.htm,
medium,address_marker_or_address_text_not_found,manual parse or choose alternate filing document,sec_pit_0424,BAYTEX ENERGY CORP.,BTE,2007-02-12,40-F/A,0001104659-07-009720,parse_review_needed,principal executive offices marker not parsed into domestic street/city/state/zip,"2800, 520 3RD AVE SW",CALGARY,,T2P 0R3,,,data/raw/sec_edgar_hq/filing_documents/CIK0001279495/000110465907009720/a07-3890_140fa.htm,
medium,address_marker_or_address_text_not_found,manual parse or choose alternate filing document,sec_pit_0241,BRB Foods Inc.,BRBF,2024-01-17,S-1,0001213900-24-004208,parse_review_needed,principal executive offices marker not parsed into domestic street/city/state/zip,8 THE GREEN STE #3,DOVER,DE,19901,10001,Kent County,data/raw/sec_edgar_hq/filing_documents/CIK0001976870/000121390024004208/fs12023_brbfoodsinc.htm,
medium,address_marker_or_address_text_not_found,manual parse or choose alternate filing document,sec_pit_0242,BRB Foods Inc.,BRBF,2024-06-03,S-1/A,0001213900-24-049144,parse_review_needed,principal executive offices marker not parsed into domestic street/city/state/zip,8 THE GREEN STE #3,DOVER,DE,19901,10001,Kent County,data/raw/sec_edgar_hq/filing_documents/CIK0001976870/000121390024049144/ea0206746-01.htm,
medium,address_marker_or_address_text_not_found,manual parse or choose alternate filing document,sec_pit_0240,BRB Foods Inc.,BRBF,2025-12-12,10-Q,0001213900-25-120878,parse_review_needed,principal executive offices marker not parsed into domestic street/city/state/zip,8 THE GREEN STE #3,DOVER,DE,19901,10001,Kent County,data/raw/sec_edgar_hq/filing_documents/CIK0001976870/000121390025120878/ea0268970-10q_brbfoods.htm,
medium,address_marker_or_address_text_not_found,manual parse or choose alternate filing document,sec_pit_0043,BRB Foods Inc.,BRBF,2026-04-15,10-K,0001477932-26-002290,parse_review_needed,principal executive offices marker not parsed into domestic street/city/state/zip,8 THE GREEN STE #3,DOVER,DE,19901,10001,Kent County,data/raw/sec_edgar_hq/filing_documents/CIK0001976870/000147793226002290/brbfoods_10k.htm,
medium,address_marker_or_address_text_not_found,manual parse or choose alternate filing document,sec_pit_0045,BRIDGFORD FOODS CORP,BRID,2026-01-28,10-K,0001493152-26-004079,parse_review_needed,principal executive offices marker not parsed into domestic street/city/state/zip,1308 N PATT ST P O BOX 3773,ANAHEIM,CA,92801,06059,Orange County,data/raw/sec_edgar_hq/filing_documents/CIK0000014177/000149315226004079/form10-k.htm,
medium,address_marker_or_address_text_not_found,manual parse or choose alternate filing document,sec_pit_0244,BRIDGFORD FOODS CORP,BRID,2026-03-06,10-Q,0001493152-26-009188,parse_review_needed,principal executive offices marker not parsed into domestic street/city/state/zip,1308 N PATT ST P O BOX 3773,ANAHEIM,CA,92801,06059,Orange County,data/raw/sec_edgar_hq/filing_documents/CIK0000014177/000149315226009188/form10-q.htm,
medium,address_marker_or_address_text_not_found,manual parse or choose alternate filing document,sec_pit_0245,Barrel Energy Inc.,BRLL,2015-08-12,10-Q,0001477932-15-005008,parse_review_needed,principal executive offices marker not parsed into domestic street/city/state/zip,3859 S VALLEY VIEW BLVD SUITE 2 #107,LAS VEGAS,NV,,32003,Clark County,data/raw/sec_edgar_hq/filing_documents/CIK0001631463/000147793215005008/barrel_10q.htm,
medium,address_marker_or_address_text_not_found,manual parse or choose alternate filing document,sec_pit_0050,Barrel Energy Inc.,BRLL,2015-12-29,10-K,0001477932-15-007800,parse_review_needed,principal executive offices marker not parsed into domestic street/city/state/zip,3859 S VALLEY VIEW BLVD SUITE 2 #107,LAS VEGAS,NV,,32003,Clark County,data/raw/sec_edgar_hq/filing_documents/CIK0001631463/000147793215007800/barrel_10k.htm,
medium,address_marker_or_address_text_not_found,manual parse or choose alternate filing document,sec_pit_0247,"Beyond Air, Inc.",XAIR,2016-02-23,10-Q,0001078782-16-002362,parse_review_needed,principal executive offices marker not parsed into domestic street/city/state/zip,900 STEWART AVENUE SUITE 301,GARDEN CITY,NY,11530,36059,Nassau County,data/raw/sec_edgar_hq/filing_documents/CIK0001641631/000107878216002362/f10q123115_10q.htm,
medium,address_marker_or_address_text_not_found,manual parse or choose alternate filing document,sec_pit_0052,"Beyond Air, Inc.",XAIR,2016-10-13,10-K,0001078782-16-003604,parse_review_needed,principal executive offices marker not parsed into domestic street/city/state/zip,900 STEWART AVENUE SUITE 301,GARDEN CITY,NY,11530,36059,Nassau County,data/raw/sec_edgar_hq/filing_documents/CIK0001641631/000107878216003604/f10k063016_10k.htm,
medium,address_marker_or_address_text_not_found,manual parse or choose alternate filing document,sec_pit_0431,Big Tree Cloud Holdings Ltd,DSY,2024-10-25,20-F,0001213900-24-090783,parse_review_needed,principal executive offices marker not parsed into domestic street/city/state/zip,"MATIAN STREET, ZHONGLIANG YUNJING PLAZA ROOM 3303, BUILDING 1",SHENZHEN,F4,518083,,,data/raw/sec_edgar_hq/filing_documents/CIK0001999297/000121390024090783/ea0218236-20f_bigtree.htm,
medium,address_marker_or_address_text_not_found,manual parse or choose alternate filing document,sec_pit_0432,Big Tree Cloud Holdings Ltd,DSY,2025-10-30,20-F,0001213900-25-104178,parse_review_needed,principal executive offices marker not parsed into domestic street/city/state/zip,"MATIAN STREET, ZHONGLIANG YUNJING PLAZA ROOM 3303, BUILDING 1",SHENZHEN,F4,518083,,,data/raw/sec_edgar_hq/filing_documents/CIK0001999297/000121390025104178/ea0262407-20f_bigtree.htm,
medium,address_marker_or_address_text_not_found,manual parse or choose alternate filing document,sec_pit_0251,Bimergen Energy Corp,BESS,2008-05-20,10-Q,0001144204-08-031049,parse_review_needed,principal executive offices marker not parsed into domestic street/city/state/zip,895 DOVE STREET SUITE 300,NEWPORT BEACH,CA,92660,06059,Orange County,data/raw/sec_edgar_hq/filing_documents/CIK0001066764/000114420408031049/v115326_10q.htm,
medium,address_marker_or_address_text_not_found,manual parse or choose alternate filing document,sec_pit_0254,BlackRock Energy & Resources Trust,BGR,2008-10-07,8-K,0001341004-08-002508,parse_review_needed,principal executive offices marker not parsed into domestic street/city/state/zip,100 BELLEVUE PARKWAY,WILMINGTON,DE,19809,10003,New Castle County,data/raw/sec_edgar_hq/filing_documents/CIK0001306550/000134100408002508/form_8k.htm,
medium,address_marker_or_address_text_not_found,manual parse or choose alternate filing document,sec_pit_0256,BlackRock Energy & Resources Trust,BGR,2025-01-21,8-K,0001193125-25-009158,parse_review_needed,principal executive offices marker not parsed into domestic street/city/state/zip,100 BELLEVUE PARKWAY,WILMINGTON,DE,19809,10003,New Castle County,data/raw/sec_edgar_hq/filing_documents/CIK0001306550/000119312525009158/d923212d8k.htm,
medium,address_marker_or_address_text_not_found,manual parse or choose alternate filing document,sec_pit_0506,Borealis Foods Inc.,BRLS,2021-11-15,10-Q,0001213900-21-059540,parse_review_needed,principal executive offices marker not parsed into domestic street/city/state/zip,1540 CORNWALL RD. #104,OAKVILLE,A6,L6J 7W5,,,data/raw/sec_edgar_hq/filing_documents/CIK0001852973/000121390021059540/f10q0921_oxusacq.htm,
medium,address_marker_or_address_text_not_found,manual parse or choose alternate filing document,sec_pit_0433,Borealis Foods Inc.,BRLS,2022-03-31,10-K,0001213900-22-016349,parse_review_needed,principal executive offices marker not parsed into domestic street/city/state/zip,1540 CORNWALL RD. #104,OAKVILLE,A6,L6J 7W5,,,data/raw/sec_edgar_hq/filing_documents/CIK0001852973/000121390022016349/f10k2021_oxusacq.htm,
medium,address_marker_or_address_text_not_found,manual parse or choose alternate filing document,sec_pit_0508,"CBAK Energy Technology, Inc.",CBAT,2006-02-22,10-Q/A,0001275287-06-001031,parse_review_needed,principal executive offices marker not parsed into domestic street/city/state/zip,"BAK INDUSTRIAL PARK, MEIGUI STREET HUAYUANKOU ECONOMIC ZONE",DALIAN,F4,116422,,,data/raw/sec_edgar_hq/filing_documents/CIK0001117171/000127528706001031/cb4909.htm,
medium,address_marker_or_address_text_not_found,manual parse or choose alternate filing document,sec_pit_0439,"CBAK Energy Technology, Inc.",CBAT,2006-12-08,10-K,0001275287-06-006401,parse_review_needed,principal executive offices marker not parsed into domestic street/city/state/zip,"BAK INDUSTRIAL PARK, MEIGUI STREET HUAYUANKOU ECONOMIC ZONE",DALIAN,F4,116422,,,data/raw/sec_edgar_hq/filing_documents/CIK0001117171/000127528706006401/cb8173.htm,
medium,address_marker_or_address_text_not_found,manual parse or choose alternate filing document,sec_pit_0440,"CBAK Energy Technology, Inc.",CBAT,2026-03-31,10-K,0001213900-26-036952,parse_review_needed,principal executive offices marker not parsed into domestic street/city/state/zip,"BAK INDUSTRIAL PARK, MEIGUI STREET HUAYUANKOU ECONOMIC ZONE",DALIAN,F4,116422,,,data/raw/sec_edgar_hq/filing_documents/CIK0001117171/000121390026036952/ea0283349-10k_cbak.htm,
medium,address_marker_or_address_text_not_found,manual parse or choose alternate filing document,sec_pit_0509,"CBAK Energy Technology, Inc.",CBAT,2026-05-18,10-Q,0001213900-26-058528,parse_review_needed,principal executive offices marker not parsed into domestic street/city/state/zip,"BAK INDUSTRIAL PARK, MEIGUI STREET HUAYUANKOU ECONOMIC ZONE",DALIAN,F4,116422,,,data/raw/sec_edgar_hq/filing_documents/CIK0001117171/000121390026058528/ea0290546-10q_cbakenergy.htm,
medium,address_marker_or_address_text_not_found,manual parse or choose alternate filing document,sec_pit_0441,CENOVUS ENERGY INC.,CVE,2010-02-18,40-F,0001104659-10-007827,parse_review_needed,principal executive offices marker not parsed into domestic street/city/state/zip,225 - 6 AVENUE S.W. P.O. BOX 766,CALGARY,A0,T2P 1N2,,,data/raw/sec_edgar_hq/filing_documents/CIK0001475260/000110465910007827/a10-3706_140f.htm,
medium,address_marker_or_address_text_not_found,manual parse or choose alternate filing document,sec_pit_0442,CENOVUS ENERGY INC.,CVE,2011-02-25,40-F,0001104659-11-010143,parse_review_needed,principal executive offices marker not parsed into domestic street/city/state/zip,225 - 6 AVENUE S.W. P.O. BOX 766,CALGARY,A0,T2P 1N2,,,data/raw/sec_edgar_hq/filing_documents/CIK0001475260/000110465911010143/a11-5658_140f.htm,
medium,address_marker_or_address_text_not_found,manual parse or choose alternate filing document,sec_pit_0443,CENOVUS ENERGY INC.,CVE,2012-02-22,40-F,0001104659-12-011572,parse_review_needed,principal executive offices marker not parsed into domestic street/city/state/zip,225 - 6 AVENUE S.W. P.O. BOX 766,CALGARY,A0,T2P 1N2,,,data/raw/sec_edgar_hq/filing_documents/CIK0001475260/000110465912011572/a12-4456_140f.htm,
medium,address_marker_or_address_text_not_found,manual parse or choose alternate filing document,sec_pit_0510,CGL Logistics Holdings Ltd,CGL,2025-10-23,F-1,0001493152-25-019107,parse_review_needed,principal executive offices marker not parsed into domestic street/city/state/zip,"UNIT 1805, 18F, TOWER 1, EVER GAIN PLAZA 88 CONTAINER PORT ROAD KWAI CHUNG",NEW TERRITORIES,K3,00000,,,data/raw/sec_edgar_hq/filing_documents/CIK0001934387/000149315225019107/formf-1.htm,
medium,address_marker_or_address_text_not_found,manual parse or choose alternate filing document,sec_pit_0511,CGL Logistics Holdings Ltd,CGL,2025-12-12,F-1/A,0001493152-25-027531,parse_review_needed,principal executive offices marker not parsed into domestic street/city/state/zip,"UNIT 1805, 18F, TOWER 1, EVER GAIN PLAZA 88 CONTAINER PORT ROAD KWAI CHUNG",NEW TERRITORIES,K3,00000,,,data/raw/sec_edgar_hq/filing_documents/CIK0001934387/000149315225027531/formf-1a.htm,
medium,address_marker_or_address_text_not_found,manual parse or choose alternate filing document,sec_pit_0512,CGL Logistics Holdings Ltd,CGL,2026-02-02,F-1/A,0001493152-26-004679,parse_review_needed,principal executive offices marker not parsed into domestic street/city/state/zip,"UNIT 1805, 18F, TOWER 1, EVER GAIN PLAZA 88 CONTAINER PORT ROAD KWAI CHUNG",NEW TERRITORIES,K3,00000,,,data/raw/sec_edgar_hq/filing_documents/CIK0001934387/000149315226004679/formf-1a.htm,
medium,address_marker_or_address_text_not_found,manual parse or choose alternate filing document,sec_pit_0513,CGL Logistics Holdings Ltd,CGL,2026-04-17,F-1/A,0001493152-26-017168,parse_review_needed,principal executive offices marker not parsed into domestic street/city/state/zip,"UNIT 1805, 18F, TOWER 1, EVER GAIN PLAZA 88 CONTAINER PORT ROAD KWAI CHUNG",NEW TERRITORIES,K3,00000,,,data/raw/sec_edgar_hq/filing_documents/CIK0001934387/000149315226017168/formf-1a.htm,
medium,address_marker_or_address_text_not_found,manual parse or choose alternate filing document,sec_pit_0445,CHECK POINT SOFTWARE TECHNOLOGIES LTD,CHKP,2000-06-28,20-F,0000950123-00-006128,parse_review_needed,principal executive offices marker not parsed into domestic street/city/state/zip,5 SHLOMO KAPLAN STREET,"TEL AVIV, ISRAEL",,6789159,,,data/raw/sec_edgar_hq/filing_documents/CIK0001015922/000095012300006128/e20-f.txt,
medium,address_marker_or_address_text_not_found,manual parse or choose alternate filing document,sec_pit_0446,CHECK POINT SOFTWARE TECHNOLOGIES LTD,CHKP,2001-06-25,20-F,0000950123-01-503790,parse_review_needed,principal executive offices marker not parsed into domestic street/city/state/zip,5 SHLOMO KAPLAN STREET,"TEL AVIV, ISRAEL",,6789159,,,data/raw/sec_edgar_hq/filing_documents/CIK0001015922/000095012301503790/y50710e20-f.txt,
medium,address_marker_or_address_text_not_found,manual parse or choose alternate filing document,sec_pit_0447,CHECK POINT SOFTWARE TECHNOLOGIES LTD,CHKP,2002-03-21,20-F,0000950123-02-002761,parse_review_needed,principal executive offices marker not parsed into domestic street/city/state/zip,5 SHLOMO KAPLAN STREET,"TEL AVIV, ISRAEL",,6789159,,,data/raw/sec_edgar_hq/filing_documents/CIK0001015922/000095012302002761/y58611e20-f.txt,
medium,address_marker_or_address_text_not_found,manual parse or choose alternate filing document,sec_pit_0449,CN ENERGY GROUP. INC.,CNEY,2022-02-15,20-F,0001410578-22-000144,parse_review_needed,principal executive offices marker not parsed into domestic street/city/state/zip,"BUILDING 2-B, ROOM 206 NO. 268 SHINIU ROAD, LIANDU DISTRICT",LISHUI CITY,F4,323010,,,data/raw/sec_edgar_hq/filing_documents/CIK0001780785/000141057822000144/tmb-20210930x20f.htm,
medium,address_marker_or_address_text_not_found,manual parse or choose alternate filing document,sec_pit_0450,CN ENERGY GROUP. INC.,CNEY,2023-01-27,20-F,0001410578-23-000045,parse_review_needed,principal executive offices marker not parsed into domestic street/city/state/zip,"BUILDING 2-B, ROOM 206 NO. 268 SHINIU ROAD, LIANDU DISTRICT",LISHUI CITY,F4,323010,,,data/raw/sec_edgar_hq/filing_documents/CIK0001780785/000141057823000045/cney-20220930x20f.htm,
medium,address_marker_or_address_text_not_found,manual parse or choose alternate filing document,sec_pit_0451,CN ENERGY GROUP. INC.,CNEY,2024-02-15,20-F,0001477932-24-000767,parse_review_needed,principal executive offices marker not parsed into domestic street/city/state/zip,"BUILDING 2-B, ROOM 206 NO. 268 SHINIU ROAD, LIANDU DISTRICT",LISHUI CITY,F4,323010,,,data/raw/sec_edgar_hq/filing_documents/CIK0001780785/000147793224000767/cney_20f.htm,
medium,address_marker_or_address_text_not_found,manual parse or choose alternate filing document,sec_pit_0452,CN ENERGY GROUP. INC.,CNEY,2026-01-30,20-F,0001477932-26-000556,parse_review_needed,principal executive offices marker not parsed into domestic street/city/state/zip,"BUILDING 2-B, ROOM 206 NO. 268 SHINIU ROAD, LIANDU DISTRICT",LISHUI CITY,F4,323010,,,data/raw/sec_edgar_hq/filing_documents/CIK0001780785/000147793226000556/cney_20f.htm,
medium,address_marker_or_address_text_not_found,manual parse or choose alternate filing document,sec_pit_0455,CN Healthy Food Tech Group Corp.,UCFI,2026-03-31,10-K,0001213900-26-037655,parse_review_needed,principal executive offices marker not parsed into domestic street/city/state/zip,P.O. BOX 2506,TOLUCA LAKE,CA,91610,,,data/raw/sec_edgar_hq/filing_documents/CIK0001901203/000121390026037655/ea0284238-10k_cnhealthy.htm,
medium,address_marker_or_address_text_not_found,manual parse or choose alternate filing document,sec_pit_0514,CN Healthy Food Tech Group Corp.,UCFI,2026-05-13,10-Q,0001213900-26-055809,parse_review_needed,principal executive offices marker not parsed into domestic street/city/state/zip,P.O. BOX 2506,TOLUCA LAKE,CA,91610,,,data/raw/sec_edgar_hq/filing_documents/CIK0001901203/000121390026055809/ea0290221-10q_cnhealthy.htm,
medium,address_marker_or_address_text_not_found,manual parse or choose alternate filing document,sec_pit_0515,China Foods Holdings Ltd.,CFOO,2009-02-20,10-Q,0001016295-09-000031,parse_review_needed,principal executive offices marker not parsed into domestic street/city/state/zip,"SUITE 3102, EVERBRIGHT CENTER 108 GLOUCESTER ROAD",WANCHAI,K3,0000,,,data/raw/sec_edgar_hq/filing_documents/CIK0001310630/000101629509000031/frm10q-31dec08_tri.htm,
medium,address_marker_or_address_text_not_found,manual parse or choose alternate filing document,sec_pit_0460,China Foods Holdings Ltd.,CFOO,2009-12-29,10-K,0001010412-09-000328,parse_review_needed,principal executive offices marker not parsed into domestic street/city/state/zip,"SUITE 3102, EVERBRIGHT CENTER 108 GLOUCESTER ROAD",WANCHAI,K3,0000,,,data/raw/sec_edgar_hq/filing_documents/CIK0001310630/000101041209000328/trafalgar9300910krevised28.htm,
medium,address_marker_or_address_text_not_found,manual parse or choose alternate filing document,sec_pit_0517,ChowChow Cloud International Holdings Ltd,CHOW,2025-04-01,F-1,0001641172-25-001938,parse_review_needed,principal executive offices marker not parsed into domestic street/city/state/zip,"UNIT 03, 23/F., AITKEN VANSON CENTRE, NO. 61 HOI YUEN ROAD, KWUN TONG, KOWLOON",HONG KONG,K3,000000,,,data/raw/sec_edgar_hq/filing_documents/CIK0002041829/000164117225001938/formf-1.htm,
medium,address_marker_or_address_text_not_found,manual parse or choose alternate filing document,sec_pit_0518,ChowChow Cloud International Holdings Ltd,CHOW,2025-05-29,F-1/A,0001641172-25-012773,parse_review_needed,principal executive offices marker not parsed into domestic street/city/state/zip,"UNIT 03, 23/F., AITKEN VANSON CENTRE, NO. 61 HOI YUEN ROAD, KWUN TONG, KOWLOON",HONG KONG,K3,000000,,,data/raw/sec_edgar_hq/filing_documents/CIK0002041829/000164117225012773/formf-1a.htm,
medium,address_marker_or_address_text_not_found,manual parse or choose alternate filing document,sec_pit_0519,ChowChow Cloud International Holdings Ltd,CHOW,2025-08-22,F-1/A,0001641172-25-025146,parse_review_needed,principal executive offices marker not parsed into domestic street/city/state/zip,"UNIT 03, 23/F., AITKEN VANSON CENTRE, NO. 61 HOI YUEN ROAD, KWUN TONG, KOWLOON",HONG KONG,K3,000000,,,data/raw/sec_edgar_hq/filing_documents/CIK0002041829/000164117225025146/formf-1a.htm,
medium,address_marker_or_address_text_not_found,manual parse or choose alternate filing document,sec_pit_0299,ClearBridge Energy Midstream Opportunity Fund Inc.,EMO,2026-02-09,424B5,0001193125-26-043047,parse_review_needed,principal executive offices marker not parsed into domestic street/city/state/zip,620 EIGHTH AVENUE 47TH FLOOR,NEW YORK,NY,10018,36061,New York County,data/raw/sec_edgar_hq/filing_documents/CIK0001517518/000119312526043047/d60811d424b5.htm,
medium,address_marker_or_address_text_not_found,manual parse or choose alternate filing document,sec_pit_0310,"Custom Truck One Source, Inc.",CTOS,2017-09-27,10-Q,0001213900-17-010056,parse_review_needed,principal executive offices marker not parsed into domestic street/city/state/zip,7701 INDEPENDENCE AVENUE,KANSAS CITY,MO,64125,29095,Jackson County,data/raw/sec_edgar_hq/filing_documents/CIK0001709682/000121390017010056/f10q0617_capitolinvestment.htm,
medium,address_marker_or_address_text_not_found,manual parse or choose alternate filing document,sec_pit_0113,"Custom Truck One Source, Inc.",CTOS,2018-03-27,10-K,0001213900-18-003531,parse_review_needed,principal executive offices marker not parsed into domestic street/city/state/zip,7701 INDEPENDENCE AVENUE,KANSAS CITY,MO,64125,29095,Jackson County,data/raw/sec_edgar_hq/filing_documents/CIK0001709682/000121390018003531/f10k2017_capitolinvestment4.htm,
medium,address_marker_or_address_text_not_found,manual parse or choose alternate filing document,sec_pit_0467,DAQO NEW ENERGY CORP.,DQ,2011-05-13,20-F,0001193125-11-139745,parse_review_needed,principal executive offices marker not parsed into domestic street/city/state/zip,666 LONGDU AVENUE,"WANZHOU, CHONGQING",,,,,data/raw/sec_edgar_hq/filing_documents/CIK0001477641/000119312511139745/d20f.htm,
medium,address_marker_or_address_text_not_found,manual parse or choose alternate filing document,sec_pit_0468,DAQO NEW ENERGY CORP.,DQ,2012-04-30,20-F,0001193125-12-195381,parse_review_needed,principal executive offices marker not parsed into domestic street/city/state/zip,666 LONGDU AVENUE,"WANZHOU, CHONGQING",,,,,data/raw/sec_edgar_hq/filing_documents/CIK0001477641/000119312512195381/d295589d20f.htm,
medium,address_marker_or_address_text_not_found,manual parse or choose alternate filing document,sec_pit_0469,DAQO NEW ENERGY CORP.,DQ,2012-05-14,20-F/A,0001193125-12-229584,parse_review_needed,principal executive offices marker not parsed into domestic street/city/state/zip,666 LONGDU AVENUE,"WANZHOU, CHONGQING",,,,,data/raw/sec_edgar_hq/filing_documents/CIK0001477641/000119312512229584/d295589d20fa.htm,
medium,address_marker_or_address_text_not_found,manual parse or choose alternate filing document,sec_pit_0470,DAQO NEW ENERGY CORP.,DQ,2026-04-20,20-F,0001104659-26-045134,parse_review_needed,principal executive offices marker not parsed into domestic street/city/state/zip,666 LONGDU AVENUE,"WANZHOU, CHONGQING",,,,,data/raw/sec_edgar_hq/filing_documents/CIK0001477641/000110465926045134/dq-20251231x20f.htm,
medium,address_marker_or_address_text_not_found,manual parse or choose alternate filing document,sec_pit_0314,"DELTA AIR LINES, INC.",DAL,2016-10-13,10-Q,0000027904-16-000029,parse_review_needed,principal executive offices marker not parsed into domestic street/city/state/zip,HARTSFIELD-JACKSON ATLANTA INTL AIRPORT 1030 DELTA BOULEVARD,ATLANTA,GA,30354-1989,13121,Fulton County,data/raw/sec_edgar_hq/filing_documents/CIK0000027904/000002790416000029/dal930201610q.htm,
medium,address_marker_or_address_text_not_found,manual parse or choose alternate filing document,sec_pit_0118,"DELTA AIR LINES, INC.",DAL,2026-02-11,10-K,0000027904-26-000013,parse_review_needed,principal executive offices marker not parsed into domestic street/city/state/zip,HARTSFIELD-JACKSON ATLANTA INTL AIRPORT 1030 DELTA BOULEVARD,ATLANTA,GA,30354-1989,13121,Fulton County,data/raw/sec_edgar_hq/filing_documents/CIK0000027904/000002790426000013/dal-20251231.htm,
medium,address_marker_or_address_text_not_found,manual parse or choose alternate filing document,sec_pit_0120,DEVON ENERGY CORP/DE,DVN,2026-04-21,10-K/A,0001104659-26-046005,parse_review_needed,principal executive offices marker not parsed into domestic street/city/state/zip,"THREE MEMORIAL CITY PLAZA 840 GESSNER ROAD, SUITE 1400",HOUSTON,TX,77024,48201,Harris County,data/raw/sec_edgar_hq/filing_documents/CIK0001090012/000110465926046005/tmb-20251231x10ka.htm,
medium,address_marker_or_address_text_not_found,manual parse or choose alternate filing document,sec_pit_0325,Data Storage Corp,DTST,2008-09-12,10-Q,0001165527-08-000510,parse_review_needed,principal executive offices marker not parsed into domestic street/city/state/zip,"244 5TH AVENUE 2ND FL., SUITE 2821",NEW YORK,NY,10001,36061,New York County,data/raw/sec_edgar_hq/filing_documents/CIK0001419951/000116552708000510/g2591.txt,
medium,address_marker_or_address_text_not_found,manual parse or choose alternate filing document,sec_pit_0138,Dragonfly Energy Holdings Corp.,DFLI,2022-03-29,10-K,0001410578-22-000581,parse_review_needed,principal executive offices marker not parsed into domestic street/city/state/zip,12915 OLD VIRGINIA ROAD,"RENO,",NV,89521,32031,Washoe County,data/raw/sec_edgar_hq/filing_documents/CIK0001847986/000141057822000581/cntq-20211231x10k.htm,
medium,address_marker_or_address_text_not_found,manual parse or choose alternate filing document,sec_pit_0475,ENERGY CO OF PARANA,ELPC,2020-04-27,20-F,0001292814-20-001451,parse_review_needed,principal executive offices marker not parsed into domestic street/city/state/zip,RUA JOSE IZIDORO BIAZETTO 158 81200 240 CURITIBA PARANA,FEDERATIVE REPUBLIC,,,,,data/raw/sec_edgar_hq/filing_documents/CIK0001041792/000129281420001451/elpform20f_2019.htm,
medium,address_marker_or_address_text_not_found,manual parse or choose alternate filing document,sec_pit_0476,ENERGY CO OF PARANA,ELPC,2020-11-18,20-F/A,0001292814-20-004427,parse_review_needed,principal executive offices marker not parsed into domestic street/city/state/zip,RUA JOSE IZIDORO BIAZETTO 158 81200 240 CURITIBA PARANA,FEDERATIVE REPUBLIC,,,,,data/raw/sec_edgar_hq/filing_documents/CIK0001041792/000129281420004427/elpform20f_2019a.htm,
medium,address_marker_or_address_text_not_found,manual parse or choose alternate filing document,sec_pit_0477,ENERGY CO OF PARANA,ELPC,2020-11-19,20-F/A,0001292814-20-004445,parse_review_needed,principal executive offices marker not parsed into domestic street/city/state/zip,RUA JOSE IZIDORO BIAZETTO 158 81200 240 CURITIBA PARANA,FEDERATIVE REPUBLIC,,,,,data/raw/sec_edgar_hq/filing_documents/CIK0001041792/000129281420004445/elpform20f_2019a.htm,
medium,address_marker_or_address_text_not_found,manual parse or choose alternate filing document,sec_pit_0478,ENERGY CO OF PARANA,ELPC,2026-04-16,20-F,0002070979-26-000155,parse_review_needed,principal executive offices marker not parsed into domestic street/city/state/zip,RUA JOSE IZIDORO BIAZETTO 158 81200 240 CURITIBA PARANA,FEDERATIVE REPUBLIC,,,,,data/raw/sec_edgar_hq/filing_documents/CIK0001041792/000207097926000155/elpc-20251231.htm,
medium,address_marker_or_address_text_not_found,manual parse or choose alternate filing document,sec_pit_0345,Eagle Nuclear Energy Corp.,NUCL,2026-04-15,10-Q,0001104659-26-043856,parse_review_needed,principal executive offices marker not parsed into domestic street/city/state/zip,"2100 MCKINNEY AVE, SUITE 1675",DALLAS,TX,75201,48113,Dallas County,data/raw/sec_edgar_hq/filing_documents/CIK0002089283/000110465926043856/tmb-20260228x10q.htm,
medium,address_marker_or_address_text_not_found,manual parse or choose alternate filing document,sec_pit_0348,Eagle Nuclear Energy Corp.,NUCL,2026-04-24,424B3,0001104659-26-048656,parse_review_needed,principal executive offices marker not parsed into domestic street/city/state/zip,"2100 MCKINNEY AVE, SUITE 1675",DALLAS,TX,75201,48113,Dallas County,data/raw/sec_edgar_hq/filing_documents/CIK0002089283/000110465926048656/tm268509-14_424b3.htm,
medium,address_marker_or_address_text_not_found,manual parse or choose alternate filing document,sec_pit_0157,"Energy Vault Holdings, Inc.",NRGV,2022-02-10,10-K,0001410578-22-000107,parse_review_needed,principal executive offices marker not parsed into domestic street/city/state/zip,4165 EAST THOUSAND OAKS BLVD. SUITE 100,WESTLAKE VILLIAGE,CA,91362,06111,Ventura County,data/raw/sec_edgar_hq/filing_documents/CIK0001828536/000141057822000107/nxu-20211231x10k.htm,
medium,address_marker_or_address_text_not_found,manual parse or choose alternate filing document,sec_pit_0479,Enlight Renewable Energy Ltd.,ENLT,2023-03-30,20-F,0001178913-23-001223,parse_review_needed,principal executive offices marker not parsed into domestic street/city/state/zip,13 HAAMAL STREET AFEK INDUSTRIAL PARK,ROSH HAAYIN,L3,-,,,data/raw/sec_edgar_hq/filing_documents/CIK0001922641/000117891323001223/zk2329436.htm,
medium,address_marker_or_address_text_not_found,manual parse or choose alternate filing document,sec_pit_0480,Enlight Renewable Energy Ltd.,ENLT,2024-03-28,20-F,0001178913-24-001125,parse_review_needed,principal executive offices marker not parsed into domestic street/city/state/zip,13 HAAMAL STREET AFEK INDUSTRIAL PARK,ROSH HAAYIN,L3,-,,,data/raw/sec_edgar_hq/filing_documents/CIK0001922641/000117891324001125/zk2431157.htm,
medium,address_marker_or_address_text_not_found,manual parse or choose alternate filing document,sec_pit_0481,Enlight Renewable Energy Ltd.,ENLT,2025-03-28,20-F,0001178913-25-001094,parse_review_needed,principal executive offices marker not parsed into domestic street/city/state/zip,13 HAAMAL STREET AFEK INDUSTRIAL PARK,ROSH HAAYIN,L3,-,,,data/raw/sec_edgar_hq/filing_documents/CIK0001922641/000117891325001094/zk2532889.htm,
medium,address_marker_or_address_text_not_found,manual parse or choose alternate filing document,sec_pit_0482,Enlight Renewable Energy Ltd.,ENLT,2026-03-30,20-F,0001178913-26-001828,parse_review_needed,principal executive offices marker not parsed into domestic street/city/state/zip,13 HAAMAL STREET AFEK INDUSTRIAL PARK,ROSH HAAYIN,L3,-,,,data/raw/sec_edgar_hq/filing_documents/CIK0001922641/000117891326001828/zk2634901.htm,
medium,address_marker_or_address_text_not_found,manual parse or choose alternate filing document,sec_pit_0520,Foremost Clean Energy Ltd.,FMST,2023-05-18,F-1,0001753926-23-000691,parse_review_needed,principal executive offices marker not parsed into domestic street/city/state/zip,"SUITE 250, 750 W. PENDER STREET",VANCOUVER,,,,,data/raw/sec_edgar_hq/filing_documents/CIK0001935418/000175392623000691/g083528_f1.htm,
medium,address_marker_or_address_text_not_found,manual parse or choose alternate filing document,sec_pit_0521,Foremost Clean Energy Ltd.,FMST,2023-06-06,F-1/A,0001753926-23-000776,parse_review_needed,principal executive offices marker not parsed into domestic street/city/state/zip,"SUITE 250, 750 W. PENDER STREET",VANCOUVER,,,,,data/raw/sec_edgar_hq/filing_documents/CIK0001935418/000175392623000776/g083581_f1.htm,
medium,address_marker_or_address_text_not_found,manual parse or choose alternate filing document,sec_pit_0483,Foremost Clean Energy Ltd.,FMST,2024-07-01,20-F,0001171843-24-003729,parse_review_needed,principal executive offices marker not parsed into domestic street/city/state/zip,"SUITE 250, 750 W. PENDER STREET",VANCOUVER,,,,,data/raw/sec_edgar_hq/filing_documents/CIK0001935418/000117184324003729/fmst20240331_20f.htm,
medium,address_marker_or_address_text_not_found,manual parse or choose alternate filing document,sec_pit_0484,Foremost Clean Energy Ltd.,FMST,2025-06-20,20-F,0001171843-25-004004,parse_review_needed,principal executive offices marker not parsed into domestic street/city/state/zip,"SUITE 250, 750 W. PENDER STREET",VANCOUVER,,,,,data/raw/sec_edgar_hq/filing_documents/CIK0001935418/000117184325004004/fmst20250331_20f.htm,
medium,address_marker_or_address_text_not_found,manual parse or choose alternate filing document,sec_pit_0182,"Freight Technologies, Inc.",FRGT,2018-05-15,20-F,0001493152-18-007057,parse_review_needed,principal executive offices marker not parsed into domestic street/city/state/zip,2001 TIMBERLOCH PLACE SUITE 500,THE WOODLANDS,TX,77380,48339,Montgomery County,data/raw/sec_edgar_hq/filing_documents/CIK0001687542/000149315218007057/form20-f.htm,
medium,address_marker_or_address_text_not_found,manual parse or choose alternate filing document,sec_pit_0183,"Freight Technologies, Inc.",FRGT,2019-05-10,20-F,0001493152-19-006824,parse_review_needed,principal executive offices marker not parsed into domestic street/city/state/zip,2001 TIMBERLOCH PLACE SUITE 500,THE WOODLANDS,TX,77380,48339,Montgomery County,data/raw/sec_edgar_hq/filing_documents/CIK0001687542/000149315219006824/form20-f.htm,
medium,address_marker_or_address_text_not_found,manual parse or choose alternate filing document,sec_pit_0184,"Freight Technologies, Inc.",FRGT,2019-09-11,20-F/A,0001493152-19-013959,parse_review_needed,principal executive offices marker not parsed into domestic street/city/state/zip,2001 TIMBERLOCH PLACE SUITE 500,THE WOODLANDS,TX,77380,48339,Montgomery County,data/raw/sec_edgar_hq/filing_documents/CIK0001687542/000149315219013959/form20-fa.htm,
medium,address_marker_or_address_text_not_found,manual parse or choose alternate filing document,sec_pit_0485,Full Truck Alliance Co. Ltd.,YMM,2022-04-25,20-F,0001193125-22-117547,parse_review_needed,principal executive offices marker not parsed into domestic street/city/state/zip,"BUILDING 3, WANBO R&D PARK 20 FENGXIN ROAD, YUHUATAI DISTRICT",NANJING,,,,,data/raw/sec_edgar_hq/filing_documents/CIK0001838413/000119312522117547/d495124d20f.htm,
medium,address_marker_or_address_text_not_found,manual parse or choose alternate filing document,sec_pit_0486,Full Truck Alliance Co. Ltd.,YMM,2023-04-19,20-F,0001193125-23-106426,parse_review_needed,principal executive offices marker not parsed into domestic street/city/state/zip,"BUILDING 3, WANBO R&D PARK 20 FENGXIN ROAD, YUHUATAI DISTRICT",NANJING,,,,,data/raw/sec_edgar_hq/filing_documents/CIK0001838413/000119312523106426/d425402d20f.htm,
medium,address_marker_or_address_text_not_found,manual parse or choose alternate filing document,sec_pit_0487,Full Truck Alliance Co. Ltd.,YMM,2024-04-15,20-F,0001193125-24-095461,parse_review_needed,principal executive offices marker not parsed into domestic street/city/state/zip,"BUILDING 3, WANBO R&D PARK 20 FENGXIN ROAD, YUHUATAI DISTRICT",NANJING,,,,,data/raw/sec_edgar_hq/filing_documents/CIK0001838413/000119312524095461/d569306d20f.htm,
medium,address_marker_or_address_text_not_found,manual parse or choose alternate filing document,sec_pit_0488,Full Truck Alliance Co. Ltd.,YMM,2026-04-14,20-F,0001193125-26-153778,parse_review_needed,principal executive offices marker not parsed into domestic street/city/state/zip,"BUILDING 3, WANBO R&D PARK 20 FENGXIN ROAD, YUHUATAI DISTRICT",NANJING,,,,,data/raw/sec_edgar_hq/filing_documents/CIK0001838413/000119312526153778/d20504d20f.htm,
medium,address_marker_or_address_text_not_found,manual parse or choose alternate filing document,sec_pit_0489,G WILLI FOOD INTERNATIONAL LTD,WILC,2002-06-28,20-F,9999999997-02-037405,parse_review_needed,principal executive offices marker not parsed into domestic street/city/state/zip,4 NAHAL HARIF STREET,YAVNE,,8122216,,,data/raw/sec_edgar_hq/filing_documents/CIK0001030997/999999999702037405/9999999997-02-037405.paper,
medium,address_marker_or_address_text_not_found,manual parse or choose alternate filing document,sec_pit_0490,G WILLI FOOD INTERNATIONAL LTD,WILC,2003-06-30,20-F,0000922423-03-000714,parse_review_needed,principal executive offices marker not parsed into domestic street/city/state/zip,4 NAHAL HARIF STREET,YAVNE,,8122216,,,data/raw/sec_edgar_hq/filing_documents/CIK0001030997/000092242303000714/kl06057_20f.txt,
medium,address_marker_or_address_text_not_found,manual parse or choose alternate filing document,sec_pit_0491,G WILLI FOOD INTERNATIONAL LTD,WILC,2004-06-29,20-F,0001178913-04-000858,parse_review_needed,principal executive offices marker not parsed into domestic street/city/state/zip,4 NAHAL HARIF STREET,YAVNE,,8122216,,,data/raw/sec_edgar_hq/filing_documents/CIK0001030997/000117891304000858/zk40761.txt,
medium,address_marker_or_address_text_not_found,manual parse or choose alternate filing document,sec_pit_0492,G WILLI FOOD INTERNATIONAL LTD,WILC,2026-03-24,20-F,0001178913-26-001606,parse_review_needed,principal executive offices marker not parsed into domestic street/city/state/zip,4 NAHAL HARIF STREET,YAVNE,,8122216,,,data/raw/sec_edgar_hq/filing_documents/CIK0001030997/000117891326001606/zk2634724.htm,
medium,city_zip_found_street_pattern_unclear,inspect nearby text and add conservative parser pattern,sec_pit_0412,ANFIELD ENERGY INC.,AEC,2026-03-31,40-F,0001493152-26-014375,parse_review_needed,principal executive offices marker not parsed into domestic street/city/state/zip,4390 GRANGE STREET #2005,BURNABY,,V5H 1P6,,,data/raw/sec_edgar_hq/filing_documents/CIK0001519469/000149315226014375/form40-f.htm,
medium,city_zip_found_street_pattern_unclear,inspect nearby text and add conservative parser pattern,sec_pit_0497,Activate Energy Acquisition Corp.,AEAQ,2026-05-15,10-Q,0001213900-26-057717,parse_review_needed,principal executive offices marker not parsed into domestic street/city/state/zip,71 FORT STREET PO BOX 500,GRAND CAYMAN,,00000,,,data/raw/sec_edgar_hq/filing_documents/CIK0002083689/000121390026057717/ea0290354-10q_activate.htm,
medium,city_zip_found_street_pattern_unclear,inspect nearby text and add conservative parser pattern,sec_pit_0425,BAYTEX ENERGY CORP.,BTE,2026-03-05,40-F,0001279495-26-000007,parse_review_needed,principal executive offices marker not parsed into domestic street/city/state/zip,"2800, 520 3RD AVE SW",CALGARY,,T2P 0R3,,,data/raw/sec_edgar_hq/filing_documents/CIK0001279495/000127949526000007/bte-20251231.htm,
medium,city_zip_found_street_pattern_unclear,inspect nearby text and add conservative parser pattern,sec_pit_0426,BBB FOODS INC,TBBB,2024-04-30,20-F,0000950170-24-050527,parse_review_needed,principal executive offices marker not parsed into domestic street/city/state/zip,"AV. PDTE. MASARYK 8, POLANCO V SECC, MIGUEL HIDALGO",MEXICO CITY,O5,11560,,,data/raw/sec_edgar_hq/filing_documents/CIK0001978954/000095017024050527/tbbb-20231231.htm,
medium,city_zip_found_street_pattern_unclear,inspect nearby text and add conservative parser pattern,sec_pit_0427,BBB FOODS INC,TBBB,2025-04-29,20-F,0000950170-25-060187,parse_review_needed,principal executive offices marker not parsed into domestic street/city/state/zip,"AV. PDTE. MASARYK 8, POLANCO V SECC, MIGUEL HIDALGO",MEXICO CITY,O5,11560,,,data/raw/sec_edgar_hq/filing_documents/CIK0001978954/000095017025060187/tbbb-20241231.htm,
medium,city_zip_found_street_pattern_unclear,inspect nearby text and add conservative parser pattern,sec_pit_0428,BBB FOODS INC,TBBB,2026-04-02,20-F,0001193125-26-140232,parse_review_needed,principal executive offices marker not parsed into domestic street/city/state/zip,"AV. PDTE. MASARYK 8, POLANCO V SECC, MIGUEL HIDALGO",MEXICO CITY,O5,11560,,,data/raw/sec_edgar_hq/filing_documents/CIK0001978954/000119312526140232/tbbb-20251231.htm,
medium,city_zip_found_street_pattern_unclear,inspect nearby text and add conservative parser pattern,sec_pit_0429,BBB FOODS INC,TBBB,2026-05-22,20-F/A,0001193125-26-235225,parse_review_needed,principal executive offices marker not parsed into domestic street/city/state/zip,"AV. PDTE. MASARYK 8, POLANCO V SECC, MIGUEL HIDALGO",MEXICO CITY,O5,11560,,,data/raw/sec_edgar_hq/filing_documents/CIK0001978954/000119312526235225/tbbb-20251231.htm,
medium,city_zip_found_street_pattern_unclear,inspect nearby text and add conservative parser pattern,sec_pit_0505,Big Tree Cloud Holdings Ltd,DSY,2024-04-04,424B3,0001213900-24-030415,parse_review_needed,principal executive offices marker not parsed into domestic street/city/state/zip,"MATIAN STREET, ZHONGLIANG YUNJING PLAZA ROOM 3303, BUILDING 1",SHENZHEN,F4,518083,,,data/raw/sec_edgar_hq/filing_documents/CIK0001999297/000121390024030415/ea0200189-08.htm,
medium,city_zip_found_street_pattern_unclear,inspect nearby text and add conservative parser pattern,sec_pit_0430,Big Tree Cloud Holdings Ltd,DSY,2024-06-12,20-F,0001213900-24-052153,parse_review_needed,principal executive offices marker not parsed into domestic street/city/state/zip,"MATIAN STREET, ZHONGLIANG YUNJING PLAZA ROOM 3303, BUILDING 1",SHENZHEN,F4,518083,,,data/raw/sec_edgar_hq/filing_documents/CIK0001999297/000121390024052153/ea0207679-20f_bigtree.htm,
medium,city_zip_found_street_pattern_unclear,inspect nearby text and add conservative parser pattern,sec_pit_0434,Borealis Foods Inc.,BRLS,2025-06-18,10-K/A,0001213900-25-055654,parse_review_needed,principal executive offices marker not parsed into domestic street/city/state/zip,1540 CORNWALL RD. #104,OAKVILLE,A6,L6J 7W5,,,data/raw/sec_edgar_hq/filing_documents/CIK0001852973/000121390025055654/ea0245446-10ka2_borealis.htm,
medium,city_zip_found_street_pattern_unclear,inspect nearby text and add conservative parser pattern,sec_pit_0507,Borealis Foods Inc.,BRLS,2025-11-19,10-Q,0001213900-25-112699,parse_review_needed,principal executive offices marker not parsed into domestic street/city/state/zip,1540 CORNWALL RD. #104,OAKVILLE,A6,L6J 7W5,,,data/raw/sec_edgar_hq/filing_documents/CIK0001852973/000121390025112699/ea0266073-10q_borealis.htm,
medium,city_zip_found_street_pattern_unclear,inspect nearby text and add conservative parser pattern,sec_pit_0267,CENTRUS ENERGY CORP,LEU,2011-05-04,10-Q,0001065059-11-000025,parse_review_needed,principal executive offices marker not parsed into domestic street/city/state/zip,6901 ROCKLEDGE DR SUITE 800,BETHESDA,MD,20817,24031,Montgomery County,data/raw/sec_edgar_hq/filing_documents/CIK0001065059/000106505911000025/form10-q.htm,
medium,city_zip_found_street_pattern_unclear,inspect nearby text and add conservative parser pattern,sec_pit_0072,CENTRUS ENERGY CORP,LEU,2012-03-14,10-K,0001065059-12-000013,parse_review_needed,principal executive offices marker not parsed into domestic street/city/state/zip,6901 ROCKLEDGE DR SUITE 800,BETHESDA,MD,20817,24031,Montgomery County,data/raw/sec_edgar_hq/filing_documents/CIK0001065059/000106505912000013/form10-k.htm,
medium,city_zip_found_street_pattern_unclear,inspect nearby text and add conservative parser pattern,sec_pit_0268,CENTRUS ENERGY CORP,LEU,2026-05-06,10-Q,0001628280-26-030891,parse_review_needed,principal executive offices marker not parsed into domestic street/city/state/zip,6901 ROCKLEDGE DR SUITE 800,BETHESDA,MD,20817,24031,Montgomery County,data/raw/sec_edgar_hq/filing_documents/CIK0001065059/000162828026030891/leu-20260331.htm,
medium,city_zip_found_street_pattern_unclear,inspect nearby text and add conservative parser pattern,sec_pit_0275,CONSUMERS ENERGY CO,CMS-PB,2000-08-11,10-Q,0000950124-00-004849,parse_review_needed,principal executive offices marker not parsed into domestic street/city/state/zip,ONE ENERGY PLAZA,JACKSON,MI,49201,26075,Jackson County,data/raw/sec_edgar_hq/filing_documents/CIK0000201533/000095012400004849/e10-q.htm,
medium,city_zip_found_street_pattern_unclear,inspect nearby text and add conservative parser pattern,sec_pit_0080,CONSUMERS ENERGY CO,CMS-PB,2001-03-23,10-K,0000950124-01-001548,parse_review_needed,principal executive offices marker not parsed into domestic street/city/state/zip,ONE ENERGY PLAZA,JACKSON,MI,49201,26075,Jackson County,data/raw/sec_edgar_hq/filing_documents/CIK0000201533/000095012401001548/k60932e10-k.txt,
medium,city_zip_found_street_pattern_unclear,inspect nearby text and add conservative parser pattern,sec_pit_0461,China Foods Holdings Ltd.,CFOO,2026-04-16,10-K,0001493152-26-016902,parse_review_needed,principal executive offices marker not parsed into domestic street/city/state/zip,"SUITE 3102, EVERBRIGHT CENTER 108 GLOUCESTER ROAD",WANCHAI,K3,0000,,,data/raw/sec_edgar_hq/filing_documents/CIK0001310630/000149315226016902/form10-k.htm,
medium,city_zip_found_street_pattern_unclear,inspect nearby text and add conservative parser pattern,sec_pit_0516,China Foods Holdings Ltd.,CFOO,2026-05-15,10-Q,0001493152-26-023674,parse_review_needed,principal executive offices marker not parsed into domestic street/city/state/zip,"SUITE 3102, EVERBRIGHT CENTER 108 GLOUCESTER ROAD",WANCHAI,K3,0000,,,data/raw/sec_edgar_hq/filing_documents/CIK0001310630/000149315226023674/form10-q.htm,
medium,city_zip_found_street_pattern_unclear,inspect nearby text and add conservative parser pattern,sec_pit_0462,ChowChow Cloud International Holdings Ltd,CHOW,2026-05-15,20-F,0001493152-26-023952,parse_review_needed,principal executive offices marker not parsed into domestic street/city/state/zip,"UNIT 03, 23/F., AITKEN VANSON CENTRE, NO. 61 HOI YUEN ROAD, KWUN TONG, KOWLOON",HONG KONG,K3,000000,,,data/raw/sec_edgar_hq/filing_documents/CIK0002041829/000149315226023952/form20-f.htm,
medium,city_zip_found_street_pattern_unclear,inspect nearby text and add conservative parser pattern,sec_pit_0117,"DELTA AIR LINES, INC.",DAL,2017-02-13,10-K,0000027904-17-000004,parse_review_needed,principal executive offices marker not parsed into domestic street/city/state/zip,HARTSFIELD-JACKSON ATLANTA INTL AIRPORT 1030 DELTA BOULEVARD,ATLANTA,GA,30354-1989,13121,Fulton County,data/raw/sec_edgar_hq/filing_documents/CIK0000027904/000002790417000004/dal1231201610k.htm,
medium,city_zip_found_street_pattern_unclear,inspect nearby text and add conservative parser pattern,sec_pit_0471,ENERGY CO OF MINAS GERAIS,CIG,2003-03-26,20-F,0000905148-03-001142,parse_review_needed,principal executive offices marker not parsed into domestic street/city/state/zip,C/O SUPER. RELACOES INVESTIDORES - RI 1200 AVENIDA BARBACENA,BELO HORIZONTE,,30190-131,,,data/raw/sec_edgar_hq/filing_documents/CIK0001157557/000090514803001142/efc3-0534_5123062form20f.txt,
medium,city_zip_found_street_pattern_unclear,inspect nearby text and add conservative parser pattern,sec_pit_0472,ENERGY CO OF MINAS GERAIS,CIG,2003-06-30,20-F,0001047469-03-022824,parse_review_needed,principal executive offices marker not parsed into domestic street/city/state/zip,C/O SUPER. RELACOES INVESTIDORES - RI 1200 AVENIDA BARBACENA,BELO HORIZONTE,,30190-131,,,data/raw/sec_edgar_hq/filing_documents/CIK0001157557/000104746903022824/a2114033z20-f.txt,
medium,city_zip_found_street_pattern_unclear,inspect nearby text and add conservative parser pattern,sec_pit_0473,ENERGY CO OF MINAS GERAIS,CIG,2004-07-01,20-F,0001047469-04-022325,parse_review_needed,principal executive offices marker not parsed into domestic street/city/state/zip,C/O SUPER. RELACOES INVESTIDORES - RI 1200 AVENIDA BARBACENA,BELO HORIZONTE,,30190-131,,,data/raw/sec_edgar_hq/filing_documents/CIK0001157557/000104746904022325/a2139629z20-f.htm,
medium,city_zip_found_street_pattern_unclear,inspect nearby text and add conservative parser pattern,sec_pit_0474,ENERGY CO OF MINAS GERAIS,CIG,2026-04-17,20-F,0001554855-26-000648,parse_review_needed,principal executive offices marker not parsed into domestic street/city/state/zip,C/O SUPER. RELACOES INVESTIDORES - RI 1200 AVENIDA BARBACENA,BELO HORIZONTE,,30190-131,,,data/raw/sec_edgar_hq/filing_documents/CIK0001157557/000155485526000648/cig-20251231.htm,
medium,city_zip_found_street_pattern_unclear,inspect nearby text and add conservative parser pattern,sec_pit_0152,Energy Services of America CORP,ESOA,2006-12-18,10-K,0000943374-06-001555,parse_review_needed,principal executive offices marker not parsed into domestic street/city/state/zip,75 WEST 3RD AVE.,HUNTINGTON,WV,25701,54011,Cabell County,data/raw/sec_edgar_hq/filing_documents/CIK0001357971/000094337406001555/form10k_dec2006.txt,
medium,city_zip_found_street_pattern_unclear,inspect nearby text and add conservative parser pattern,sec_pit_0190,HUNT J B TRANSPORT SERVICES INC,JBHT,2018-02-23,10-K,0001437749-18-003239,parse_review_needed,principal executive offices marker not parsed into domestic street/city/state/zip,615 JB HUNT CORPORATE DR PO BOX 130,LOWELL,AR,72745,05007,Benton County,data/raw/sec_edgar_hq/filing_documents/CIK0000728535/000143774918003239/jbht20171231_10k.htm,
medium,city_zip_found_street_pattern_unclear,inspect nearby text and add conservative parser pattern,sec_pit_0191,HUNT J B TRANSPORT SERVICES INC,JBHT,2026-02-24,10-K,0001437749-26-005294,parse_review_needed,principal executive offices marker not parsed into domestic street/city/state/zip,615 JB HUNT CORPORATE DR PO BOX 130,LOWELL,AR,72745,05007,Benton County,data/raw/sec_edgar_hq/filing_documents/CIK0000728535/000143774926005294/jbht20251231_10k.htm,
medium,city_zip_found_street_pattern_unclear,inspect nearby text and add conservative parser pattern,sec_pit_0203,Walmart Inc.,WMT,2023-03-17,10-K,0000104169-23-000020,parse_review_needed,principal executive offices marker not parsed into domestic street/city/state/zip,1 CUSTOMER DRIVE,BENTONVILLE,AR,72716,05007,Benton County,data/raw/sec_edgar_hq/filing_documents/CIK0000104169/000010416923000020/wmt-20230131.htm,
medium,city_zip_found_street_pattern_unclear,inspect nearby text and add conservative parser pattern,sec_pit_0204,Walmart Inc.,WMT,2024-03-15,10-K,0000104169-24-000056,parse_review_needed,principal executive offices marker not parsed into domestic street/city/state/zip,1 CUSTOMER DRIVE,BENTONVILLE,AR,72716,05007,Benton County,data/raw/sec_edgar_hq/filing_documents/CIK0000104169/000010416924000056/wmt-20240131.htm,
medium,fetch_or_cache_failure,refresh filing document or inspect alternate accession document,sec_pit_0500,"Allied Energy, Inc.",AGGI,2000-11-13,10-Q,0001103259-00-000037,fetch_failed_or_missing,cache-only mode skipped document fetch,104-360 COLLEGE STREET SUITE #251,TORONTO,,M5T 1S6,,,,cache-only mode skipped document fetch
medium,fetch_or_cache_failure,refresh filing document or inspect alternate accession document,sec_pit_0238,BLUE DOLPHIN ENERGY CO,BDCO,2000-08-21,10-Q,0000890566-00-001329,fetch_failed_or_missing,cache-only mode skipped document fetch,801 TRAVIS SUITE 2100,HOUSTON,TX,77002-5729,48201,Harris County,,cache-only mode skipped document fetch
medium,fetch_or_cache_failure,refresh filing document or inspect alternate accession document,sec_pit_0243,BRIDGFORD FOODS CORP,BRID,2000-06-09,10-Q,0001095811-00-001667,fetch_failed_or_missing,cache-only mode skipped document fetch,1308 N PATT ST P O BOX 3773,ANAHEIM,CA,92801,06059,Orange County,,cache-only mode skipped document fetch
medium,fetch_or_cache_failure,refresh filing document or inspect alternate accession document,sec_pit_0115,DATA I/O CORP,DAIO,2001-03-27,10-K,0000351998-01-000010,fetch_failed_or_missing,cache-only mode skipped document fetch,"6645 185TH AVE NE, SUITE 100",REDMOND,WA,98052,53033,King County,,cache-only mode skipped document fetch
