batch_id,queue_row_id,attempt_label,census_street,census_city,census_state,census_zip,repair_notes,address_key,entity_name,primary_ticker,filing_date,filing_accession,geocode_review_reason,current_snapshot_fips,current_snapshot_county_name
sec_pit_0006__001,sec_pit_0006,parsed_original,1479 North Clinton Avenue,Bay Shore,NY,11706,,1479 NORTH CLINTON AVENUE|BAY SHORE|NY|11706,AIR INDUSTRIES GROUP,AIRI,2008-04-14,0001193805-08-001100,,36103,Suffolk County
sec_pit_0006__002,sec_pit_0006,snapshot_street_after_parser_repair,1460 FIFTH AVENUE,Bay Shore,NY,11706,snapshot_street_check,1479 NORTH CLINTON AVENUE|BAY SHORE|NY|11706,AIR INDUSTRIES GROUP,AIRI,2008-04-14,0001193805-08-001100,,36103,Suffolk County
sec_pit_0007__003,sec_pit_0007,parsed_original,1479 North Clinton Avenue,Bay Shore,NY,11706,,1479 NORTH CLINTON AVENUE|BAY SHORE|NY|11706,AIR INDUSTRIES GROUP,AIRI,2008-04-17,0001193805-08-001135,,36103,Suffolk County
sec_pit_0007__004,sec_pit_0007,snapshot_street_after_parser_repair,1460 FIFTH AVENUE,Bay Shore,NY,11706,snapshot_street_check,1479 NORTH CLINTON AVENUE|BAY SHORE|NY|11706,AIR INDUSTRIES GROUP,AIRI,2008-04-17,0001193805-08-001135,,36103,Suffolk County
sec_pit_0231__005,sec_pit_0231,parsed_original,36743 Apple Inc. California 94-2404110 1 Infinite Loop,Cupertino,CA,95014,,36743 APPLE INC. CALIFORNIA 94-2404110 1 INFINITE LOOP|CUPERTINO|CA|95014,Apple Inc.,AAPL,2015-07-22,0001193125-15-259935,,06085,Santa Clara County
sec_pit_0231__006,sec_pit_0231,parser_repair,1 Infinite Loop,Cupertino,CA,95014,,36743 APPLE INC. CALIFORNIA 94-2404110 1 INFINITE LOOP|CUPERTINO|CA|95014,Apple Inc.,AAPL,2015-07-22,0001193125-15-259935,,06085,Santa Clara County
sec_pit_0231__007,sec_pit_0231,snapshot_street_after_parser_repair,ONE APPLE PARK WAY,Cupertino,CA,95014,snapshot_street_check,36743 APPLE INC. CALIFORNIA 94-2404110 1 INFINITE LOOP|CUPERTINO|CA|95014,Apple Inc.,AAPL,2015-07-22,0001193125-15-259935,,06085,Santa Clara County
sec_pit_0032__008,sec_pit_0032,parsed_original,36743 Apple Inc. California 94-2404110 1 Infinite Loop,Cupertino,CA,95014,,36743 APPLE INC. CALIFORNIA 94-2404110 1 INFINITE LOOP|CUPERTINO|CA|95014,Apple Inc.,AAPL,2015-10-28,0001193125-15-356351,,06085,Santa Clara County
sec_pit_0032__009,sec_pit_0032,parser_repair,1 Infinite Loop,Cupertino,CA,95014,,36743 APPLE INC. CALIFORNIA 94-2404110 1 INFINITE LOOP|CUPERTINO|CA|95014,Apple Inc.,AAPL,2015-10-28,0001193125-15-356351,,06085,Santa Clara County
sec_pit_0032__010,sec_pit_0032,snapshot_street_after_parser_repair,ONE APPLE PARK WAY,Cupertino,CA,95014,snapshot_street_check,36743 APPLE INC. CALIFORNIA 94-2404110 1 INFINITE LOOP|CUPERTINO|CA|95014,Apple Inc.,AAPL,2015-10-28,0001193125-15-356351,,06085,Santa Clara County
sec_pit_0036__011,sec_pit_0036,parsed_original,"Four Gatehall Drive, Suite 110",Parsippany,NJ,07054,,"FOUR GATEHALL DRIVE, SUITE 110|PARSIPPANY|NJ|07054","B&G Foods, Inc.",BGS,2006-03-07,0001104659-06-014414,,34027,Morris County
sec_pit_0036__012,sec_pit_0036,suite_stripped_parser_repair,Four Gatehall Drive,Parsippany,NJ,07054,suite_stripped,"FOUR GATEHALL DRIVE, SUITE 110|PARSIPPANY|NJ|07054","B&G Foods, Inc.",BGS,2006-03-07,0001104659-06-014414,,34027,Morris County
sec_pit_0036__013,sec_pit_0036,snapshot_street_after_parser_repair,8 SYLVAN WAY,Parsippany,NJ,07054,snapshot_street_check,"FOUR GATEHALL DRIVE, SUITE 110|PARSIPPANY|NJ|07054","B&G Foods, Inc.",BGS,2006-03-07,0001104659-06-014414,,34027,Morris County
sec_pit_0037__014,sec_pit_0037,parsed_original,"Four Gatehall Drive, Suite 110",Parsippany,NJ,07054,,"FOUR GATEHALL DRIVE, SUITE 110|PARSIPPANY|NJ|07054","B&G Foods, Inc.",BGS,2007-03-08,0001104659-07-017413,,34027,Morris County
sec_pit_0037__015,sec_pit_0037,suite_stripped_parser_repair,Four Gatehall Drive,Parsippany,NJ,07054,suite_stripped,"FOUR GATEHALL DRIVE, SUITE 110|PARSIPPANY|NJ|07054","B&G Foods, Inc.",BGS,2007-03-08,0001104659-07-017413,,34027,Morris County
sec_pit_0037__016,sec_pit_0037,snapshot_street_after_parser_repair,8 SYLVAN WAY,Parsippany,NJ,07054,snapshot_street_check,"FOUR GATEHALL DRIVE, SUITE 110|PARSIPPANY|NJ|07054","B&G Foods, Inc.",BGS,2007-03-08,0001104659-07-017413,,34027,Morris County
sec_pit_0237__017,sec_pit_0237,parsed_original,8 th Floor,Los Angeles,CA,90025,,8 TH FLOOR|LOS ANGELES|CA|90025,BARFRESH FOOD GROUP INC.,BRFH,2026-05-14,0001493152-26-023106,,06037,Los Angeles County
sec_pit_0237__018,sec_pit_0237,snapshot_street_after_parser_repair,"12100 WILSHIRE BOULEVARD, 8TH FLOOR",Los Angeles,CA,90025,snapshot_street_check,8 TH FLOOR|LOS ANGELES|CA|90025,BARFRESH FOOD GROUP INC.,BRFH,2026-05-14,0001493152-26-023106,,06037,Los Angeles County
sec_pit_0285__019,sec_pit_0285,parsed_original,"700 Milam Street, Suite 800",Houston,TX,77002,,"700 MILAM STREET, SUITE 800|HOUSTON|TX|77002","Cheniere Energy Partners, L.P.",CQP,2007-05-09,0001193125-07-106387,,48201,Harris County
sec_pit_0285__020,sec_pit_0285,suite_stripped_parser_repair,700 Milam Street,Houston,TX,77002,suite_stripped,"700 MILAM STREET, SUITE 800|HOUSTON|TX|77002","Cheniere Energy Partners, L.P.",CQP,2007-05-09,0001193125-07-106387,,48201,Harris County
sec_pit_0285__021,sec_pit_0285,snapshot_street_after_parser_repair,845 TEXAS AVENUE SUITE 1250,Houston,TX,77002,snapshot_street_check,"700 MILAM STREET, SUITE 800|HOUSTON|TX|77002","Cheniere Energy Partners, L.P.",CQP,2007-05-09,0001193125-07-106387,,48201,Harris County
sec_pit_0090__022,sec_pit_0090,parsed_original,"700 Milam Street, Suite 800",Houston,TX,77002,,"700 MILAM STREET, SUITE 800|HOUSTON|TX|77002","Cheniere Energy Partners, L.P.",CQP,2008-02-27,0001193125-08-039309,,48201,Harris County
sec_pit_0090__023,sec_pit_0090,suite_stripped_parser_repair,700 Milam Street,Houston,TX,77002,suite_stripped,"700 MILAM STREET, SUITE 800|HOUSTON|TX|77002","Cheniere Energy Partners, L.P.",CQP,2008-02-27,0001193125-08-039309,,48201,Harris County
sec_pit_0090__024,sec_pit_0090,snapshot_street_after_parser_repair,845 TEXAS AVENUE SUITE 1250,Houston,TX,77002,snapshot_street_check,"700 MILAM STREET, SUITE 800|HOUSTON|TX|77002","Cheniere Energy Partners, L.P.",CQP,2008-02-27,0001193125-08-039309,,48201,Harris County
sec_pit_0287__025,sec_pit_0287,parsed_original,"700 Milam Street, Suite 1900",Houston,TX,77002,,"700 MILAM STREET, SUITE 1900|HOUSTON|TX|77002","Cheniere Energy, Inc.",LNG,2015-04-30,0000003570-15-000084,,48201,Harris County
sec_pit_0287__026,sec_pit_0287,suite_stripped_parser_repair,700 Milam Street,Houston,TX,77002,suite_stripped,"700 MILAM STREET, SUITE 1900|HOUSTON|TX|77002","Cheniere Energy, Inc.",LNG,2015-04-30,0000003570-15-000084,,48201,Harris County
sec_pit_0287__027,sec_pit_0287,snapshot_street_after_parser_repair,845 TEXAS AVENUE SUITE 1250,Houston,TX,77002,snapshot_street_check,"700 MILAM STREET, SUITE 1900|HOUSTON|TX|77002","Cheniere Energy, Inc.",LNG,2015-04-30,0000003570-15-000084,,48201,Harris County
sec_pit_0092__028,sec_pit_0092,parsed_original,"700 Milam Street, Suite 1900",Houston,TX,77002,,"700 MILAM STREET, SUITE 1900|HOUSTON|TX|77002","Cheniere Energy, Inc.",LNG,2016-02-19,0000003570-16-000284,,48201,Harris County
sec_pit_0092__029,sec_pit_0092,suite_stripped_parser_repair,700 Milam Street,Houston,TX,77002,suite_stripped,"700 MILAM STREET, SUITE 1900|HOUSTON|TX|77002","Cheniere Energy, Inc.",LNG,2016-02-19,0000003570-16-000284,,48201,Harris County
sec_pit_0092__030,sec_pit_0092,snapshot_street_after_parser_repair,845 TEXAS AVENUE SUITE 1250,Houston,TX,77002,snapshot_street_check,"700 MILAM STREET, SUITE 1900|HOUSTON|TX|77002","Cheniere Energy, Inc.",LNG,2016-02-19,0000003570-16-000284,,48201,Harris County
sec_pit_0300__031,sec_pit_0300,parsed_original,804 Carnegie Center,Princeton,NJ,08540,,804 CARNEGIE CENTER|PRINCETON|NJ|08540,"Clearway Energy, Inc.",CWEN,2016-11-04,0001567683-16-000067,,34021,Mercer County
sec_pit_0300__032,sec_pit_0300,snapshot_street_after_parser_repair,"300 CARNEGIE CENTER, SUITE 300",Princeton,NJ,08540,snapshot_street_check,804 CARNEGIE CENTER|PRINCETON|NJ|08540,"Clearway Energy, Inc.",CWEN,2016-11-04,0001567683-16-000067,,34021,Mercer County
sec_pit_0103__033,sec_pit_0103,parsed_original,804 Carnegie Center,Princeton,NJ,08540,,804 CARNEGIE CENTER|PRINCETON|NJ|08540,"Clearway Energy, Inc.",CWEN,2017-02-28,0001567683-17-000010,,34021,Mercer County
sec_pit_0103__034,sec_pit_0103,snapshot_street_after_parser_repair,"300 CARNEGIE CENTER, SUITE 300",Princeton,NJ,08540,snapshot_street_check,804 CARNEGIE CENTER|PRINCETON|NJ|08540,"Clearway Energy, Inc.",CWEN,2017-02-28,0001567683-17-000010,,34021,Mercer County
sec_pit_0315__035,sec_pit_0315,parsed_original,"5424 DELTA AIR LINES, INC. Delaware 58-0218548 1030 Delta Boulevard",Atlanta,GA,30354,,"5424 DELTA AIR LINES, INC. DELAWARE 58-0218548 1030 DELTA BOULEVARD|ATLANTA|GA|30354-1989","DELTA AIR LINES, INC.",DAL,2026-04-08,0000027904-26-000022,,13121,Fulton County
sec_pit_0315__036,sec_pit_0315,parser_repair,1030 Delta Boulevard,Atlanta,GA,30354,,"5424 DELTA AIR LINES, INC. DELAWARE 58-0218548 1030 DELTA BOULEVARD|ATLANTA|GA|30354-1989","DELTA AIR LINES, INC.",DAL,2026-04-08,0000027904-26-000022,,13121,Fulton County
sec_pit_0315__037,sec_pit_0315,snapshot_street_after_parser_repair,HARTSFIELD-JACKSON ATLANTA INTL AIRPORT 1030 DELTA BOULEVARD,Atlanta,GA,30354,snapshot_street_check,"5424 DELTA AIR LINES, INC. DELAWARE 58-0218548 1030 DELTA BOULEVARD|ATLANTA|GA|30354-1989","DELTA AIR LINES, INC.",DAL,2026-04-08,0000027904-26-000022,,13121,Fulton County
sec_pit_0124__038,sec_pit_0124,parsed_original,"37591 DOMINION ENERGY GAS HOLDINGS, LLC 46-3639580 VIRGINIA 120 TREDEGAR STREET",RICHMOND,VA,23219,,"37591 DOMINION ENERGY GAS HOLDINGS, LLC 46-3639580 VIRGINIA 120 TREDEGAR STREET|RICHMOND|VA|23219","DOMINION ENERGY, INC",D,2018-02-27,0001193125-18-059578,,51760,Richmond city
sec_pit_0124__039,sec_pit_0124,parser_repair,120 TREDEGAR STREET,RICHMOND,VA,23219,,"37591 DOMINION ENERGY GAS HOLDINGS, LLC 46-3639580 VIRGINIA 120 TREDEGAR STREET|RICHMOND|VA|23219","DOMINION ENERGY, INC",D,2018-02-27,0001193125-18-059578,,51760,Richmond city
sec_pit_0124__040,sec_pit_0124,snapshot_street_after_parser_repair,600 EAST CANAL STREET,RICHMOND,VA,23219,snapshot_street_check,"37591 DOMINION ENERGY GAS HOLDINGS, LLC 46-3639580 VIRGINIA 120 TREDEGAR STREET|RICHMOND|VA|23219","DOMINION ENERGY, INC",D,2018-02-27,0001193125-18-059578,,51760,Richmond city
sec_pit_0131__041,sec_pit_0131,parsed_original,"5 th Avenue , Second Floor , Suite 2821",New York,NY,10001,,"5 TH AVENUE , SECOND FLOOR , SUITE 2821|NEW YORK|NY|10001",Data Storage Corp,DTST,2026-04-14,0001731122-26-000564,,36061,New York County
sec_pit_0131__042,sec_pit_0131,suite_stripped_parser_repair,"5 th Avenue , Second Floor",New York,NY,10001,suite_stripped,"5 TH AVENUE , SECOND FLOOR , SUITE 2821|NEW YORK|NY|10001",Data Storage Corp,DTST,2026-04-14,0001731122-26-000564,,36061,New York County
sec_pit_0131__043,sec_pit_0131,snapshot_street_after_parser_repair,"244 5TH AVENUE 2ND FL., SUITE 2821",New York,NY,10001,snapshot_street_check,"5 TH AVENUE , SECOND FLOOR , SUITE 2821|NEW YORK|NY|10001",Data Storage Corp,DTST,2026-04-14,0001731122-26-000564,,36061,New York County
sec_pit_0326__044,sec_pit_0326,parsed_original,"2 nd Fl, 2821",New York,NY,10001,,"2 ND FL, 2821|NEW YORK|NY|10001",Data Storage Corp,DTST,2026-05-15,0001731122-26-000732,,36061,New York County
sec_pit_0326__045,sec_pit_0326,parser_repair,2821,New York,NY,10001,,"2 ND FL, 2821|NEW YORK|NY|10001",Data Storage Corp,DTST,2026-05-15,0001731122-26-000732,,36061,New York County
sec_pit_0326__046,sec_pit_0326,snapshot_street_after_parser_repair,"244 5TH AVENUE 2ND FL., SUITE 2821",New York,NY,10001,snapshot_street_check,"2 ND FL, 2821|NEW YORK|NY|10001",Data Storage Corp,DTST,2026-05-15,0001731122-26-000732,,36061,New York County
sec_pit_0140__047,sec_pit_0140,parsed_original,550 South Tryon Street,Charlotte,NC,28202,,550 SOUTH TRYON STREET|CHARLOTTE|NC|28202-1803,Duke Energy CORP,DUK,2019-02-28,0001326160-19-000057,,37119,Mecklenburg County
sec_pit_0140__048,sec_pit_0140,snapshot_street_after_parser_repair,525 SOUTH TRYON STREET,Charlotte,NC,28202,snapshot_street_check,550 SOUTH TRYON STREET|CHARLOTTE|NC|28202-1803,Duke Energy CORP,DUK,2019-02-28,0001326160-19-000057,,37119,Mecklenburg County
sec_pit_0379__049,sec_pit_0379,parsed_original,43059 Delaware 39-3560171 8285 Tournament Drive,Memphis,TN,38125,,43059 DELAWARE 39-3560171 8285 TOURNAMENT DRIVE|MEMPHIS|TN|38125,"FedEx Freight Holding Company, Inc.",FDXF,2026-05-13,0001104659-26-060223,,47157,Shelby County
sec_pit_0379__050,sec_pit_0379,parser_repair,8285 Tournament Drive,Memphis,TN,38125,,43059 DELAWARE 39-3560171 8285 TOURNAMENT DRIVE|MEMPHIS|TN|38125,"FedEx Freight Holding Company, Inc.",FDXF,2026-05-13,0001104659-26-060223,,47157,Shelby County
sec_pit_0379__051,sec_pit_0379,snapshot_street_after_parser_repair,8525 TOURNAMENT DRIVE,Memphis,TN,38125,snapshot_street_check,43059 DELAWARE 39-3560171 8285 TOURNAMENT DRIVE|MEMPHIS|TN|38125,"FedEx Freight Holding Company, Inc.",FDXF,2026-05-13,0001104659-26-060223,,47157,Shelby County
sec_pit_0380__052,sec_pit_0380,parsed_original,43059 Delaware 39-3560171 8285 Tournament Drive,Memphis,TN,38125,,43059 DELAWARE 39-3560171 8285 TOURNAMENT DRIVE|MEMPHIS|TN|38125,"FedEx Freight Holding Company, Inc.",FDXF,2026-05-18,0001104659-26-063207,,47157,Shelby County
sec_pit_0380__053,sec_pit_0380,parser_repair,8285 Tournament Drive,Memphis,TN,38125,,43059 DELAWARE 39-3560171 8285 TOURNAMENT DRIVE|MEMPHIS|TN|38125,"FedEx Freight Holding Company, Inc.",FDXF,2026-05-18,0001104659-26-063207,,47157,Shelby County
sec_pit_0380__054,sec_pit_0380,snapshot_street_after_parser_repair,8525 TOURNAMENT DRIVE,Memphis,TN,38125,snapshot_street_check,43059 DELAWARE 39-3560171 8285 TOURNAMENT DRIVE|MEMPHIS|TN|38125,"FedEx Freight Holding Company, Inc.",FDXF,2026-05-18,0001104659-26-063207,,47157,Shelby County
sec_pit_0381__055,sec_pit_0381,parsed_original,Suite 1700,Houston,TX,77002,,SUITE 1700|HOUSTON|TX|77002,Fervo Energy Co,FRVO,2026-05-15,0001628280-26-035311,,48201,Harris County
sec_pit_0381__056,sec_pit_0381,snapshot_street_after_parser_repair,910 LOUISIANA STREET SUITE 4440,Houston,TX,77002,snapshot_street_check,SUITE 1700|HOUSTON|TX|77002,Fervo Energy Co,FRVO,2026-05-15,0001628280-26-035311,,48201,Harris County
sec_pit_0397__057,sec_pit_0397,parsed_original,"919 Milam, Suite 2100",Houston,TX,77002,,"919 MILAM, SUITE 2100|HOUSTON|TX|77002",GENESIS ENERGY LP,GEL,2012-05-04,0001193125-12-211623,,48201,Harris County
sec_pit_0397__058,sec_pit_0397,parser_repair,2100,Houston,TX,77002,,"919 MILAM, SUITE 2100|HOUSTON|TX|77002",GENESIS ENERGY LP,GEL,2012-05-04,0001193125-12-211623,,48201,Harris County
sec_pit_0397__059,sec_pit_0397,snapshot_street_after_parser_repair,"811 LOUISIANA ST, SUITE 1200",Houston,TX,77002,snapshot_street_check,"919 MILAM, SUITE 2100|HOUSTON|TX|77002",GENESIS ENERGY LP,GEL,2012-05-04,0001193125-12-211623,,48201,Harris County
sec_pit_0188__060,sec_pit_0188,parsed_original,"919 Milam, Suite 2100",Houston,TX,77002,,"919 MILAM, SUITE 2100|HOUSTON|TX|77002",GENESIS ENERGY LP,GEL,2013-02-26,0001022321-13-000017,,48201,Harris County
sec_pit_0188__061,sec_pit_0188,parser_repair,2100,Houston,TX,77002,,"919 MILAM, SUITE 2100|HOUSTON|TX|77002",GENESIS ENERGY LP,GEL,2013-02-26,0001022321-13-000017,,48201,Harris County
sec_pit_0188__062,sec_pit_0188,snapshot_street_after_parser_repair,"811 LOUISIANA ST, SUITE 1200",Houston,TX,77002,snapshot_street_check,"919 MILAM, SUITE 2100|HOUSTON|TX|77002",GENESIS ENERGY LP,GEL,2013-02-26,0001022321-13-000017,,48201,Harris County
sec_pit_0405__063,sec_pit_0405,parsed_original,200 Powell Place,Brentwood,TN,37027,,200 POWELL PLACE|BRENTWOOD|TN|37027,TRACTOR SUPPLY CO /DE/,TSCO,2013-05-06,0000916365-13-000016,,47187,Williamson County
sec_pit_0405__064,sec_pit_0405,snapshot_street_after_parser_repair,5401 VIRGINIA WAY,Brentwood,TN,37027,snapshot_street_check,200 POWELL PLACE|BRENTWOOD|TN|37027,TRACTOR SUPPLY CO /DE/,TSCO,2013-05-06,0000916365-13-000016,,47187,Williamson County
sec_pit_0196__065,sec_pit_0196,parsed_original,200 Powell Place,Brentwood,TN,37027,,200 POWELL PLACE|BRENTWOOD|TN|37027,TRACTOR SUPPLY CO /DE/,TSCO,2014-02-19,0000916365-14-000056,,47187,Williamson County
sec_pit_0196__066,sec_pit_0196,snapshot_street_after_parser_repair,5401 VIRGINIA WAY,Brentwood,TN,37027,snapshot_street_check,200 POWELL PLACE|BRENTWOOD|TN|37027,TRACTOR SUPPLY CO /DE/,TSCO,2014-02-19,0000916365-14-000056,,47187,Williamson County
